# Blender v3.2.1 OBJ File: "Ahsoka's Clone Trooper Head.blend"
# www.blender.org
mtllib Ahsoka's Clone Trooper Head.mtl
o M_MED_GrandScheme_LOD0.mo_M_MED_GrandScheme_LOD0.md
v 0.163154 152.036835 -1.850507
v -0.163154 152.031616 -1.850507
v -0.163154 152.031616 -1.524168
v 0.163154 152.036835 -1.524168
v -7.804983 142.815552 -5.306061
v -7.309901 142.828110 -5.177689
v -7.330211 142.602844 -5.098175
v 7.804983 142.815552 -5.306061
v 7.330211 142.602844 -5.098175
v 7.309901 142.828110 -5.177689
v -0.881201 145.008987 10.666351
v -0.881201 145.126358 10.544083
v -0.845038 145.131546 10.549072
v -0.845038 145.014160 10.671341
v -0.814380 145.146378 10.563248
v -0.814380 145.028992 10.685532
v -0.793895 145.168427 10.584473
v -0.793895 145.051071 10.706772
v -0.786702 145.194519 10.609543
v -0.786702 145.077179 10.731812
v -0.793895 145.103241 10.756851
v -0.793895 145.220612 10.634552
v -0.814380 145.125381 10.778076
v -0.814380 145.242767 10.655807
v -0.845038 145.257553 10.669968
v -0.845038 145.140137 10.792282
v -0.881201 145.262726 10.674973
v -0.881201 145.145264 10.797272
v -0.917365 145.140137 10.792282
v -0.917365 145.257553 10.669968
v -0.948023 145.125381 10.778076
v -0.948023 145.242767 10.655807
v -0.968507 145.220612 10.634552
v -0.968507 145.103241 10.756851
v -0.975700 145.194519 10.609543
v -0.975700 145.077179 10.731812
v -0.968507 145.051071 10.706772
v -0.968507 145.168427 10.584473
v -0.948023 145.028992 10.685532
v -0.948023 145.146378 10.563248
v -0.917365 145.014160 10.671341
v -0.917365 145.131546 10.549072
v 0.881201 145.008987 10.666351
v 0.845038 145.131546 10.549072
v 0.881201 145.126358 10.544083
v 0.845038 145.014160 10.671341
v 0.814380 145.146378 10.563248
v 0.814380 145.028992 10.685532
v 0.793895 145.168427 10.584473
v 0.793895 145.051071 10.706772
v 0.786702 145.194519 10.609543
v 0.786702 145.077179 10.731812
v 0.793895 145.103241 10.756851
v 0.793895 145.220612 10.634552
v 0.814380 145.125381 10.778076
v 0.814380 145.242767 10.655807
v 0.845038 145.257553 10.669968
v 0.845038 145.140137 10.792282
v 0.881201 145.262726 10.674973
v 0.881201 145.145264 10.797272
v 0.917365 145.140137 10.792282
v 0.917365 145.257553 10.669968
v 0.948023 145.125381 10.778076
v 0.948023 145.242767 10.655807
v 0.968507 145.220612 10.634552
v 0.968507 145.103241 10.756851
v 0.975700 145.194519 10.609543
v 0.975700 145.077179 10.731812
v 0.968507 145.051071 10.706772
v 0.968507 145.168427 10.584473
v 0.948023 145.028992 10.685532
v 0.948023 145.146378 10.563248
v 0.917365 145.014160 10.671341
v 0.917365 145.131546 10.549072
v -0.000000 162.286713 6.420746
v -0.783060 162.283600 6.393784
v -0.000000 161.687744 6.711685
v -0.857785 161.697403 6.652115
v -0.000000 160.545517 7.113876
v -1.193077 162.275238 6.353928
v -0.891973 160.551407 7.065323
v -0.000000 159.498459 7.305008
v -1.842704 161.687241 6.477768
v -0.913668 158.237274 7.299545
v 0.000000 158.237259 7.361099
v -0.909433 159.501877 7.258209
v -1.884935 160.536285 6.877686
v -1.919437 159.494339 7.061874
v -1.936440 158.237274 7.134995
v -2.753206 158.237274 6.891251
v -3.506253 159.490097 6.523666
v -3.533038 158.237274 6.584839
v -4.357735 158.237274 6.155869
v -3.444341 160.537964 6.347092
v -5.093970 159.493668 5.596832
v -5.117053 158.237274 5.661285
v -5.862973 158.237274 5.057907
v -5.002588 160.536545 5.437180
v -3.307338 161.669205 5.984451
v -4.802761 161.669937 5.110519
v -6.489968 159.493088 4.345047
v -6.529584 158.237289 4.394775
v -7.147500 158.237289 3.657944
v -6.369305 160.534622 4.211746
v -7.657554 159.496475 2.837173
v -7.713935 158.237289 2.877808
v -6.117079 161.664001 3.934845
v -7.499518 160.523880 2.722885
v -8.080031 158.873703 2.153839
v -8.080335 158.237289 2.235001
v -8.036513 158.237289 2.022232
v -8.102402 159.482330 2.014389
v -7.987750 158.837433 1.941818
v -8.418624 158.237305 1.061493
v -8.129218 159.826233 1.843384
v -7.946196 159.406631 1.778809
v -8.316293 159.338654 0.773758
v -8.722955 158.237305 0.119537
v -7.951165 159.702454 1.637802
v -8.179102 160.104401 1.595306
v -7.194710 161.662109 2.499680
v -7.990414 159.922791 1.414291
v -8.281636 160.318359 1.235519
v -8.090137 160.107056 1.083160
v -5.811695 162.621994 3.600220
v -7.994861 161.669037 0.861053
v -4.562974 162.627380 4.716537
v -6.835204 162.622681 2.236053
v -3.142073 162.627228 5.546722
v -5.439319 163.530380 3.191391
v -4.271336 163.531555 4.237930
v -1.800420 162.646317 6.000305
v -1.193077 162.787689 6.087967
v -2.942920 163.527176 5.017746
v -1.725799 163.559402 5.418503
v -1.197472 163.565308 5.573578
v -3.973994 164.258606 3.749847
v -2.737653 164.256470 4.474182
v -1.545328 164.265717 4.875854
v -1.208729 164.293488 4.976898
v -1.219775 164.965210 4.304382
v -2.505396 164.930756 3.859695
v -1.235744 165.574097 3.543198
v -2.248753 165.543396 3.180618
v -1.251194 166.114136 2.703079
v -3.637492 164.931381 3.197342
v -1.969824 166.087433 2.442703
v -1.273937 166.522842 1.910995
v -3.265589 165.542801 2.586899
v -5.059790 164.258774 2.775467
v -1.732856 166.469284 1.814911
v -1.280696 166.892136 1.045258
v -2.861480 166.086014 1.923859
v -2.067047 166.874435 0.620316
v -1.301852 167.189743 0.098572
v -2.518155 166.467422 1.359894
v -4.156696 165.543518 1.785461
v -3.641745 166.087036 1.221207
v -4.630999 164.932190 2.305313
v -3.204103 166.468857 0.741348
v -4.880991 165.550827 0.804916
v -5.441030 164.938950 1.214691
v -5.947275 164.264191 1.585220
v -6.395150 163.533691 1.913101
v -6.611192 164.261337 0.231857
v -7.585082 162.646973 0.672668
v -7.107340 163.532822 0.457077
v -6.050420 164.934174 -0.022675
v -7.546061 163.532471 -1.123627
v -8.065280 162.621857 -1.010406
v -7.018661 164.261856 -1.238510
v -8.490766 161.665588 -0.917557
v -8.221818 162.624786 -2.768341
v -8.656046 161.670792 -2.768051
v -7.692859 163.534088 -2.767914
v -6.422483 164.935577 -1.368378
v -7.156104 164.262375 -2.767746
v -7.545351 163.533859 -4.412064
v -5.430673 165.545502 -0.303818
v -7.018497 164.261871 -4.296967
v -4.299524 166.114136 0.377167
v -4.757439 166.088211 -0.609146
v -3.770223 166.467056 -0.009171
v -2.629030 166.874863 0.111694
v -5.763589 165.547363 -1.511887
v -2.077679 167.176178 -0.491974
v -1.338090 167.493546 -1.433884
v -3.100875 166.889145 -0.499359
v -2.450950 167.185913 -0.974625
v -4.198973 166.486557 -0.863434
v -3.445508 166.889145 -1.205002
v -1.677592 167.493530 -2.006424
v -1.356044 167.552155 -2.340195
v -2.723350 167.185913 -1.532364
v -5.047698 166.090637 -1.667755
v -4.457606 166.486603 -1.796539
v -3.657732 166.889160 -1.970657
v -2.891094 167.185913 -2.137543
v -1.780922 167.493530 -2.379227
v -3.729392 166.889206 -2.766922
v -1.815813 167.493530 -2.766922
v -1.371267 167.555054 -3.065430
v -2.947734 167.185944 -2.766922
v -1.780920 167.493561 -3.154602
v -1.388819 167.514191 -3.791534
v -2.891091 167.185928 -3.396286
v -2.723348 167.185913 -4.001465
v -3.657728 166.889191 -3.563171
v -4.544935 166.486557 -2.766922
v -2.450949 167.185928 -4.559204
v -1.409275 167.369354 -4.763412
v -5.170995 166.114166 -2.766922
v -4.457602 166.486572 -3.737305
v -3.445504 166.889160 -4.328827
v -5.878465 165.545990 -2.767532
v -5.050966 166.088165 -3.867462
v -4.198969 166.486572 -4.670395
v -6.549155 164.934998 -2.767639
v -5.765481 165.545578 -4.023453
v -6.423106 164.934341 -4.167023
v -4.750839 166.092728 -4.923172
v -5.426174 165.548920 -5.229568
v -6.048230 164.936661 -5.511887
v -6.610505 164.261658 -5.767212
v -4.888249 165.543930 -6.344803
v -5.444873 164.932968 -6.752701
v -4.283168 166.086411 -5.901520
v -3.769431 166.467529 -5.524658
v -3.642733 166.085938 -6.756729
v -3.100873 166.889191 -5.034470
v -3.205971 166.467056 -6.277298
v -2.637075 166.889206 -5.652969
v -2.084361 167.185944 -5.048065
v -1.423355 167.190598 -5.611206
v -2.071938 166.889221 -6.160553
v -1.438669 166.829453 -6.678726
v -2.517306 166.468185 -6.892609
v -1.734231 166.467880 -7.351410
v -1.451794 166.476227 -7.458191
v -2.860798 166.086807 -7.456787
v -1.970773 166.086472 -7.977982
v -1.462075 166.108719 -8.151382
v -4.157020 165.543503 -7.320541
v -3.264937 165.543427 -8.119873
v -2.249071 165.542892 -8.714386
v -1.468669 165.558838 -8.987473
v -4.630213 164.932693 -7.839539
v -3.637033 164.932220 -8.730576
v -2.505365 164.931717 -9.392639
v -1.479562 164.939987 -9.748154
v -5.948706 164.260712 -7.122009
v -5.058144 164.260147 -8.309082
v -3.973689 164.259415 -9.283310
v -2.737228 164.258926 -10.006363
v -1.488923 164.274704 -10.419525
v -1.495591 163.558380 -11.013062
v -2.942235 163.530777 -10.549347
v -5.436731 163.532547 -8.724777
v -1.942457 162.586151 -11.531921
v -1.483272 162.890213 -11.458557
v -4.271338 163.531204 -9.772385
v -3.142552 162.623993 -11.082458
v -4.562461 162.623901 -10.253250
v -0.921068 162.507858 -11.772644
v -0.991645 162.895828 -11.541473
v -0.000000 162.923904 -11.591629
v -0.000000 162.500244 -11.833679
v -2.067660 161.674500 -11.963730
v -0.855127 161.662476 -12.197342
v -0.000000 161.674545 -12.238510
v -0.000000 160.579651 -12.642532
v -0.885644 160.579514 -12.613464
v -0.860848 160.367050 -12.384155
v 0.000000 160.367020 -12.412750
v -0.000000 159.333023 -12.629303
v -2.198488 160.580200 -12.363052
v -3.308505 161.666626 -11.522980
v -2.137256 160.367340 -12.140213
v -3.447530 160.581863 -11.893265
v -4.803873 161.667480 -10.648956
v -0.880197 159.333054 -12.600067
v 0.000000 158.237366 -12.771027
v -0.893344 158.237366 -12.741287
v -1.758546 158.254166 -12.608307
v -2.185298 159.333221 -12.350677
v -2.655128 158.242569 -12.366394
v -3.351894 160.367828 -11.682556
v -3.427250 159.333527 -11.882767
v -3.476578 158.237335 -12.013824
v -4.290386 158.242325 -11.588791
v -4.869016 160.368683 -10.794662
v -4.971738 159.334076 -10.947540
v -5.050201 158.237366 -11.093018
v -5.776193 158.241730 -10.488586
v -5.007904 160.582870 -10.981155
v -6.201137 160.369553 -9.597687
v -6.340622 159.334579 -9.751144
v -6.431982 158.237335 -9.851654
v -7.043308 158.242004 -9.108658
v -7.460479 159.335144 -8.257278
v -7.573559 158.237335 -8.325012
v -8.027566 158.241516 -7.474365
v -8.293877 159.335602 -6.550354
v -8.413496 158.237350 -6.604858
v -8.720522 158.241821 -5.678757
v -7.296320 160.370453 -8.136612
v -6.374867 160.583176 -9.753479
v -8.807647 159.335922 -4.696243
v -8.935173 158.237305 -4.718964
v -9.065948 158.237289 -3.730042
v -8.111345 160.371140 -6.467194
v -7.497180 160.583481 -8.256927
v -6.115405 161.671310 -9.470963
v -8.331440 160.583710 -6.548889
v -5.808335 162.625839 -9.134674
v -7.193488 161.671417 -8.035873
v -6.832335 162.625504 -7.771667
v -7.999011 161.660568 -6.398911
v -6.394402 163.533096 -7.448959
v -7.596931 162.619217 -6.216507
v -7.107820 163.530914 -5.993195
v -8.063498 162.624405 -4.525940
v -8.489192 161.670120 -4.618500
v -9.018858 160.583908 -2.766937
v -8.845310 160.583893 -4.695084
v -8.613788 160.371613 -4.653824
v -8.783545 160.371780 -2.766937
v -8.981235 159.335999 -2.766937
v -9.110818 158.237305 -2.766953
v -9.056167 158.237305 -1.817947
v -8.600961 160.328781 -0.886246
v -8.757798 159.306671 -0.851334
v -8.934723 158.237305 -0.809860
v -8.820007 160.574173 -0.839737
v -8.347812 160.264252 0.182465
v -8.560620 160.511642 0.288208
v -8.204546 160.206131 0.697769
v -8.418350 160.434570 0.778503
v 0.783060 162.283600 6.393784
v 0.857785 161.697403 6.652115
v 1.193077 162.275238 6.353928
v 0.891973 160.551407 7.065323
v 1.842704 161.687241 6.477768
v 0.913668 158.237274 7.299545
v 0.909433 159.501877 7.258209
v 1.884935 160.536285 6.877686
v 1.919437 159.494339 7.061874
v 1.936440 158.237274 7.134995
v 2.753206 158.237274 6.891251
v 3.506253 159.490097 6.523666
v 3.533038 158.237274 6.584839
v 4.357735 158.237274 6.155869
v 3.444341 160.537964 6.347092
v 5.093970 159.493668 5.596832
v 5.117053 158.237274 5.661285
v 5.862973 158.237274 5.057907
v 5.002588 160.536545 5.437180
v 3.307338 161.669205 5.984451
v 4.802761 161.669937 5.110519
v 6.369305 160.534622 4.211746
v 6.489968 159.493088 4.345047
v 6.529584 158.237289 4.394775
v 7.147500 158.237289 3.657944
v 7.657554 159.496475 2.837173
v 7.713935 158.237289 2.877808
v 6.117079 161.664001 3.934845
v 7.499518 160.523880 2.722885
v 8.080031 158.873703 2.153839
v 8.080335 158.237289 2.235001
v 8.036513 158.237289 2.022232
v 8.102402 159.482330 2.014389
v 7.987750 158.837433 1.941818
v 8.418624 158.237305 1.061493
v 8.129218 159.826233 1.843384
v 7.946196 159.406631 1.778809
v 8.316293 159.338654 0.773758
v 8.722955 158.237305 0.119537
v 7.951165 159.702454 1.637802
v 8.179102 160.104401 1.595306
v 7.194710 161.662109 2.499680
v 7.990414 159.922791 1.414291
v 8.281636 160.318359 1.235519
v 8.090137 160.107056 1.083160
v 5.811695 162.621994 3.600220
v 7.994861 161.669037 0.861053
v 4.562974 162.627380 4.716537
v 6.835204 162.622681 2.236053
v 5.439319 163.530380 3.191391
v 3.142073 162.627228 5.546722
v 4.271336 163.531555 4.237930
v 1.800420 162.646317 6.000305
v 1.193077 162.787689 6.087967
v 2.942920 163.527176 5.017746
v 1.725799 163.559402 5.418503
v 1.197472 163.565308 5.573578
v 3.973994 164.258606 3.749847
v 2.737653 164.256470 4.474182
v 1.545328 164.265717 4.875854
v 1.208729 164.293488 4.976898
v 1.219775 164.965210 4.304382
v 2.505396 164.930756 3.859695
v 1.235744 165.574097 3.543198
v 2.248753 165.543396 3.180618
v 1.251194 166.114136 2.703079
v 3.637492 164.931381 3.197342
v 1.969824 166.087433 2.442703
v 1.273937 166.522842 1.910995
v 3.265589 165.542801 2.586899
v 5.059790 164.258774 2.775467
v 1.732856 166.469284 1.814911
v 1.280696 166.892136 1.045258
v 2.861480 166.086014 1.923859
v 2.067047 166.874435 0.620316
v 1.301852 167.189743 0.098572
v 2.518155 166.467422 1.359894
v 2.077679 167.176178 -0.491974
v 1.338090 167.493546 -1.433884
v 3.204103 166.468857 0.741348
v 2.629030 166.874863 0.111694
v 3.641745 166.087036 1.221207
v 4.156696 165.543518 1.785461
v 4.299524 166.114136 0.377167
v 4.630999 164.932190 2.305313
v 4.880991 165.550827 0.804916
v 5.441030 164.938950 1.214691
v 5.947275 164.264191 1.585220
v 6.395150 163.533691 1.913101
v 6.611192 164.261337 0.231857
v 7.585082 162.646973 0.672668
v 7.107340 163.532822 0.457077
v 6.050420 164.934174 -0.022675
v 7.546061 163.532471 -1.123627
v 5.430673 165.545502 -0.303818
v 7.018661 164.261856 -1.238510
v 6.422483 164.935577 -1.368378
v 4.757439 166.088211 -0.609146
v 5.763589 165.547363 -1.511887
v 7.156104 164.262375 -2.767746
v 3.770223 166.467056 -0.009171
v 3.100875 166.889145 -0.499359
v 4.198973 166.486557 -0.863434
v 2.450950 167.185913 -0.974625
v 3.445508 166.889145 -1.205002
v 5.047698 166.090637 -1.667755
v 4.457606 166.486603 -1.796539
v 2.723350 167.185913 -1.532364
v 1.677592 167.493530 -2.006424
v 1.356044 167.552155 -2.340195
v 3.657732 166.889160 -1.970657
v 2.891094 167.185913 -2.137543
v 1.780922 167.493530 -2.379227
v 1.815813 167.493530 -2.766922
v 1.371267 167.555054 -3.065430
v 2.947734 167.185944 -2.766922
v 1.780920 167.493561 -3.154602
v 1.388819 167.514191 -3.791534
v 3.729392 166.889206 -2.766922
v 2.891091 167.185928 -3.396286
v 2.723348 167.185913 -4.001465
v 4.544935 166.486557 -2.766922
v 3.657728 166.889191 -3.563171
v 5.170995 166.114166 -2.766922
v 4.457602 166.486572 -3.737305
v 3.445504 166.889160 -4.328827
v 2.450949 167.185928 -4.559204
v 1.409275 167.369354 -4.763412
v 4.198969 166.486572 -4.670395
v 2.084361 167.185944 -5.048065
v 1.423355 167.190598 -5.611206
v 3.100873 166.889191 -5.034470
v 2.071938 166.889221 -6.160553
v 1.438669 166.829453 -6.678726
v 2.637075 166.889206 -5.652969
v 3.769431 166.467529 -5.524658
v 3.205971 166.467056 -6.277298
v 2.517306 166.468185 -6.892609
v 1.734231 166.467880 -7.351410
v 1.451794 166.476227 -7.458191
v 3.642733 166.085938 -6.756729
v 1.970773 166.086472 -7.977982
v 1.462075 166.108719 -8.151382
v 2.860798 166.086807 -7.456787
v 2.249071 165.542892 -8.714386
v 1.468669 165.558838 -8.987473
v 3.264937 165.543427 -8.119873
v 2.505365 164.931717 -9.392639
v 1.479562 164.939987 -9.748154
v 3.637033 164.932220 -8.730576
v 4.157020 165.543503 -7.320541
v 4.630213 164.932693 -7.839539
v 2.737228 164.258926 -10.006363
v 1.488923 164.274704 -10.419525
v 1.495591 163.558380 -11.013062
v 3.973689 164.259415 -9.283310
v 2.942235 163.530777 -10.549347
v 1.942457 162.586151 -11.531921
v 1.483272 162.890213 -11.458557
v 4.271338 163.531204 -9.772385
v 0.921068 162.507858 -11.772644
v 0.991645 162.895828 -11.541473
v 3.142552 162.623993 -11.082458
v 2.067660 161.674500 -11.963730
v 0.855127 161.662476 -12.197342
v 0.885644 160.579514 -12.613464
v 0.860848 160.367050 -12.384155
v 2.198488 160.580200 -12.363052
v 3.308505 161.666626 -11.522980
v 0.880197 159.333054 -12.600067
v 0.893344 158.237366 -12.741287
v 1.758546 158.254166 -12.608307
v 2.137256 160.367340 -12.140213
v 2.185298 159.333221 -12.350677
v 2.655128 158.242569 -12.366394
v 3.447530 160.581863 -11.893265
v 3.351894 160.367828 -11.682556
v 3.427250 159.333527 -11.882767
v 3.476578 158.237335 -12.013824
v 4.290386 158.242325 -11.588791
v 4.869016 160.368683 -10.794662
v 4.971738 159.334076 -10.947540
v 5.050201 158.237366 -11.093018
v 5.776193 158.241730 -10.488586
v 6.340622 159.334579 -9.751144
v 6.431982 158.237335 -9.851654
v 7.043308 158.242004 -9.108658
v 6.201137 160.369553 -9.597687
v 7.460479 159.335144 -8.257278
v 7.573559 158.237335 -8.325012
v 8.027566 158.241516 -7.474365
v 5.007904 160.582870 -10.981155
v 8.293877 159.335602 -6.550354
v 8.413496 158.237350 -6.604858
v 8.720522 158.241821 -5.678757
v 7.296320 160.370453 -8.136612
v 6.374867 160.583176 -9.753479
v 8.807647 159.335922 -4.696243
v 8.935173 158.237305 -4.718964
v 9.065948 158.237289 -3.730042
v 8.111345 160.371140 -6.467194
v 7.497180 160.583481 -8.256927
v 6.115405 161.671310 -9.470963
v 4.803873 161.667480 -10.648956
v 7.193488 161.671417 -8.035873
v 4.562461 162.623901 -10.253250
v 5.808335 162.625839 -9.134674
v 5.436731 163.532547 -8.724777
v 6.832335 162.625504 -7.771667
v 5.058144 164.260147 -8.309082
v 6.394402 163.533096 -7.448959
v 5.948706 164.260712 -7.122009
v 5.444873 164.932968 -6.752701
v 7.107820 163.530914 -5.993195
v 4.888249 165.543930 -6.344803
v 6.610505 164.261658 -5.767212
v 6.048230 164.936661 -5.511887
v 4.283168 166.086411 -5.901520
v 5.426174 165.548920 -5.229568
v 4.750839 166.092728 -4.923172
v 6.423106 164.934341 -4.167023
v 5.050966 166.088165 -3.867462
v 5.765481 165.545578 -4.023453
v 5.878465 165.545990 -2.767532
v 6.549155 164.934998 -2.767639
v 7.018497 164.261871 -4.296967
v 7.692859 163.534088 -2.767914
v 7.545351 163.533859 -4.412064
v 8.221818 162.624786 -2.768341
v 8.063498 162.624405 -4.525940
v 8.065280 162.621857 -1.010406
v 8.656046 161.670792 -2.768051
v 8.490766 161.665588 -0.917557
v 8.489192 161.670120 -4.618500
v 7.596931 162.619217 -6.216507
v 7.999011 161.660568 -6.398911
v 9.018858 160.583908 -2.766937
v 8.845310 160.583893 -4.695084
v 8.331440 160.583710 -6.548889
v 8.613788 160.371613 -4.653824
v 8.783545 160.371780 -2.766937
v 8.981235 159.335999 -2.766937
v 9.110818 158.237305 -2.766953
v 9.056167 158.237305 -1.817947
v 8.600961 160.328781 -0.886246
v 8.757798 159.306671 -0.851334
v 8.934723 158.237305 -0.809860
v 8.820007 160.574173 -0.839737
v 8.347812 160.264252 0.182465
v 8.560620 160.511642 0.288208
v 8.204546 160.206131 0.697769
v 8.418350 160.434570 0.778503
v -1.136068 145.167603 9.383163
v -0.686308 145.167603 9.383163
v -1.136068 144.940384 9.231354
v -0.686308 144.940384 9.231354
v -1.136068 144.672379 9.178055
v -0.642121 145.356995 9.193756
v -0.686308 144.672379 9.178055
v -1.136068 144.404404 9.231354
v -0.642121 145.042877 8.983887
v -0.392647 145.356995 9.193756
v -0.686308 144.404404 9.231354
v -1.136068 144.282822 9.293701
v -0.642121 144.672379 8.910187
v -0.642121 144.301941 8.983887
v -0.686308 144.282822 9.293701
v -0.392647 145.042877 8.983887
v -0.392647 144.672379 8.910187
v -0.355663 145.009140 9.065460
v -0.355663 145.294571 9.256195
v 0.355663 145.294571 9.256195
v -0.355663 144.672394 8.998474
v 0.355663 145.009140 9.065460
v 0.392647 145.356995 9.193756
v -0.392647 144.301941 8.983887
v 0.355663 144.672394 8.998474
v 0.392647 145.042877 8.983887
v 0.642121 145.042877 8.983887
v 0.642121 145.356995 9.193756
v 0.392647 144.672379 8.910187
v -0.355663 144.335663 9.065460
v 0.355663 144.335663 9.065460
v -0.355663 144.182953 9.143784
v -0.392647 144.133850 9.070084
v -0.642121 144.133850 9.070084
v -0.392647 143.987808 9.193756
v -0.642121 143.987808 9.193756
v -0.686308 144.177200 9.383163
v -1.136068 144.177200 9.383163
v -1.136068 144.088745 9.487274
v -0.686308 144.088745 9.487274
v -0.642121 143.865509 9.337692
v -0.686308 144.025406 9.610352
v -1.136068 144.025406 9.610352
v -0.642121 143.777924 9.507843
v -0.686308 143.983521 9.740387
v -1.136068 143.983521 9.740387
v -1.136068 143.972076 9.878342
v -0.686308 143.972076 9.878342
v -1.136068 143.983185 10.014511
v -0.642121 143.720047 9.687637
v -0.642121 143.704254 9.878342
v -0.686308 143.983185 10.014511
v -0.686308 144.025406 10.146332
v -1.136068 144.025406 10.146332
v -1.136068 144.087708 10.267944
v -0.642121 143.719574 10.066589
v -0.642121 143.777924 10.248840
v -0.686308 144.087708 10.267944
v -0.686308 144.177200 10.373520
v -1.136068 144.177200 10.373520
v -1.136068 144.281464 10.461563
v -0.642121 143.864059 10.416977
v -0.642121 143.987808 10.562927
v -0.686308 144.281464 10.461563
v -0.686308 144.404388 10.525299
v -1.136068 144.404388 10.525299
v -0.642121 144.131958 10.684647
v -0.686308 144.534821 10.569916
v -1.136068 144.534821 10.569916
v -0.642121 144.301941 10.772797
v -1.136068 144.672379 10.578629
v -0.686308 144.672379 10.578629
v -1.136068 144.810333 10.566742
v -0.642121 144.482224 10.834442
v -0.642121 144.672363 10.846497
v -0.686308 144.810333 10.566742
v -0.686308 144.940338 10.525299
v -1.136068 144.940338 10.525299
v -1.136068 145.063477 10.462036
v -0.642121 144.863129 10.830093
v -0.642121 145.042892 10.772797
v -0.686308 145.063477 10.462036
v -0.686308 145.167603 10.373520
v -1.136068 145.167603 10.373520
v -1.136068 145.257034 10.267899
v -0.642121 145.213074 10.685303
v -0.642121 145.356995 10.562927
v -0.686308 145.257034 10.267899
v -0.686308 145.319366 10.146332
v -1.136068 145.319366 10.146332
v -1.136068 145.372711 9.878342
v -0.642121 145.480652 10.416901
v -0.686308 145.372711 9.878342
v -1.136068 145.319366 9.610352
v -0.642121 145.566864 10.248840
v -0.686308 145.319366 9.610352
v -0.642121 145.566849 9.507858
v -0.642121 145.640533 9.878326
v -0.392647 145.566849 9.507858
v -0.392647 145.640533 9.878326
v -0.392647 145.566864 10.248840
v -0.355663 145.485291 9.541641
v -0.355663 145.552292 9.878342
v 0.355663 145.485291 9.541641
v 0.355663 145.552292 9.878342
v 0.392647 145.566849 9.507858
v 0.392647 145.640533 9.878326
v 0.642121 145.566849 9.507858
v 0.686308 145.167603 9.383163
v 0.642121 145.640533 9.878326
v 1.136068 145.167603 9.383163
v 1.136068 145.319366 9.610352
v 0.686308 145.319366 9.610352
v 1.136068 145.372711 9.878342
v 0.686308 145.372711 9.878342
v 1.136068 145.319366 10.146332
v 0.642121 145.566864 10.248840
v 0.686308 145.319366 10.146332
v 1.136068 145.257034 10.267899
v 0.392647 145.566864 10.248840
v 0.686308 145.257034 10.267899
v 0.642121 145.480652 10.416901
v 0.686308 145.167603 10.373520
v 1.136068 145.167603 10.373520
v 1.136068 145.063477 10.462036
v 0.642121 145.356995 10.562927
v 0.686308 145.063477 10.462036
v 0.686308 144.940338 10.525299
v 1.136068 144.940338 10.525299
v 1.136068 144.810333 10.566742
v 0.642121 145.213074 10.685303
v 0.642121 145.042892 10.772797
v 0.686308 144.810333 10.566742
v 0.686308 144.672379 10.578629
v 1.136068 144.672379 10.578629
v 0.642121 144.863129 10.830093
v 0.686308 144.534821 10.569916
v 1.136068 144.534821 10.569916
v 0.642121 144.672363 10.846497
v 1.136068 144.404388 10.525299
v 0.686308 144.404388 10.525299
v 1.136068 144.281464 10.461563
v 0.642121 144.482224 10.834442
v 0.642121 144.301941 10.772797
v 0.686308 144.281464 10.461563
v 0.686308 144.177200 10.373520
v 1.136068 144.177200 10.373520
v 1.136068 144.087708 10.267944
v 0.642121 144.131958 10.684647
v 0.642121 143.987808 10.562927
v 0.686308 144.087708 10.267944
v 0.686308 144.025406 10.146332
v 1.136068 144.025406 10.146332
v 1.136068 143.983185 10.014511
v 0.642121 143.864059 10.416977
v 0.642121 143.777924 10.248840
v 0.686308 143.983185 10.014511
v 0.686308 143.972076 9.878342
v 1.136068 143.972076 9.878342
v 0.642121 143.719574 10.066589
v 0.686308 143.983521 9.740387
v 1.136068 143.983521 9.740387
v 0.642121 143.704254 9.878342
v 1.136068 144.025406 9.610352
v 0.686308 144.025406 9.610352
v 1.136068 144.088745 9.487274
v 0.642121 143.720047 9.687637
v 0.642121 143.777924 9.507843
v 0.686308 144.088745 9.487274
v 0.686308 144.177200 9.383163
v 1.136068 144.177200 9.383163
v 1.136068 144.282822 9.293701
v 0.642121 143.865509 9.337692
v 0.642121 143.987808 9.193756
v 0.686308 144.282822 9.293701
v 0.686308 144.404404 9.231354
v 1.136068 144.404404 9.231354
v 1.136068 144.672379 9.178055
v 0.642121 144.133850 9.070084
v 0.686308 144.672379 9.178055
v 1.136068 144.940384 9.231354
v 0.642121 144.301941 8.983887
v 0.686308 144.940384 9.231354
v 0.642121 144.672379 8.910187
v 0.392647 144.301941 8.983887
v 0.392647 144.133850 9.070084
v 0.355663 144.182953 9.143784
v 0.392647 143.987808 9.193756
v 0.355663 144.050247 9.256180
v -0.355663 144.050247 9.256180
v 0.392647 143.865509 9.337692
v -0.355663 143.939148 9.387024
v 0.355663 143.939148 9.387024
v 0.392647 143.777924 9.507843
v 0.355663 143.859528 9.541626
v 0.392647 143.720047 9.687637
v 0.355663 143.806885 9.705017
v 0.392647 143.704254 9.878342
v -0.355663 143.806885 9.705017
v 0.392647 143.719574 10.066589
v -0.355663 143.859528 9.541626
v 0.355663 143.792511 9.878342
v 0.355663 143.806458 10.049423
v 0.392647 143.777924 10.248840
v -0.355663 143.806458 10.049423
v 0.392647 143.864059 10.416977
v -0.355663 143.792511 9.878342
v 0.355663 143.859528 10.215057
v 0.355663 143.937805 10.367859
v 0.392647 143.987808 10.562927
v -0.355663 143.937805 10.367859
v 0.392647 144.131958 10.684647
v -0.355663 143.859528 10.215057
v 0.355663 144.050247 10.500488
v 0.355663 144.181229 10.611115
v 0.392647 144.301941 10.772797
v -0.355663 144.181229 10.611115
v 0.392647 144.482224 10.834442
v -0.355663 144.050247 10.500488
v 0.355663 144.335678 10.691223
v 0.355663 144.499542 10.747269
v 0.392647 144.672363 10.846497
v -0.355663 144.499542 10.747269
v 0.392647 144.863129 10.830093
v -0.355663 144.335678 10.691223
v 0.355663 144.672379 10.758209
v 0.355663 144.845749 10.743301
v 0.392647 145.042892 10.772797
v -0.355663 144.845749 10.743301
v 0.392647 145.213074 10.685303
v -0.355663 144.672379 10.758209
v 0.355663 145.009125 10.691254
v 0.355663 145.163773 10.611725
v 0.392647 145.356995 10.562927
v 0.392647 145.480652 10.416901
v 0.355663 145.406937 10.367783
v 0.355663 145.294571 10.500504
v 0.355663 145.485291 10.215057
v -0.355663 145.485291 10.215057
v -0.355663 145.406937 10.367783
v -0.392647 145.480652 10.416901
v -0.355663 145.294571 10.500504
v -0.392647 145.356995 10.562927
v -0.355663 145.163773 10.611725
v -0.392647 145.213074 10.685303
v -0.392647 145.042892 10.772797
v -0.355663 145.009125 10.691254
v -0.392647 144.863129 10.830093
v -0.392647 144.672363 10.846497
v -0.392647 144.482224 10.834442
v -0.392647 144.301941 10.772797
v -0.392647 144.131958 10.684647
v -0.392647 143.987808 10.562927
v -0.392647 143.864059 10.416977
v -0.392647 143.777924 10.248840
v -0.392647 143.719574 10.066589
v -0.392647 143.704254 9.878342
v -0.392647 143.720047 9.687637
v -0.392647 143.777924 9.507843
v -0.392647 143.865509 9.337692
v -7.886581 158.171799 -8.517685
v -7.341684 158.171799 -9.338165
v -7.898720 157.605759 -8.523880
v -6.708808 158.171783 -10.088242
v -7.353179 157.584229 -9.345276
v -7.622549 157.515335 -8.780411
v -6.027509 158.171799 -10.777176
v -6.719591 157.584229 -10.096222
v -7.242469 157.516602 -9.261902
v -7.120999 157.047043 -8.878372
v -8.225719 156.156830 -8.331665
v -6.610943 157.516602 -9.996750
v -7.641982 155.494614 -8.317032
v -8.684454 155.900803 -7.515991
v -6.503176 157.041428 -9.578903
v -8.035285 155.200195 -7.528732
v -9.293609 155.461823 -6.338760
v -8.486066 154.901596 -6.699036
v -6.696386 155.380112 -9.474823
v -7.586772 153.694336 -8.446899
v -8.065342 153.696762 -7.564133
v -8.526892 153.704483 -6.715836
v -8.665607 151.234406 -6.783447
v -8.189364 151.229675 -7.608856
v -8.764995 149.503677 -6.857056
v -7.706579 151.210968 -8.459427
v -8.311624 149.482544 -7.658829
v -9.535321 148.506287 -7.305161
v -9.743505 148.660233 -6.322754
v -10.189009 147.698120 -6.578598
v -9.943501 147.637421 -7.482162
v -10.507528 146.582275 -6.803696
v -9.237421 148.468918 -8.179657
v -10.150674 146.517593 -7.657410
v -10.510729 145.555084 -6.879425
v -9.615446 147.578217 -8.362137
v -7.838055 149.465103 -8.479401
v -8.879756 148.428802 -8.988495
v -9.771232 146.494644 -8.493515
v -9.218458 147.520691 -9.203690
v -8.436199 148.377106 -9.748047
v -7.342840 149.474518 -9.281219
v -7.127963 151.185181 -9.352341
v -8.717642 147.465103 -9.982315
v -6.856106 153.677246 -9.445999
v -7.892975 148.344879 -10.427689
v -6.692241 149.535904 -10.201736
v -6.337872 151.163391 -10.341980
v -5.832659 153.622437 -10.491608
v -5.469858 155.286591 -10.598083
v -5.562325 153.627655 -11.350769
v -5.697331 157.049942 -10.297104
v -5.933430 157.516602 -10.669647
v -5.150328 157.027115 -10.704498
v -6.037456 157.584213 -10.785965
v -5.281435 157.584213 -11.387863
v -5.195166 157.516586 -11.269653
v -5.174646 155.351288 -11.271729
v -4.799367 157.203247 -11.196060
v -4.408182 157.516586 -11.782394
v -5.272392 158.171814 -11.378311
v -4.488020 157.584213 -11.919495
v -4.479989 158.171814 -11.909302
v -3.639071 157.584213 -12.348557
v -3.632115 158.171783 -12.337799
v -2.758260 158.171814 -12.690002
v -2.764065 157.584229 -12.701187
v -1.850985 158.171814 -12.929077
v -1.855593 157.584244 -12.940613
v -2.732550 157.516632 -12.605759
v -0.928881 158.171814 -13.088074
v -0.932250 157.605774 -13.099777
v -0.000000 158.171814 -13.128738
v -0.000000 157.605759 -13.140625
v 0.928881 158.171814 -13.088074
v 1.850985 158.171814 -12.929077
v 0.932250 157.605774 -13.099777
v 2.758260 158.171814 -12.690002
v 1.855593 157.584244 -12.940613
v 3.632115 158.171783 -12.337799
v 2.764065 157.584229 -12.701187
v 4.479989 158.171814 -11.909302
v 3.639071 157.584213 -12.348557
v 5.272392 158.171814 -11.378311
v 4.488020 157.584213 -11.919495
v 6.027509 158.171799 -10.777176
v 5.281435 157.584213 -11.387863
v 6.708808 158.171783 -10.088242
v 7.886581 158.171799 -8.517685
v 7.341684 158.171799 -9.338165
v 7.898720 157.605759 -8.523880
v 7.353179 157.584229 -9.345276
v 7.622549 157.515335 -8.780411
v 6.719591 157.584229 -10.096222
v 7.242469 157.516602 -9.261902
v 6.037456 157.584213 -10.785965
v 5.933430 157.516602 -10.669647
v 6.610943 157.516602 -9.996750
v 7.120999 157.047043 -8.878372
v 8.225719 156.156830 -8.331665
v 6.503176 157.041428 -9.578903
v 5.697331 157.049942 -10.297104
v 6.696386 155.380112 -9.474823
v 7.641982 155.494614 -8.317032
v 8.684454 155.900803 -7.515991
v 8.035285 155.200195 -7.528732
v 9.293609 155.461823 -6.338760
v 8.486066 154.901596 -6.699036
v 7.586772 153.694336 -8.446899
v 8.065342 153.696762 -7.564133
v 8.526892 153.704483 -6.715836
v 8.665607 151.234406 -6.783447
v 8.189364 151.229675 -7.608856
v 8.764995 149.503677 -6.857056
v 7.706579 151.210968 -8.459427
v 8.311624 149.482544 -7.658829
v 9.535321 148.506287 -7.305161
v 9.743505 148.660233 -6.322754
v 10.189009 147.698120 -6.578598
v 9.943501 147.637421 -7.482162
v 10.507528 146.582275 -6.803696
v 9.237421 148.468918 -8.179657
v 10.150674 146.517593 -7.657410
v 10.510729 145.555084 -6.879425
v 9.615446 147.578217 -8.362137
v 7.838055 149.465103 -8.479401
v 8.879756 148.428802 -8.988495
v 9.771232 146.494644 -8.493515
v 9.218458 147.520691 -9.203690
v 8.436199 148.377106 -9.748047
v 7.342840 149.474518 -9.281219
v 7.127963 151.185181 -9.352341
v 8.717642 147.465103 -9.982315
v 6.856106 153.677246 -9.445999
v 7.892975 148.344879 -10.427689
v 6.692241 149.535904 -10.201736
v 6.337872 151.163391 -10.341980
v 5.832659 153.622437 -10.491608
v 5.469858 155.286591 -10.598083
v 5.562325 153.627655 -11.350769
v 5.150328 157.027115 -10.704498
v 5.174646 155.351288 -11.271729
v 5.195166 157.516586 -11.269653
v 4.799367 157.203247 -11.196060
v 4.408182 157.516586 -11.782394
v 4.383098 155.356720 -11.759155
v 4.179188 157.226471 -11.589661
v 3.578524 157.516602 -12.214706
v 3.631460 157.226501 -11.877060
v 3.577723 155.347031 -12.122314
v 3.343349 157.227890 -12.024094
v 2.732550 157.516632 -12.605759
v 2.643371 157.394073 -12.671143
v 1.800917 157.516632 -12.688950
v 2.451284 155.507080 -12.888672
v 1.192052 157.516617 -12.689911
v 1.194241 155.513123 -12.919800
v 1.063295 157.516617 -12.627899
v 3.087170 155.344696 -12.320007
v 2.250602 153.670135 -13.103226
v 3.537911 153.559204 -12.372025
v 2.832362 153.529633 -12.584900
v 4.608888 153.603882 -11.937973
v 4.078003 151.082214 -12.538834
v 4.994817 151.121521 -12.146301
v 3.375247 151.043762 -12.733734
v 6.110186 151.135010 -11.455734
v 4.135993 149.598022 -12.742432
v 5.179835 149.647644 -12.317734
v 6.437416 149.657898 -11.530548
v 5.711724 148.488327 -12.264542
v 6.758164 148.384781 -11.559296
v 7.287125 148.320190 -11.059341
v 4.903805 148.464752 -12.628876
v 7.354831 147.355652 -11.347122
v 4.169971 148.451157 -12.882874
v 8.078302 147.406815 -10.702927
v 6.619025 147.319336 -11.919434
v 7.433316 146.337723 -11.440445
v 5.803368 147.286102 -12.417480
v 6.677260 146.299026 -12.013535
v 5.867411 146.269028 -12.497345
v 4.939611 147.265564 -12.800781
v 5.032768 146.252075 -12.881897
v 4.188562 147.297241 -13.041748
v 4.222816 146.252594 -13.170273
v 3.459870 148.424423 -13.063965
v 3.442877 147.292725 -13.221786
v 3.220731 149.540436 -12.964020
v 2.830164 148.400635 -13.181641
v 2.475965 151.008774 -12.953506
v 2.255152 149.486526 -13.160080
v 1.965089 151.122452 -13.391907
v 1.802944 149.581787 -13.579376
v 1.194670 153.249146 -13.182098
v 1.196801 151.139709 -13.415558
v 1.065184 155.505875 -12.859116
v 1.066861 153.242493 -13.123199
v 1.194212 149.605164 -13.610397
v 1.056309 155.480225 -12.708252
v 1.075481 151.134857 -13.364395
v 1.056906 153.361786 -12.974899
v 1.054070 153.257355 -12.949036
v -0.000000 153.361786 -12.974899
v 1.053384 157.516632 -12.451920
v -0.000000 155.480225 -12.708252
v -0.000000 157.516602 -12.451920
v -1.053384 157.516632 -12.451920
v -1.063295 157.516617 -12.627899
v -1.056309 155.480225 -12.708252
v -1.192052 157.516617 -12.689911
v -1.065184 155.505875 -12.859116
v -1.800917 157.516632 -12.688950
v -1.194241 155.513123 -12.919800
v -2.643371 157.394073 -12.671143
v -2.451284 155.507080 -12.888672
v -3.343349 157.227890 -12.024094
v -3.578524 157.516602 -12.214706
v -3.631460 157.226501 -11.877060
v -4.179188 157.226471 -11.589661
v -3.577723 155.347031 -12.122314
v -4.383098 155.356720 -11.759155
v -3.087170 155.344696 -12.320007
v -3.537911 153.559204 -12.372025
v -4.608888 153.603882 -11.937973
v -2.250602 153.670135 -13.103226
v -2.832362 153.529633 -12.584900
v -4.078003 151.082214 -12.538834
v -1.194670 153.249146 -13.182098
v -3.375247 151.043762 -12.733734
v -4.994817 151.121521 -12.146301
v -4.135993 149.598022 -12.742432
v -6.110186 151.135010 -11.455734
v -5.179835 149.647644 -12.317734
v -6.437416 149.657898 -11.530548
v -5.711724 148.488327 -12.264542
v -6.758164 148.384781 -11.559296
v -7.287125 148.320190 -11.059341
v -4.903805 148.464752 -12.628876
v -5.803368 147.286102 -12.417480
v -6.619025 147.319336 -11.919434
v -7.354831 147.355652 -11.347122
v -8.078302 147.406815 -10.702927
v -6.677260 146.299026 -12.013535
v -7.433316 146.337723 -11.440445
v -8.792980 146.393066 -10.105255
v -5.867411 146.269028 -12.497345
v -8.149851 146.367584 -10.808151
v -8.126344 145.341248 -10.787537
v -8.755320 145.368240 -10.085449
v -7.424773 145.309677 -11.428680
v -7.918090 144.394135 -10.583786
v -6.678536 145.276306 -12.008011
v -7.253588 144.357574 -11.225006
v -8.522612 144.429230 -9.887970
v -6.540878 144.324554 -11.807281
v -9.300122 145.420929 -9.308990
v -5.883313 145.240997 -12.512192
v -9.330165 146.450546 -9.320129
v -9.760773 145.476608 -8.497696
v -9.048689 144.471176 -9.139771
v -10.173759 145.534470 -7.669815
v -9.509054 144.517365 -8.362991
v -9.931041 144.576584 -7.582260
v -10.309532 144.654770 -6.814270
v -8.543544 143.696869 -8.783539
v -9.377247 143.799438 -7.343719
v -9.788023 143.873199 -6.631775
v -8.968997 143.735504 -8.057785
v -8.993566 143.274231 -6.332199
v -8.068647 143.671478 -9.487274
v -8.708902 143.260452 -7.020676
v -7.547515 143.646469 -10.105591
v -8.040213 142.939301 -6.688950
v -8.298076 142.957703 -6.051804
v -8.376444 143.235565 -7.702362
v -7.713090 142.905914 -7.301193
v -7.402705 142.778061 -6.367661
v -7.651245 142.797150 -5.778854
v -7.121504 142.753510 -6.942474
v -6.985043 142.786362 -6.154831
v -7.197595 142.812469 -5.573563
v -6.710752 142.758347 -6.711884
v -6.942130 141.696198 -6.150009
v -7.191836 141.696198 -5.482483
v -6.625257 141.696198 -6.790390
v -6.843700 142.730743 -7.460968
v -6.269742 142.733994 -7.416153
v -6.244712 141.696198 -7.397583
v -7.397700 142.886536 -7.897537
v -6.528800 142.710419 -7.956207
v -5.831414 142.693146 -7.990067
v -5.803989 141.696198 -7.965576
v -7.994241 143.201675 -8.357391
v -5.338695 142.653214 -8.522202
v -5.307726 141.696198 -8.489197
v -7.554558 143.170456 -8.984650
v -7.028509 142.868942 -8.459717
v -7.095489 143.153046 -9.538620
v -6.627571 142.855408 -8.960022
v -6.178808 142.694946 -8.409988
v -5.657020 142.674744 -8.952362
v -6.074596 142.837540 -9.526398
v -4.780054 142.620926 -8.989517
v -4.760560 141.696198 -8.963226
v -5.063795 142.654434 -9.443512
v -4.184834 142.592331 -9.411301
v -4.168024 141.696198 -9.383484
v -5.436651 142.817764 -10.041199
v -3.551053 142.569412 -9.777283
v -3.535648 141.696198 -9.745743
v -4.423928 142.636887 -9.856796
v -2.879159 142.550110 -10.072571
v -2.869698 141.696198 -10.046951
v -3.762285 142.626663 -10.201569
v -2.203385 142.553345 -10.304581
v -2.176442 141.696198 -10.284027
v -3.301483 142.629211 -10.443634
v -2.757658 142.626923 -10.671982
v -2.069076 142.570663 -10.347290
v -1.462567 141.696198 -10.455093
v -2.187094 142.604111 -10.795944
v -3.509886 142.791855 -11.145630
v -2.866755 142.792358 -11.382965
v -4.090351 142.792389 -10.861389
v -4.766866 142.801270 -10.491364
v -4.432727 143.070618 -11.550537
v -5.131234 143.084457 -11.161102
v -5.838271 143.107437 -10.684540
v -6.509922 143.132339 -10.134033
v -6.922790 143.614471 -10.725189
v -6.223368 143.580154 -11.300659
v -5.485258 143.545914 -11.804169
v -5.777302 144.278687 -12.320175
v -4.761921 143.522903 -12.214096
v -5.062727 145.234818 -12.920746
v -4.978466 144.247971 -12.760956
v -5.032768 146.252075 -12.881897
v -4.229887 145.235825 -13.247589
v -4.939611 147.265564 -12.800781
v -4.222816 146.252594 -13.170273
v -4.188562 147.297241 -13.041748
v -4.169971 148.451157 -12.882874
v -3.459870 148.424423 -13.063965
v -3.442877 147.292725 -13.221786
v -3.220731 149.540436 -12.964020
v -2.830164 148.400635 -13.181641
v -3.416739 146.238419 -13.368683
v -2.475965 151.008774 -12.953506
v -2.255152 149.486526 -13.160080
v -1.965089 151.122452 -13.391907
v -1.802944 149.581787 -13.579376
v -1.196801 151.139709 -13.415558
v -1.066861 153.242493 -13.123199
v -1.194212 149.605164 -13.610397
v -1.056906 153.361786 -12.974899
v -1.075481 151.134857 -13.364395
v -1.054070 153.257355 -12.949036
v -0.000000 153.257355 -12.949036
v -1.046975 153.197296 -12.859772
v 1.046975 153.197296 -12.859772
v -0.000000 153.197296 -12.859772
v -1.017396 151.054565 -12.693542
v -1.014982 153.100601 -12.436005
v 1.014982 153.100601 -12.436005
v -0.000000 153.100601 -12.436005
v 0.000000 151.054565 -12.693542
v 1.017396 151.054565 -12.693542
v -1.013546 149.529022 -12.885574
v 1.013546 149.529022 -12.885574
v -0.000000 149.529022 -12.885574
v -1.064755 149.602127 -13.550262
v -0.000000 148.405090 -13.027039
v -1.013572 148.405090 -13.027039
v -1.194118 148.475464 -13.730865
v -1.064637 148.474091 -13.670563
v -1.675403 148.450974 -13.701401
v -1.194068 147.256241 -13.868088
v -2.096940 148.368439 -13.322327
v -1.539937 147.231384 -13.838715
v -2.705037 147.229584 -13.355255
v -1.926723 147.161041 -13.498016
v -2.611449 146.192749 -13.506805
v -3.374064 145.235657 -13.478424
v -1.823401 146.140518 -13.637390
v -2.511937 145.213806 -13.634842
v -4.165256 144.243927 -13.135574
v -3.296128 144.267792 -13.432175
v -3.980620 143.517578 -12.595169
v -3.741884 143.063232 -11.877014
v -3.001206 143.066772 -12.152252
v -3.149968 143.530365 -12.912582
v -2.178948 142.787033 -11.557587
v -2.218694 143.068375 -12.368774
v -2.383247 144.281067 -13.650269
v -1.860947 142.627014 -10.891434
v -1.680454 142.695572 -11.281311
v -1.474658 142.807220 -11.735367
v -1.582277 142.728210 -11.224060
v -1.363816 142.853058 -11.697159
v -1.785903 142.649567 -10.852325
v -2.006496 142.617844 -10.362930
v -1.469204 142.605301 -10.491486
v -1.746962 142.708633 -10.793625
v -1.534342 142.813126 -11.191620
v -0.738081 142.596832 -10.594986
v -0.734766 141.696198 -10.558228
v -1.326256 142.970734 -11.654831
v -0.744362 142.765259 -11.221252
v -0.000000 142.595367 -10.629700
v -0.000000 141.696213 -10.592804
v 0.734766 141.696198 -10.558228
v -0.693717 142.924652 -11.659286
v 0.738081 142.596832 -10.594986
v 1.462567 141.696198 -10.455093
v -0.000000 142.757736 -11.279953
v 0.744362 142.765259 -11.221252
v 1.469204 142.605301 -10.491486
v 1.534342 142.813126 -11.191620
v 0.693717 142.924652 -11.659286
v 2.069076 142.570663 -10.347290
v 2.176442 141.696198 -10.284027
v 1.326256 142.970734 -11.654831
v -0.000000 142.903946 -11.667740
v 1.188531 143.146027 -12.032928
v 0.646466 143.119995 -12.060593
v -0.646466 143.119995 -12.060593
v -0.000000 143.115173 -12.083847
v -1.188531 143.146027 -12.032928
v -1.224921 142.984375 -12.128815
v -1.075983 143.391464 -12.470093
v -0.587575 143.399902 -12.506561
v -1.333865 142.942734 -12.174164
v -1.114691 143.179352 -12.567734
v -1.500598 143.063354 -12.517899
v -1.245653 143.111511 -12.609512
v -1.062132 143.408234 -12.930115
v -1.510259 143.290253 -12.968933
v -1.041340 143.643188 -12.769241
v -1.194629 143.310974 -13.004761
v -1.006429 143.895645 -13.043259
v -2.324536 143.577026 -13.190475
v -1.509120 143.527100 -13.320068
v -1.553885 143.911194 -13.669968
v -1.050027 143.654648 -13.290421
v -1.171012 143.557281 -13.374222
v -1.184439 143.912003 -13.733276
v -1.554194 144.166031 -13.799240
v -1.058352 143.987350 -13.686356
v -1.186958 144.189911 -13.900925
v -1.568632 144.398209 -13.852585
v -1.601991 144.670624 -13.857208
v -1.194324 144.439957 -13.995346
v -1.687517 145.192932 -13.776611
v -1.204701 144.677048 -14.050156
v -1.404986 146.067123 -13.975586
v -1.241788 145.151871 -14.065521
v -1.193999 146.092957 -14.002975
v -1.081643 145.151230 -14.027100
v -1.063922 146.097977 -13.943451
v -1.064271 147.257111 -13.808258
v -1.023094 145.138611 -13.814087
v -1.010576 147.187149 -13.180344
v -1.023094 146.308792 -13.666794
v -1.019126 146.375275 -13.556549
v -1.065671 144.675476 -14.001678
v -0.000000 145.138611 -13.814087
v -1.060970 144.467331 -13.949036
v -1.023094 144.670563 -13.873001
v -1.059771 144.222015 -13.844009
v -1.023431 144.563339 -13.789764
v -1.025146 144.502228 -13.304855
v -1.001931 144.228149 -13.266739
v -0.487878 144.507797 -13.348999
v -0.000000 144.563339 -13.789764
v -0.000000 144.670563 -13.873001
v -0.503017 144.225311 -13.283157
v 1.023094 145.138611 -13.814087
v -0.513844 143.886475 -13.072998
v 0.000000 144.220337 -13.296860
v -0.542406 143.631027 -12.810669
v 0.000000 143.886398 -13.090103
v 0.000000 143.629578 -12.830154
v -0.000000 143.397644 -12.528671
v 0.513844 143.886475 -13.072998
v 0.587575 143.399902 -12.506561
v 0.542406 143.631027 -12.810669
v 1.075983 143.391464 -12.470093
v 1.041340 143.643188 -12.769241
v 1.006429 143.895645 -13.043259
v 1.062132 143.408234 -12.930115
v 0.503017 144.225311 -13.283157
v 1.001931 144.228149 -13.266739
v 0.487878 144.507797 -13.348999
v 0.000000 144.509995 -13.366440
v 1.050027 143.654648 -13.290421
v 1.025146 144.502228 -13.304855
v 1.023431 144.563339 -13.789764
v 1.058352 143.987350 -13.686356
v 1.059771 144.222015 -13.844009
v 1.023094 144.670563 -13.873001
v 1.060970 144.467331 -13.949036
v 1.065671 144.675476 -14.001678
v 1.194324 144.439957 -13.995346
v 1.204701 144.677048 -14.050156
v 1.186958 144.189911 -13.900925
v 1.568632 144.398209 -13.852585
v 1.081643 145.151230 -14.027100
v 1.184439 143.912003 -13.733276
v 1.554194 144.166031 -13.799240
v 1.171012 143.557281 -13.374222
v 1.553885 143.911194 -13.669968
v 1.194629 143.310974 -13.004761
v 1.509120 143.527100 -13.320068
v 1.245653 143.111511 -12.609512
v 1.510259 143.290253 -12.968933
v 2.324536 143.577026 -13.190475
v 2.383247 144.281067 -13.650269
v 2.218694 143.068375 -12.368774
v 1.601991 144.670624 -13.857208
v 3.149968 143.530365 -12.912582
v 1.241788 145.151871 -14.065521
v 2.511937 145.213806 -13.634842
v 1.687517 145.192932 -13.776611
v 1.193999 146.092957 -14.002975
v 1.404986 146.067123 -13.975586
v 1.823401 146.140518 -13.637390
v 1.539937 147.231384 -13.838715
v 1.063922 146.097977 -13.943451
v 1.194068 147.256241 -13.868088
v 1.023094 146.308792 -13.666794
v 1.064271 147.257111 -13.808258
v -0.000000 146.308792 -13.666794
v 1.019126 146.375275 -13.556549
v 0.000000 146.375275 -13.556549
v -1.007681 146.353409 -13.285294
v 1.007681 146.353409 -13.285294
v -0.000000 147.187149 -13.180344
v -0.000000 146.353409 -13.285294
v 1.010576 147.187149 -13.180344
v 1.013572 148.405090 -13.027039
v 1.064637 148.474091 -13.670563
v 1.064755 149.602127 -13.550262
v 1.194118 148.475464 -13.730865
v 1.675403 148.450974 -13.701401
v 2.096940 148.368439 -13.322327
v 1.926723 147.161041 -13.498016
v 2.705037 147.229584 -13.355255
v 2.611449 146.192749 -13.506805
v 3.416739 146.238419 -13.368683
v 3.374064 145.235657 -13.478424
v 4.229887 145.235825 -13.247589
v 3.296128 144.267792 -13.432175
v 4.165256 144.243927 -13.135574
v 3.980620 143.517578 -12.595169
v 5.062727 145.234818 -12.920746
v 4.978466 144.247971 -12.760956
v 4.761921 143.522903 -12.214096
v 3.001206 143.066772 -12.152252
v 3.741884 143.063232 -11.877014
v 5.485258 143.545914 -11.804169
v 4.432727 143.070618 -11.550537
v 2.866755 142.792358 -11.382965
v 5.777302 144.278687 -12.320175
v 3.509886 142.791855 -11.145630
v 5.883313 145.240997 -12.512192
v 6.540878 144.324554 -11.807281
v 6.678536 145.276306 -12.008011
v 6.223368 143.580154 -11.300659
v 7.253588 144.357574 -11.225006
v 7.424773 145.309677 -11.428680
v 5.131234 143.084457 -11.161102
v 8.126344 145.341248 -10.787537
v 4.090351 142.792389 -10.861389
v 8.149851 146.367584 -10.808151
v 7.918090 144.394135 -10.583786
v 8.755320 145.368240 -10.085449
v 8.792980 146.393066 -10.105255
v 6.922790 143.614471 -10.725189
v 9.330165 146.450546 -9.320129
v 9.300122 145.420929 -9.308990
v 9.760773 145.476608 -8.497696
v 8.522612 144.429230 -9.887970
v 9.048689 144.471176 -9.139771
v 10.173759 145.534470 -7.669815
v 9.509054 144.517365 -8.362991
v 9.931041 144.576584 -7.582260
v 10.309532 144.654770 -6.814270
v 8.543544 143.696869 -8.783539
v 9.377247 143.799438 -7.343719
v 9.788023 143.873199 -6.631775
v 8.968997 143.735504 -8.057785
v 8.993566 143.274231 -6.332199
v 8.068647 143.671478 -9.487274
v 8.708902 143.260452 -7.020676
v 7.547515 143.646469 -10.105591
v 8.376444 143.235565 -7.702362
v 8.040213 142.939301 -6.688950
v 8.298076 142.957703 -6.051804
v 7.713090 142.905914 -7.301193
v 7.994241 143.201675 -8.357391
v 7.397700 142.886536 -7.897537
v 7.554558 143.170456 -8.984650
v 7.028509 142.868942 -8.459717
v 7.095489 143.153046 -9.538620
v 6.627571 142.855408 -8.960022
v 6.509922 143.132339 -10.134033
v 6.074596 142.837540 -9.526398
v 5.838271 143.107437 -10.684540
v 5.436651 142.817764 -10.041199
v 4.766866 142.801270 -10.491364
v 5.063795 142.654434 -9.443512
v 3.762285 142.626663 -10.201569
v 4.423928 142.636887 -9.856796
v 3.301483 142.629211 -10.443634
v 3.551053 142.569412 -9.777283
v 2.757658 142.626923 -10.671982
v 2.879159 142.550110 -10.072571
v 4.184834 142.592331 -9.411301
v 3.535648 141.696198 -9.745743
v 4.168024 141.696198 -9.383484
v 2.869698 141.696198 -10.046951
v 4.760560 141.696198 -8.963226
v 2.203385 142.553345 -10.304581
v 4.780054 142.620926 -8.989517
v 5.307726 141.696198 -8.489197
v 2.187094 142.604111 -10.795944
v 5.338695 142.653214 -8.522202
v 5.803989 141.696198 -7.965576
v 5.657020 142.674744 -8.952362
v 6.178808 142.694946 -8.409988
v 5.831414 142.693146 -7.990067
v 6.244712 141.696198 -7.397583
v 6.528800 142.710419 -7.956207
v 6.269742 142.733994 -7.416153
v 6.625257 141.696198 -6.790390
v 6.843700 142.730743 -7.460968
v 6.710752 142.758347 -6.711884
v 6.942130 141.696198 -6.150009
v 7.121504 142.753510 -6.942474
v 7.197595 142.812469 -5.573563
v 7.191836 141.696198 -5.482483
v 7.402705 142.778061 -6.367661
v 7.651245 142.797150 -5.778854
v 6.985043 142.786362 -6.154831
v 2.178948 142.787033 -11.557587
v 1.860947 142.627014 -10.891434
v 1.474658 142.807220 -11.735367
v 1.680454 142.695572 -11.281311
v 1.785903 142.649567 -10.852325
v 1.582277 142.728210 -11.224060
v 2.006496 142.617844 -10.362930
v 1.746962 142.708633 -10.793625
v 1.363816 142.853058 -11.697159
v 1.224921 142.984375 -12.128815
v 1.114691 143.179352 -12.567734
v 1.333865 142.942734 -12.174164
v 1.500598 143.063354 -12.517899
v -0.931805 158.171722 7.564194
v 0.000000 158.171722 7.594986
v 0.000000 157.605698 7.606689
v -1.850736 158.171722 7.395370
v -0.935172 157.605682 7.575729
v -0.920276 157.516724 7.436768
v 0.000000 157.514603 7.491974
v -1.855460 157.605698 7.406723
v -2.761316 158.171722 7.153015
v -0.916556 157.012314 7.493912
v -0.000000 157.010208 7.545242
v -3.632137 158.171722 6.804031
v -2.767124 157.605698 7.164047
v -4.482902 158.171722 6.373642
v -3.639081 157.605698 6.814636
v -2.721924 157.516541 7.027420
v -1.827294 157.516541 7.277512
v -1.834248 157.010208 7.338425
v -3.596922 157.516541 6.686859
v -2.741746 157.009186 7.085495
v -1.796627 156.923401 7.182434
v -4.490934 157.605698 6.383667
v -0.894218 156.922653 7.325974
v -0.000000 156.903793 7.373596
v 0.000000 156.339722 7.539917
v -5.272377 158.171722 5.844574
v -0.967573 156.336624 7.479202
v -6.029613 158.171722 5.240723
v -5.281425 157.605698 5.853958
v -4.439824 157.516541 6.261230
v -6.039561 157.605698 5.249344
v -5.222419 157.516541 5.760284
v -6.708807 158.171753 4.554489
v -6.719591 157.605682 4.562332
v -5.963592 157.516541 5.166473
v -7.343189 158.171753 3.801544
v -7.354686 157.605713 3.808487
v -6.653162 157.516541 4.492355
v -7.886584 158.171753 2.983948
v -7.898724 157.605713 2.989990
v -8.373821 158.171753 2.111588
v -8.386476 157.605713 2.116638
v -7.286009 157.516541 3.756790
v -7.835493 157.516541 2.951294
v -8.774179 157.605743 1.197571
v -8.761077 158.171753 1.193497
v -9.082960 158.171753 0.235840
v -9.096379 157.605743 0.238892
v -9.299286 158.171753 -0.748184
v -9.312961 157.605713 -0.746155
v -9.444168 158.171753 -1.754089
v -9.457967 157.605743 -1.753128
v -9.007261 157.516571 0.214096
v -9.225247 157.516556 -0.762131
v -8.697184 157.516571 1.168365
v -9.157249 156.395737 0.182144
v -8.304545 157.516556 2.076477
v -8.878011 156.383835 1.193100
v -9.361608 156.437057 -0.893600
v -9.272671 155.277451 0.138657
v -8.478937 156.390793 2.184525
v -8.992488 155.163437 1.197433
v -7.906375 156.798096 3.042389
v -7.770461 156.893204 3.193573
v -7.530908 156.958923 3.495865
v -7.666562 156.716827 2.976578
v -7.297725 156.980057 3.778305
v -7.565299 156.810379 3.104614
v -7.354565 156.873627 3.390488
v -6.668133 157.005432 4.505371
v -7.739128 156.527359 2.908295
v -7.141534 156.890991 3.673279
v -5.968683 157.010208 5.195694
v -6.539694 156.916901 4.392029
v -5.212662 157.010056 5.804749
v -5.853137 156.920990 5.068283
v -4.423000 157.015045 6.318573
v -5.106990 156.916931 5.663223
v -3.599267 157.012741 6.744797
v -4.334933 156.921906 6.175873
v -3.527502 156.918762 6.596008
v -2.687260 156.919312 6.933105
v -3.538485 156.272171 6.718567
v -1.852731 156.371140 7.314758
v -2.713107 156.343658 7.055115
v -4.348722 156.117355 6.328247
v -2.871178 155.829041 7.102570
v -5.061084 155.939163 5.887070
v -3.572536 155.607422 6.826096
v -4.354367 155.307846 6.464417
v -5.945529 155.653687 5.210220
v -5.008997 155.021729 6.084534
v -4.441358 155.252075 6.693268
v -5.113474 154.953720 6.325653
v -5.556535 154.766861 5.713623
v -5.683459 154.680176 5.976517
v -4.256982 154.450729 6.901398
v -6.110526 154.468445 5.262085
v -4.893126 154.096375 6.560654
v -6.266552 154.366364 5.540924
v -5.449719 153.783417 6.215179
v -6.574065 155.430527 4.616547
v -6.773131 154.019531 5.074432
v -7.061844 155.270508 4.060028
v -6.581589 154.153671 4.783554
v -7.272052 155.213989 3.791321
v -6.874003 153.956528 4.451538
v -7.488427 155.157623 3.508789
v -7.082906 153.834717 4.184891
v -7.079346 153.798218 4.717743
v -7.319932 153.640320 4.410309
v -7.217303 153.793137 4.018463
v -6.537809 153.115601 5.291122
v -7.440315 153.894058 3.691559
v -6.943252 152.918137 4.852417
v -6.022883 153.433105 5.775421
v -6.236628 152.099731 5.482758
v -7.547044 152.639160 4.084808
v -6.776184 151.935532 4.923218
v -5.636382 152.057999 6.022110
v -7.491170 153.609558 4.171219
v -7.357921 153.804443 3.830627
v -7.647421 153.653122 3.942444
v -7.769557 153.775604 3.761002
v -8.070940 153.114685 3.326385
v -7.513414 154.078873 3.565613
v -7.874197 154.043365 3.588593
v -7.601243 154.454590 3.416718
v -8.657518 153.695129 2.186844
v -7.656575 155.120850 3.266068
v -7.943650 154.441895 3.433029
v -7.702173 155.110870 3.200241
v -7.775791 155.958893 2.960983
v -8.049539 155.189499 3.199478
v -8.612732 155.052597 2.217590
v -8.082193 155.994812 3.000748
v -7.773628 156.242996 2.912186
v -8.058513 156.299835 2.955399
v -8.000788 156.598938 2.961929
v -9.041924 154.112137 1.130829
v -9.332710 154.450043 0.065811
v -6.929446 152.090668 1.133499
v -9.506213 154.908569 -1.040527
v -6.438688 151.602615 2.053268
v -7.296727 152.432281 0.466324
v -6.026239 151.176208 2.835403
v -7.005381 150.520325 0.951904
v -5.679665 150.800690 3.499008
v -6.597454 150.268921 1.720245
v -6.194100 149.986908 2.481033
v -5.301646 150.305450 4.228241
v -5.815954 149.718109 3.195404
v -6.719136 149.160263 1.597977
v -6.091269 151.238602 5.503006
v -5.166598 150.075073 4.507111
v -5.723594 150.809891 5.747665
v -5.410719 149.403259 3.960434
v -5.087039 149.905670 4.641464
v -5.467687 150.423737 5.927353
v -6.309299 148.989395 2.366226
v -5.908033 148.801331 3.127213
v -7.302137 147.796356 4.041397
v -7.866387 148.030609 3.089722
v -5.503078 148.619446 3.895035
v -6.870487 147.581924 4.815704
v -7.750741 147.208084 4.203873
v -5.334453 148.555969 4.218079
v -8.452701 148.276306 2.067413
v -6.456285 147.649628 5.324829
v -8.335468 147.488480 3.228607
v -7.127977 149.326096 0.827988
v -8.984616 148.491806 1.012421
v -7.449308 149.466400 0.215851
v -7.326344 150.674042 0.348801
v -9.009959 147.765839 2.046051
v -7.629981 150.766968 -0.160294
v -9.389680 147.260284 2.040512
v -7.677271 149.577957 -0.161835
v -8.706375 146.962524 3.251465
v -9.358050 148.625458 0.046295
v -9.538855 147.983017 0.960632
v -9.923472 147.497345 0.876694
v -9.914824 148.128128 -0.124969
v -9.640141 148.709427 -0.994980
v -9.601092 149.627243 -1.001724
v -10.106642 148.195496 -1.208725
v -9.576269 151.034546 -0.997467
v -10.291451 147.651413 -0.291290
v -7.659009 152.701584 -0.094101
v -9.484702 154.686737 -0.962433
v -9.532357 153.509888 -0.993134
v -9.525496 154.387817 -1.102371
v -9.547307 152.667145 -0.994614
v -9.557368 153.932343 -1.250183
v -9.654916 152.103470 -2.207031
v -9.579355 153.490143 -1.503860
v -9.651237 151.018204 -2.225555
v -9.637566 152.595337 -2.177887
v -9.672557 149.625137 -2.257523
v -10.002021 152.121841 -2.290924
v -10.012016 151.019333 -2.315369
v -9.755134 148.662292 -2.305511
v -10.016511 149.628036 -2.347656
v -10.065397 148.739685 -2.402878
v -10.164672 148.206955 -2.546860
v -10.475059 147.706223 -1.493591
v -10.415252 148.274963 -2.634155
v -10.527398 147.672455 -2.778702
v -10.612869 147.083588 -0.475403
v -10.781994 147.169769 -1.732178
v -10.253165 146.934204 0.735626
v -10.864373 146.472031 -0.723038
v -9.704895 146.693481 1.949661
v -10.509514 146.306396 0.546768
v -9.965384 146.069717 1.754395
v -8.991334 146.434814 3.150101
v -9.207447 145.824951 2.968826
v -10.156022 145.383636 1.422623
v -8.249612 146.138321 4.156250
v -9.507986 145.167297 2.444595
v -10.670949 145.636642 0.287399
v -8.505485 145.818008 3.864273
v -8.684986 145.476028 3.589401
v -8.378825 145.745041 3.893295
v -8.546129 145.434540 3.622574
v -8.112678 146.058701 4.172180
v -8.731449 144.997101 3.264694
v -7.897370 146.471024 4.489441
v -7.828028 146.387863 4.488220
v -7.379548 146.825241 4.901703
v -7.333554 146.772980 4.898087
v -6.929315 147.096848 5.216629
v -6.863162 147.036469 5.194382
v -6.477124 147.338669 5.491180
v -6.433519 147.227402 5.412186
v -6.268606 147.459076 5.623459
v -6.190761 147.357132 5.548492
v -6.185076 147.329376 5.560760
v -5.976827 147.427246 5.704254
v -6.080426 147.567749 5.742844
v -5.991885 147.476761 5.678329
v -5.576305 147.748276 5.954437
v -5.460393 147.669601 6.056625
v -5.652604 147.814316 6.010635
v -6.138645 147.822235 5.612839
v -5.186047 148.014359 6.219604
v -4.969429 147.897812 6.420197
v -5.266846 148.081512 6.282898
v -4.646616 148.393509 6.592270
v -4.427248 148.169083 6.837479
v -4.751874 148.434280 6.648422
v -5.826742 148.146408 5.807083
v -5.541099 148.658401 5.963684
v -5.230337 148.576782 4.417130
v -5.170934 148.687820 4.523605
v -5.107677 148.942062 4.639435
v -5.066921 149.215881 4.701935
v -5.033338 149.486877 4.754150
v -5.370952 149.213211 6.051193
v -5.033849 149.692291 4.728943
v -5.322956 149.627258 6.054993
v -5.339543 149.998795 6.036682
v -5.135099 150.681870 6.333572
v -4.682996 149.733002 6.708542
v -4.227500 148.841263 7.055557
v -4.216089 150.065430 7.099243
v -4.089756 148.796310 6.976700
v -3.897942 148.453476 7.262039
v -3.479433 148.699112 7.602509
v -3.804888 149.168411 7.376144
v -3.666250 149.115463 7.266205
v -3.052097 148.937820 7.923981
v -3.374446 149.502548 7.692566
v -3.239699 149.434845 7.547089
v -2.471566 149.236404 8.331085
v -3.753219 150.378204 7.447495
v -2.753034 149.781586 7.847305
v -1.935230 149.482864 8.664978
v -2.883125 149.861206 8.026230
v -2.189557 150.156036 8.162735
v -1.351298 149.694855 8.971619
v -2.330834 150.239059 8.360611
v -3.210824 150.722931 7.809708
v -4.607361 151.173401 6.793854
v -4.091854 151.568146 7.161163
v -5.068254 152.491379 6.485886
v -4.497233 152.856430 6.868011
v -3.521611 151.932327 7.513718
v -3.875128 153.195557 7.216583
v -2.591490 151.090591 8.167603
v -2.901922 152.263947 7.843582
v -3.203945 153.515091 7.539413
v -1.786224 150.577423 8.628937
v -2.029052 151.401169 8.427872
v -1.661765 150.484436 8.431564
v -1.259364 150.888947 8.823578
v -1.163071 150.792099 8.658981
v -0.699491 149.864609 9.194565
v -1.441705 151.722290 8.646683
v -0.530412 151.162399 8.860916
v 0.000000 149.911514 9.258408
v 0.000000 151.221649 8.864395
v -0.618188 151.217453 8.964371
v -0.643972 151.999161 8.644424
v 0.000000 152.069000 8.643417
v -0.736409 152.020020 8.781113
v -0.800618 153.059464 8.370438
v 0.000000 153.138412 8.374771
v -0.903271 153.067215 8.491592
v -1.639032 152.803619 8.334442
v -1.028668 154.261139 8.037933
v 0.000000 154.445023 8.043854
v -1.135641 154.258499 8.182587
v -1.269691 155.446411 7.677551
v 0.000000 155.660538 7.729523
v -1.388065 155.452560 7.838120
v -1.888326 154.027878 8.019363
v -1.383760 155.633270 7.607590
v -1.482621 155.618118 7.794388
v -1.529551 155.780426 7.538895
v -1.742050 155.917847 7.456848
v -1.632462 155.761688 7.746704
v -2.158265 155.303757 7.735809
v -1.833621 155.887558 7.677002
v -1.988705 155.982040 7.378769
v -2.067660 155.944885 7.615311
v -2.292813 155.981995 7.288498
v -2.361486 155.942810 7.531494
v -2.967167 155.781525 7.310272
v -2.806252 155.061539 7.518250
v -3.649842 155.559021 7.055344
v -2.545717 153.802597 7.800476
v -3.501603 154.774734 7.253723
v -2.277205 152.537979 8.110489
v -8.867113 145.038406 3.219543
v -8.922789 144.352951 2.708176
v -8.795773 144.322678 2.751328
v -9.571103 144.496567 1.988922
v -8.786627 143.737122 2.267090
v -8.659701 143.736465 2.333542
v -10.155873 144.652985 1.078552
v -9.390324 143.841843 1.601059
v -8.510423 143.241241 1.958984
v -8.392998 143.276672 2.027740
v -9.887844 143.921539 0.773529
v -8.068811 142.794983 1.668320
v -7.960227 142.846191 1.752869
v -9.008726 143.222137 1.284073
v -8.461623 142.786087 1.067154
v -7.520118 142.420197 1.468079
v -7.427118 142.486435 1.559784
v -7.830031 142.427750 0.926956
v -6.895678 142.135010 1.351746
v -6.838906 142.217545 1.433777
v -7.139369 142.161880 0.782883
v -5.986491 141.917542 1.241837
v -5.978502 141.960846 1.352127
v -5.690284 141.752136 1.388977
v -5.971297 141.737701 1.219498
v -6.408965 142.080307 0.629440
v -6.382591 141.695023 0.598770
v -6.742557 141.696198 -0.080673
v -6.770675 142.301758 -0.063904
v -6.971455 141.696198 -0.643143
v -7.447534 142.299133 0.095886
v -7.000528 142.435089 -0.628937
v -7.191836 141.696198 -1.284698
v -8.131729 142.503677 0.240952
v -7.667386 142.426132 -0.554214
v -7.203210 142.521072 -1.209488
v -8.815822 142.833755 0.354950
v -8.377224 142.601776 -0.491440
v -7.847136 142.547455 -1.253357
v -7.389214 142.598114 -1.882477
v -7.372187 141.696198 -1.972748
v -8.579254 142.714249 -1.268341
v -7.493161 142.502182 -2.524246
v -7.480999 141.696198 -2.674683
v -7.994145 142.632950 -1.947739
v -7.484568 142.653976 -2.479401
v -8.062917 142.706467 -2.626465
v -7.531414 142.506180 -2.954926
v -7.504496 141.702408 -3.381378
v -8.133418 142.593613 -2.691986
v -8.737855 142.808990 -2.104614
v -8.776838 142.875626 -2.823013
v -9.350006 143.002151 -1.328247
v -9.566997 143.079834 -2.290985
v -9.106094 142.908066 -0.447769
v -10.052186 143.445526 -1.326889
v -9.417982 143.301605 0.525253
v -9.772542 143.369675 -0.348190
v -10.317332 144.021011 -0.188553
v -10.651036 144.136154 -1.263367
v -10.243824 143.475037 -2.394745
v -10.634887 144.801666 0.040497
v -10.989285 144.974289 -1.135559
v -11.002603 145.827866 -0.912796
v -11.184633 145.083588 -2.400848
v -11.038398 146.565521 -1.962051
v -11.189346 145.920746 -2.113358
v -10.785534 147.217300 -2.964386
v -11.139127 146.331238 -3.267181
v -10.765069 147.763535 -2.865189
v -10.992893 146.761032 -3.132553
v -11.016935 147.291672 -3.069489
v -11.191312 146.878235 -3.227158
v -11.347930 146.409958 -3.383087
v -10.711544 147.748077 -3.296478
v -10.954582 147.278854 -3.491226
v -11.130355 146.871216 -3.641876
v -10.403279 148.237274 -3.067017
v -10.851789 147.246948 -3.540314
v -10.070607 148.724365 -2.842743
v -10.606420 147.706970 -3.347549
v -10.303165 148.175354 -3.133881
v -11.023297 146.848877 -3.689072
v -10.581522 147.695648 -3.778931
v -10.823329 147.242325 -3.970139
v -11.184046 146.399384 -3.823303
v -10.290245 148.163940 -3.574081
v -10.993954 146.847748 -4.128250
v -11.283996 146.412582 -3.783218
v -11.120443 146.376755 -4.267441
v -11.440081 145.957245 -3.495605
v -11.270391 145.950165 -3.930084
v -11.372258 145.945374 -3.895798
v -11.218132 145.945038 -3.360580
v -11.453068 145.505310 -3.560242
v -11.241221 145.478058 -3.433838
v -11.373324 145.501434 -3.970367
v -11.172046 145.084625 -3.457901
v -11.386659 145.040054 -3.582123
v -11.046939 144.685394 -3.445312
v -11.260240 145.516113 -4.010712
v -11.320024 145.046921 -3.994278
v -11.196229 145.937363 -4.389465
v -11.197372 145.069397 -4.044983
v -11.209309 145.500732 -4.470993
v -11.203484 146.397781 -4.352432
v -11.286077 145.939209 -4.488541
v -11.076552 146.865662 -4.205841
v -11.165641 146.386948 -4.776428
v -10.913063 147.271667 -4.050598
v -11.045255 146.865387 -4.633896
v -10.896185 147.273239 -4.488251
v -10.678133 147.732773 -3.860123
v -10.676504 147.737930 -4.301682
v -10.380198 148.210083 -3.645157
v -10.376679 148.227371 -4.076813
v -10.780539 147.237549 -4.552307
v -10.057325 148.732605 -3.849640
v -10.295567 148.136017 -4.162872
v -10.558999 147.690445 -4.365677
v -10.930462 146.841110 -4.692078
v -10.550858 147.686127 -4.813522
v -11.066761 146.359406 -4.828323
v -10.764790 147.237228 -5.005249
v -10.902506 146.840805 -5.158188
v -10.295111 148.117310 -4.606705
v -10.654597 147.725800 -4.909500
v -10.862916 147.269379 -5.109329
v -11.011441 146.330246 -5.322174
v -10.992165 146.860550 -5.269318
v -11.109745 145.921799 -4.927063
v -11.093428 146.335526 -5.421875
v -11.217206 145.910324 -4.901047
v -11.048711 145.891922 -5.413971
v -11.126724 145.479065 -5.001572
v -11.288180 145.473953 -4.553619
v -11.219299 145.455383 -4.968384
v -11.139503 145.061844 -4.492844
v -11.223455 145.018509 -4.579422
v -11.002994 144.603928 -4.485611
v -11.091466 144.612869 -4.028549
v -11.088874 144.554138 -4.577881
v -11.189597 144.575134 -3.983704
v -10.802757 144.193146 -4.449127
v -11.251909 144.576340 -3.571716
v -10.887430 144.207901 -3.990204
v -10.979710 144.144958 -3.938614
v -11.028964 144.143524 -3.509384
v -10.664740 143.732117 -3.847229
v -10.825093 144.225647 -3.396515
v -10.707435 143.743988 -3.427155
v -10.832710 144.194458 -2.447510
v -10.512893 143.829819 -3.318985
v -10.183441 143.515518 -3.222214
v -10.312387 143.393372 -3.309937
v -9.549935 143.130508 -3.043930
v -9.648833 143.004074 -3.123810
v -8.864842 142.745789 -2.902344
v -9.604203 142.988129 -3.533813
v -8.098436 142.597046 -3.129776
v -8.827988 142.739059 -3.320953
v -10.270592 143.377121 -3.724884
v -10.569510 143.812729 -3.903702
v -10.195074 143.483521 -3.790237
v -10.484877 143.803268 -4.355911
v -10.102017 143.475266 -4.234329
v -9.535448 143.088501 -3.606659
v -10.870560 144.134003 -4.525345
v -8.786262 142.844635 -3.396210
v -9.426724 143.104828 -4.044510
v -8.709042 142.864105 -3.834030
v -8.076977 142.709396 -3.194290
v -9.465092 143.020813 -4.110321
v -8.055320 142.721237 -3.643799
v -7.537694 142.687836 -3.046936
v -7.606167 142.669189 -3.506363
v -7.541512 142.547226 -3.562866
v -7.480999 141.696198 -4.092468
v -8.077284 142.614471 -3.720932
v -8.729819 142.770538 -3.898453
v -7.518636 142.554733 -3.977036
v -8.033360 142.627960 -4.150177
v -8.667533 142.752823 -4.331711
v -7.435709 142.580215 -4.604462
v -7.372188 141.696198 -4.794434
v -7.985877 142.748566 -4.215683
v -7.518687 142.712952 -4.094391
v -7.456103 142.697250 -4.520950
v -7.929169 142.635849 -4.747025
v -7.863822 142.665680 -5.246704
v -8.379410 142.935501 -5.481171
v -7.922428 142.754257 -4.656677
v -9.059736 143.197693 -5.681717
v -8.461002 142.770996 -5.410217
v -8.567353 142.772079 -4.916916
v -9.591163 143.520721 -5.839798
v -9.223465 143.034363 -5.602386
v -9.305873 143.019241 -5.129349
v -8.541450 142.879211 -4.832962
v -8.616015 142.861115 -4.389343
v -9.353082 143.096115 -4.593582
v -9.269995 143.121933 -5.037796
v -9.399231 143.007034 -4.532867
v -9.989416 143.459015 -4.779083
v -9.949305 143.382492 -5.338043
v -9.885844 143.476746 -5.227905
v -9.821587 143.399170 -5.796021
v -10.347264 143.717911 -5.456161
v -9.972575 143.832352 -5.946091
v -10.212987 143.715271 -5.909805
v -10.299754 144.184326 -6.043961
v -10.688349 144.103043 -5.551971
v -10.590783 144.114349 -6.014404
v -10.551002 144.578293 -6.085052
v -10.700168 144.956558 -6.087662
v -10.815873 144.510376 -6.056839
v -10.934015 144.516769 -5.621078
v -10.965291 144.978546 -6.064697
v -10.778636 145.371918 -6.063629
v -10.802340 145.825638 -6.014816
v -11.029668 145.411407 -6.038681
v -11.085621 144.980698 -5.621933
v -10.759016 146.278473 -5.913727
v -11.029696 145.872971 -5.982071
v -10.714830 146.740326 -5.810623
v -10.999289 146.296051 -5.895065
v -11.141859 145.423553 -5.587555
v -11.134509 145.885956 -5.514496
v -10.902906 146.847778 -5.748611
v -11.054022 145.449265 -5.479294
v -10.805001 147.258713 -5.606308
v -10.572968 147.185410 -5.670090
v -10.632694 147.724228 -5.419617
v -10.398100 147.634293 -5.513214
v -10.163852 148.083206 -5.322906
v -10.390675 148.191010 -5.196182
v -9.791451 148.647842 -5.034805
v -10.365929 148.201797 -4.672668
v -10.076813 148.696701 -4.956131
v -10.072710 148.712524 -4.444550
v -9.695121 149.638443 -6.259659
v -9.710164 149.625732 -4.999557
v -9.608689 151.041275 -6.258820
v -9.654082 151.018188 -5.018921
v -10.019569 149.631653 -4.921768
v -10.005377 150.993668 -4.933960
v -9.609818 152.109665 -5.036972
v -10.022326 149.638275 -4.409348
v -10.012402 152.120514 -4.935303
v -10.026972 151.002472 -4.426010
v -9.511518 152.775314 -6.264771
v -9.583844 152.576126 -5.074036
v -9.467906 153.593552 -6.271271
v -9.570003 152.828278 -5.175064
v -9.406715 154.425064 -6.285934
v -9.510743 153.481491 -5.784698
v -9.368816 154.906082 -6.301498
v -9.492141 153.928284 -6.030075
v -9.438760 154.413300 -6.194565
v -9.398957 154.922821 -6.245224
v -9.554717 153.102325 -5.433228
v -9.992973 153.240021 -5.346695
v -9.985967 152.994980 -5.123215
v -9.994732 152.697113 -4.986252
v -9.988693 153.595688 -5.639816
v -10.086141 153.452820 -5.096893
v -9.997478 154.023071 -5.852707
v -10.086141 153.768158 -5.355698
v -10.086141 154.127930 -5.548019
v -10.002003 154.468521 -5.978531
v -10.086141 154.518356 -5.666443
v -9.991987 154.907684 -6.034714
v -10.086141 154.924408 -5.706421
v -10.005754 155.386322 -5.974121
v -9.357622 155.441391 -6.207993
v -10.011315 155.833939 -5.832764
v -9.281238 155.940292 -6.074509
v -10.086141 155.330353 -5.666428
v -10.010744 156.247849 -5.613663
v -10.086141 155.720779 -5.548004
v -10.678091 155.218292 -5.102707
v -10.678091 154.630447 -5.102692
v -10.678091 154.924362 -5.131653
v -10.678091 154.924377 -4.844711
v -10.678091 155.500717 -5.016968
v -10.678091 154.347931 -5.016983
v -10.678091 155.598511 -4.844711
v -10.678091 155.761169 -4.877777
v -10.678091 154.087479 -4.877792
v -10.678091 154.245255 -4.844727
v -10.678091 153.859222 -4.690460
v -10.678091 154.172775 -4.825668
v -10.060790 153.193985 -4.781525
v -10.678091 154.148605 -4.768524
v -10.790465 154.183273 -4.815002
v -10.790463 154.254745 -4.833878
v -10.790463 154.159454 -4.758362
v -10.841605 154.254257 -4.742889
v -10.678091 154.148605 -4.539948
v -10.678091 153.671921 -4.462204
v -10.790463 154.159454 -4.531815
v -10.086141 153.001740 -4.421753
v -10.678091 154.148605 -4.235168
v -10.678091 153.532715 -4.201782
v -10.024709 152.332672 -4.332855
v -10.678091 154.148590 -3.930389
v -10.028391 152.119370 -4.417007
v -9.913373 152.264069 -4.293930
v -9.913360 152.089188 -4.341049
v -10.033870 152.410904 -4.140823
v -10.086141 152.883240 -4.031342
v -9.915484 152.332809 -4.133713
v -9.912771 152.272156 -3.972000
v -10.024391 152.332916 -3.925323
v -10.678091 153.447052 -3.919205
v -10.086141 152.843292 -3.625351
v -10.017101 152.108398 -3.851440
v -10.678091 153.418137 -3.625351
v -9.922536 152.098114 -3.907455
v -10.678091 154.148590 -3.625473
v -10.678091 153.447021 -3.331482
v -10.022530 152.322342 -3.285126
v -10.086141 152.883286 -3.219345
v -10.678091 154.148605 -3.320831
v -10.678091 153.532700 -3.048904
v -10.026957 152.397491 -3.072327
v -10.086141 153.001663 -2.828949
v -10.678091 154.148590 -3.016052
v -9.920421 152.274216 -3.233459
v -10.678091 153.671921 -2.788483
v -10.017569 152.112213 -3.352463
v -10.086141 153.193939 -2.469147
v -10.022454 151.021423 -3.375183
v -10.009768 152.686554 -2.274643
v -9.909275 152.113953 -3.277069
v -10.027714 151.009033 -3.827652
v -9.926079 151.018677 -3.885727
v -9.914297 151.013260 -4.351837
v -9.909183 149.626801 -4.337967
v -9.933730 149.624252 -3.878159
v -9.947002 148.698532 -4.357407
v -9.939179 148.707321 -3.914337
v -10.037401 149.624405 -3.820740
v -10.054399 148.724701 -3.407379
v -10.029232 149.606934 -3.383087
v -9.941548 148.684143 -3.324768
v -9.910915 149.620544 -3.308029
v -9.949226 148.698349 -2.896896
v -9.902520 151.017319 -3.288651
v -9.914853 149.631866 -2.863968
v -10.020812 149.626358 -2.800156
v -9.906004 151.010803 -2.858459
v -10.020047 151.014893 -2.783722
v -9.903668 152.107681 -2.863510
v -10.013281 152.130936 -2.790955
v -9.912941 152.277008 -2.908340
v -9.916268 152.331924 -3.069214
v -10.018318 152.323212 -2.865997
v -9.617557 152.841476 -2.081314
v -9.979003 152.936996 -2.161362
v -9.594940 153.110458 -1.802322
v -10.086141 153.452805 -2.153793
v -9.997448 153.234039 -1.917221
v -10.006372 153.601273 -1.630402
v -10.086141 153.768112 -1.894974
v -10.009838 154.010345 -1.417252
v -10.086141 154.127853 -1.702667
v -10.016427 154.457642 -1.290665
v -10.678091 154.087479 -2.372894
v -10.086141 154.518402 -1.584244
v -10.678091 153.859207 -2.560226
v -10.678091 154.347900 -2.233704
v -10.678091 154.148590 -2.711288
v -10.678091 154.148590 -2.482697
v -10.678091 154.172760 -2.425552
v -10.790465 154.159439 -2.719421
v -10.678091 154.245255 -2.406509
v -10.790463 154.183273 -2.436234
v -10.790463 154.159439 -2.492859
v -10.678091 154.630508 -2.147964
v -10.790463 154.254745 -2.417343
v -10.086141 154.924347 -1.544250
v -10.678091 154.924316 -2.406494
v -10.678091 154.924286 -2.119019
v -10.007683 154.921524 -1.233017
v -10.678091 155.218246 -2.147980
v -9.997258 155.383743 -1.266403
v -10.086141 155.330353 -1.584229
v -9.477629 155.426788 -1.083679
v -10.002215 155.834885 -1.407898
v -9.459670 155.924316 -1.211212
v -9.450188 156.377731 -1.450211
v -9.991673 156.261414 -1.621063
v -10.086141 155.720749 -1.702652
v -9.450258 156.774078 -1.775558
v -9.982355 156.606995 -1.890472
v -10.086141 156.080551 -1.894974
v -10.678091 155.500687 -2.233688
v -10.678091 155.761139 -2.372879
v -10.678091 155.598511 -2.406494
v -10.678091 155.989548 -2.560211
v -10.678091 155.671005 -2.425552
v -10.086141 156.395859 -2.153778
v -10.678091 155.695175 -2.482697
v -10.790465 155.660507 -2.436218
v -10.790463 155.589020 -2.417343
v -10.790463 154.921875 -2.417343
v -10.841605 155.589539 -2.508331
v -10.790463 155.684326 -2.492859
v -10.678091 155.695190 -2.711273
v -10.841605 155.524933 -2.490585
v -10.841605 155.611084 -2.561523
v -10.937889 155.561264 -2.533997
v -10.841605 154.921890 -2.490601
v -10.790463 155.684341 -2.719406
v -10.952229 155.514252 -2.520340
v -10.952229 155.577713 -2.572983
v -10.952229 154.921890 -2.520340
v -10.842890 155.611084 -2.774338
v -10.970666 155.514252 -2.572983
v -10.961219 155.577713 -2.783508
v -10.970666 154.921890 -2.572983
v -10.952229 154.329529 -2.520355
v -10.841605 154.318848 -2.490601
v -10.841605 154.254257 -2.508331
v -10.937889 154.282516 -2.533997
v -10.841605 154.232712 -2.561539
v -10.970666 154.329529 -2.572983
v -10.952229 154.266068 -2.572983
v -10.842890 154.232712 -2.774353
v -10.961219 154.266068 -2.783508
v -10.980941 154.329529 -2.783508
v -10.980941 154.921890 -2.783508
v -11.018492 154.266068 -2.923859
v -11.046396 154.329529 -2.923859
v -10.980941 155.514252 -2.783508
v -11.046396 154.921890 -2.923859
v -11.018492 155.577713 -2.923859
v -11.046396 155.514252 -2.923859
v -11.075675 154.329529 -3.064209
v -11.075675 154.921890 -3.064209
v -11.044111 154.266083 -3.064209
v -11.046396 154.329529 -3.204559
v -11.075675 155.514252 -3.064209
v -10.854732 154.232712 -3.058105
v -11.046396 154.921890 -3.204559
v -11.044111 155.577713 -3.064209
v -11.046396 155.514252 -3.204559
v -10.854732 155.611084 -3.058105
v -11.018492 155.577728 -3.204559
v -10.790465 155.684326 -3.021469
v -10.844174 155.611084 -3.341858
v -10.678091 155.695175 -3.016052
v -10.790465 155.684326 -3.323547
v -10.678091 155.695175 -3.320831
v -10.678091 156.176819 -2.788483
v -10.678091 156.316010 -3.048889
v -10.086141 156.654724 -2.469131
v -10.086141 156.847000 -2.828934
v -9.992380 156.905258 -2.254044
v -9.991722 157.147110 -2.696564
v -9.450191 157.099442 -2.171967
v -9.431636 157.346588 -2.622009
v -9.371955 157.516571 -1.760880
v -9.412209 157.516571 -2.766953
v -9.494828 157.605743 -2.766953
v -9.385286 157.516571 -3.177979
v -9.480965 158.171753 -2.766876
v -9.496260 157.605743 -3.194031
v -9.443999 158.171768 -3.782562
v -9.995645 157.282730 -3.152100
v -9.411449 157.552490 -3.625336
v -9.470642 157.605743 -3.641983
v -9.402250 157.605743 -4.138916
v -9.299277 158.171783 -4.785568
v -9.082432 158.171783 -5.772522
v -9.312950 157.605743 -4.787735
v -8.761070 158.171799 -6.727249
v -9.095850 157.605743 -5.775726
v -9.316790 157.530991 -4.143814
v -9.224032 157.516571 -4.771545
v -8.774171 157.605743 -6.731476
v -8.372863 158.171799 -7.648270
v -8.385515 157.605743 -7.653488
v -7.812477 157.516586 -8.471115
v -8.250726 157.516571 -7.587387
v -8.647319 157.516571 -6.683365
v -8.978476 157.516571 -5.743042
v -9.259709 156.407913 -5.830917
v -9.242232 156.813583 -5.502533
v -9.246482 157.149185 -5.087341
v -10.009870 156.611145 -5.316681
v -9.260891 157.395935 -4.649094
v -10.014333 156.905670 -4.953049
v -10.086141 156.080582 -5.355698
v -10.086141 156.395889 -5.096878
v -10.678091 155.989426 -4.690445
v -10.012030 157.127594 -4.542938
v -10.086141 156.654755 -4.781525
v -10.678091 156.176819 -4.462189
v -10.086141 156.847000 -4.421722
v -10.008669 157.273254 -4.082214
v -10.086141 156.965454 -4.031326
v -10.003372 157.320465 -3.627930
v -10.086141 157.005432 -3.625336
v -10.086141 156.965424 -3.219330
v -10.678091 156.401627 -3.331467
v -10.678091 156.430695 -3.625336
v -10.678091 155.695190 -3.625473
v -10.678091 156.401642 -3.919189
v -10.790463 155.684341 -3.625610
v -10.678091 156.316010 -4.201767
v -10.678091 155.695175 -3.930389
v -10.678091 155.695206 -4.235168
v -10.790870 155.684326 -3.927673
v -10.793298 155.684326 -4.229736
v -10.678091 155.695175 -4.539932
v -10.790465 155.684326 -4.531799
v -10.678091 155.695175 -4.768524
v -10.790463 155.684357 -4.758331
v -10.678091 155.671005 -4.825668
v -10.790463 155.660507 -4.814987
v -10.790463 155.589020 -4.833878
v -10.841605 155.589554 -4.742889
v -10.841605 155.611084 -4.689682
v -10.790463 154.921875 -4.833878
v -10.841605 155.524933 -4.760620
v -10.841605 154.318848 -4.760635
v -10.841605 154.921890 -4.760620
v -10.937889 155.561279 -4.717224
v -10.952229 155.514252 -4.730865
v -10.952229 154.329529 -4.730881
v -10.952229 154.921890 -4.730865
v -10.937889 154.282532 -4.717224
v -10.970666 154.329544 -4.678238
v -10.970666 154.921906 -4.678238
v -10.841605 154.232727 -4.689697
v -10.952229 154.266083 -4.678238
v -10.842890 154.232712 -4.476868
v -10.790465 154.159454 -4.229736
v -10.961219 154.266083 -4.467712
v -10.790465 154.159439 -3.927673
v -10.854732 154.232712 -4.193115
v -11.018492 154.266098 -4.327362
v -10.980941 154.329529 -4.467712
v -11.044111 154.266083 -4.187012
v -10.980941 154.921890 -4.467712
v -11.046396 154.329529 -4.327362
v -11.075675 154.329529 -4.187012
v -11.046396 154.921890 -4.327362
v -11.075675 154.921890 -4.187012
v -11.018492 154.266098 -4.046661
v -11.046396 155.514252 -4.327362
v -10.844174 154.232712 -3.909363
v -11.075675 155.514252 -4.187012
v -10.980941 155.514252 -4.467712
v -11.046944 155.577728 -4.187012
v -10.970666 155.514252 -4.678238
v -11.018897 155.577728 -4.327362
v -10.961219 155.577728 -4.467712
v -10.952229 155.577728 -4.678238
v -10.842890 155.611084 -4.476868
v -10.871732 155.611084 -4.193115
v -10.846602 155.611084 -3.909363
v -11.021326 155.577728 -4.046661
v -11.046396 155.514252 -4.046661
v -10.970614 155.577728 -3.906311
v -11.046396 154.921890 -4.046661
v -10.991217 155.514252 -3.906311
v -11.018492 155.577728 -3.765961
v -10.854732 155.611099 -3.625610
v -11.046396 155.514252 -3.765961
v -11.018492 155.577728 -3.485260
v -11.044111 155.577744 -3.625610
v -11.075675 155.514252 -3.625610
v -10.970210 155.577713 -3.344910
v -11.046396 155.514252 -3.485260
v -10.991217 155.514252 -3.344910
v -10.991217 154.921890 -3.344910
v -11.046396 154.921906 -3.485260
v -10.991217 154.329529 -3.344910
v -11.046396 154.329544 -3.485260
v -11.075675 154.921890 -3.625610
v -11.046396 154.921890 -3.765961
v -11.075675 154.329529 -3.625610
v -10.991217 154.921890 -3.906311
v -11.046396 154.329529 -3.765961
v -11.046396 154.329529 -4.046661
v -10.991217 154.329529 -3.906311
v -10.970210 154.266083 -3.906311
v -11.018492 154.266098 -3.765961
v -10.854732 154.232712 -3.625610
v -11.044111 154.266083 -3.625610
v -11.018492 154.266098 -3.485260
v -10.790465 154.159439 -3.625610
v -10.970210 154.266098 -3.344910
v -10.844174 154.232727 -3.341858
v -11.018492 154.266083 -3.204559
v -10.790463 154.159454 -3.323547
v -10.790463 154.159439 -3.021484
v 0.931805 158.171722 7.564194
v 1.850736 158.171722 7.395370
v 0.935172 157.605682 7.575729
v 0.920276 157.516724 7.436768
v 1.855460 157.605698 7.406723
v 2.761316 158.171722 7.153015
v 0.916556 157.012314 7.493912
v 3.632137 158.171722 6.804031
v 2.767124 157.605698 7.164047
v 4.482902 158.171722 6.373642
v 3.639081 157.605698 6.814636
v 5.272377 158.171722 5.844574
v 4.490934 157.605698 6.383667
v 2.721924 157.516541 7.027420
v 6.029613 158.171722 5.240723
v 1.827294 157.516541 7.277512
v 1.834248 157.010208 7.338425
v 3.596922 157.516541 6.686859
v 2.741746 157.009186 7.085495
v 1.796627 156.923401 7.182434
v 2.687260 156.919312 6.933105
v 3.599267 157.012741 6.744797
v 0.894218 156.922653 7.325974
v 0.967573 156.336624 7.479202
v 1.852731 156.371140 7.314758
v 3.527502 156.918762 6.596008
v 2.713107 156.343658 7.055115
v 4.334933 156.921906 6.175873
v 3.538485 156.272171 6.718567
v 4.423000 157.015045 6.318573
v 4.348722 156.117355 6.328247
v 4.439824 157.516541 6.261230
v 5.106990 156.916931 5.663223
v 5.212662 157.010056 5.804749
v 5.281425 157.605698 5.853958
v 5.222419 157.516541 5.760284
v 6.039561 157.605698 5.249344
v 6.719591 157.605682 4.562332
v 5.963592 157.516541 5.166473
v 5.968683 157.010208 5.195694
v 6.708807 158.171753 4.554489
v 6.653162 157.516541 4.492355
v 7.354686 157.605713 3.808487
v 7.343189 158.171753 3.801544
v 7.886584 158.171753 2.983948
v 7.898724 157.605713 2.989990
v 8.373821 158.171753 2.111588
v 8.386476 157.605713 2.116638
v 7.286009 157.516541 3.756790
v 7.835493 157.516541 2.951294
v 8.774179 157.605743 1.197571
v 8.761077 158.171753 1.193497
v 9.082960 158.171753 0.235840
v 9.096379 157.605743 0.238892
v 9.299286 158.171753 -0.748184
v 9.312961 157.605713 -0.746155
v 9.444168 158.171753 -1.754089
v 9.457967 157.605743 -1.753128
v 9.007261 157.516571 0.214096
v 9.225247 157.516556 -0.762131
v 9.480965 158.171753 -2.766876
v 9.494828 157.605743 -2.766953
v 9.443999 158.171768 -3.782562
v 9.496260 157.605743 -3.194031
v 9.371955 157.516571 -1.760880
v 9.412209 157.516571 -2.766953
v 9.385286 157.516571 -3.177979
v 9.431636 157.346588 -2.622009
v 9.470642 157.605743 -3.641983
v 9.411449 157.552490 -3.625336
v 9.402250 157.605743 -4.138916
v 9.299277 158.171783 -4.785568
v 9.082432 158.171783 -5.772522
v 9.312950 157.605743 -4.787735
v 8.761070 158.171799 -6.727249
v 9.095850 157.605743 -5.775726
v 9.316790 157.530991 -4.143814
v 9.224032 157.516571 -4.771545
v 8.774171 157.605743 -6.731476
v 8.372863 158.171799 -7.648270
v 8.385515 157.605743 -7.653488
v 7.812477 157.516586 -8.471115
v 8.250726 157.516571 -7.587387
v 8.647319 157.516571 -6.683365
v 8.978476 157.516571 -5.743042
v 9.242232 156.813583 -5.502533
v 9.246482 157.149185 -5.087341
v 9.260891 157.395935 -4.649094
v 10.009870 156.611145 -5.316681
v 10.014333 156.905670 -4.953049
v 10.012030 157.127594 -4.542938
v 9.259709 156.407913 -5.830917
v 9.281238 155.940292 -6.074509
v 10.010744 156.247849 -5.613663
v 10.086141 156.395889 -5.096878
v 10.086141 156.080582 -5.355698
v 10.011315 155.833939 -5.832764
v 10.086141 156.654755 -4.781525
v 9.357622 155.441391 -6.207993
v 10.086141 155.720779 -5.548004
v 10.005754 155.386322 -5.974121
v 9.398957 154.922821 -6.245224
v 9.368816 154.906082 -6.301498
v 10.086141 155.330353 -5.666428
v 9.406715 154.425064 -6.285934
v 9.438760 154.413300 -6.194565
v 9.991987 154.907684 -6.034714
v 10.086141 154.924408 -5.706421
v 10.002003 154.468521 -5.978531
v 9.492141 153.928284 -6.030075
v 9.997478 154.023071 -5.852707
v 10.086141 154.518356 -5.666443
v 9.467906 153.593552 -6.271271
v 9.988693 153.595688 -5.639816
v 9.511518 152.775314 -6.264771
v 9.510743 153.481491 -5.784698
v 10.086141 154.127930 -5.548019
v 9.608689 151.041275 -6.258820
v 10.678091 154.630447 -5.102692
v 9.695121 149.638443 -6.259659
v 10.678091 154.924362 -5.131653
v 9.791451 148.647842 -5.034805
v 10.678091 155.218292 -5.102707
v 10.163852 148.083206 -5.322906
v 10.678091 155.500717 -5.016968
v 10.398100 147.634293 -5.513214
v 10.678091 155.761169 -4.877777
v 10.678091 155.598511 -4.844711
v 10.678091 154.924377 -4.844711
v 10.678091 155.989426 -4.690445
v 10.678091 155.671005 -4.825668
v 10.678091 156.176819 -4.462189
v 10.678091 155.695175 -4.768524
v 10.678091 155.695175 -4.539932
v 10.790463 155.660507 -4.814987
v 10.790463 155.684357 -4.758331
v 10.790463 155.589020 -4.833878
v 10.841605 155.589554 -4.742889
v 10.790465 155.684326 -4.531799
v 10.841605 155.611084 -4.689682
v 10.841605 155.524933 -4.760620
v 10.678091 155.695206 -4.235168
v 10.790463 154.921875 -4.833878
v 10.937889 155.561279 -4.717224
v 10.841605 154.921890 -4.760620
v 10.952229 155.514252 -4.730865
v 10.952229 155.577728 -4.678238
v 10.970666 155.514252 -4.678238
v 10.842890 155.611084 -4.476868
v 10.961219 155.577728 -4.467712
v 10.970666 154.921906 -4.678238
v 10.793298 155.684326 -4.229736
v 10.952229 154.921890 -4.730865
v 10.980941 155.514252 -4.467712
v 10.970666 154.329544 -4.678238
v 10.952229 154.329529 -4.730881
v 10.841605 154.318848 -4.760635
v 10.937889 154.282532 -4.717224
v 10.980941 154.921890 -4.467712
v 10.790463 154.254745 -4.833878
v 10.841605 154.254257 -4.742889
v 10.678091 154.245255 -4.844727
v 10.790465 154.183273 -4.815002
v 10.678091 154.347931 -5.016983
v 10.678091 154.172775 -4.825668
v 10.678091 154.087479 -4.877792
v 10.678091 154.148605 -4.768524
v 10.790463 154.159454 -4.758362
v 10.086141 153.768158 -5.355698
v 10.678091 153.859222 -4.690460
v 9.992973 153.240021 -5.346695
v 10.086141 153.452820 -5.096893
v 9.554717 153.102325 -5.433228
v 9.985967 152.994980 -5.123215
v 10.060790 153.193985 -4.781525
v 9.570003 152.828278 -5.175064
v 9.994732 152.697113 -4.986252
v 9.583844 152.576126 -5.074036
v 9.609818 152.109665 -5.036972
v 10.012402 152.120514 -4.935303
v 9.654082 151.018188 -5.018921
v 9.710164 149.625732 -4.999557
v 10.005377 150.993668 -4.933960
v 10.076813 148.696701 -4.956131
v 10.019569 149.631653 -4.921768
v 10.390675 148.191010 -5.196182
v 10.072710 148.712524 -4.444550
v 10.365929 148.201797 -4.672668
v 10.022326 149.638275 -4.409348
v 10.026972 151.002472 -4.426010
v 9.909183 149.626801 -4.337967
v 9.914297 151.013260 -4.351837
v 10.028391 152.119370 -4.417007
v 9.913360 152.089188 -4.341049
v 9.926079 151.018677 -3.885727
v 10.024709 152.332672 -4.332855
v 9.913373 152.264069 -4.293930
v 10.086141 153.001740 -4.421753
v 10.033870 152.410904 -4.140823
v 9.915484 152.332809 -4.133713
v 9.912771 152.272156 -3.972000
v 10.678091 153.671921 -4.462204
v 9.922536 152.098114 -3.907455
v 10.678091 154.148605 -4.539948
v 10.027714 151.009033 -3.827652
v 10.790463 154.159454 -4.531815
v 10.017101 152.108398 -3.851440
v 9.933730 149.624252 -3.878159
v 10.024391 152.332916 -3.925323
v 9.939179 148.707321 -3.914337
v 10.086141 152.883240 -4.031342
v 9.947002 148.698532 -4.357407
v 10.678091 153.532715 -4.201782
v 10.295111 148.117310 -4.606705
v 10.295567 148.136017 -4.162872
v 10.654597 147.725800 -4.909500
v 10.558999 147.690445 -4.365677
v 10.632694 147.724228 -5.419617
v 10.550858 147.686127 -4.813522
v 10.572968 147.185410 -5.670090
v 10.780539 147.237549 -4.552307
v 10.714830 146.740326 -5.810623
v 10.764790 147.237228 -5.005249
v 10.862916 147.269379 -5.109329
v 10.805001 147.258713 -5.606308
v 10.902906 146.847778 -5.748611
v 10.992165 146.860550 -5.269318
v 10.902506 146.840805 -5.158188
v 10.930462 146.841110 -4.692078
v 11.011441 146.330246 -5.322174
v 11.093428 146.335526 -5.421875
v 10.999289 146.296051 -5.895065
v 10.759016 146.278473 -5.913727
v 11.134509 145.885956 -5.514496
v 10.802340 145.825638 -6.014816
v 11.029696 145.872971 -5.982071
v 11.048711 145.891922 -5.413971
v 10.778636 145.371918 -6.063629
v 11.109745 145.921799 -4.927063
v 10.700168 144.956558 -6.087662
v 11.029668 145.411407 -6.038681
v 10.965291 144.978546 -6.064697
v 11.141859 145.423553 -5.587555
v 11.085621 144.980698 -5.621933
v 11.054022 145.449265 -5.479294
v 11.002360 145.006271 -5.515457
v 11.126724 145.479065 -5.001572
v 11.061530 145.038330 -5.026840
v 10.857446 144.565765 -5.510559
v 10.935057 144.585663 -5.030533
v 10.934015 144.516769 -5.621078
v 10.618268 144.181107 -5.453049
v 10.815873 144.510376 -6.056839
v 10.551002 144.578293 -6.085052
v 10.590783 144.114349 -6.014404
v 10.299754 144.184326 -6.043961
v 10.688349 144.103043 -5.551971
v 10.212987 143.715271 -5.909805
v 9.972575 143.832352 -5.946091
v 9.591163 143.520721 -5.839798
v 9.821587 143.399170 -5.796021
v 10.347264 143.717911 -5.456161
v 9.059737 143.197708 -5.681717
v 9.223465 143.034363 -5.602386
v 8.379410 142.935501 -5.481186
v 8.461002 142.770996 -5.410217
v 9.949305 143.382492 -5.338043
v 9.305873 143.019241 -5.129349
v 7.372188 141.696198 -4.794434
v 7.863822 142.665680 -5.246704
v 7.435709 142.580215 -4.604462
v 7.480999 141.696198 -4.092468
v 7.929171 142.635834 -4.747009
v 8.567353 142.772079 -4.916916
v 7.456103 142.697235 -4.520950
v 7.922428 142.754272 -4.656677
v 8.541450 142.879211 -4.832962
v 7.518687 142.712952 -4.094391
v 7.985877 142.748566 -4.215683
v 7.518637 142.554703 -3.977036
v 8.616015 142.861115 -4.389343
v 8.033360 142.627960 -4.150177
v 7.541512 142.547226 -3.562866
v 7.504496 141.702408 -3.381378
v 8.077283 142.614471 -3.720932
v 8.667533 142.752823 -4.331711
v 8.729819 142.770538 -3.898453
v 9.353082 143.096115 -4.593582
v 9.269995 143.121933 -5.037796
v 9.399231 143.007034 -4.532867
v 9.885844 143.476746 -5.227905
v 9.989416 143.459015 -4.779083
v 10.289688 143.797729 -5.364746
v 10.388362 143.797455 -4.900940
v 10.727850 144.173294 -4.992935
v 10.079758 143.392334 -4.738602
v 10.774899 144.119461 -4.955200
v 10.447788 143.715607 -4.852280
v 11.007338 144.556580 -5.002548
v 11.154175 145.001892 -5.001068
v 11.088874 144.554138 -4.577881
v 10.870560 144.134003 -4.525345
v 11.219299 145.455383 -4.968384
v 11.223455 145.018509 -4.579422
v 11.217206 145.910324 -4.901047
v 11.288180 145.473953 -4.553619
v 11.002994 144.603928 -4.485611
v 11.139503 145.061844 -4.492844
v 11.286077 145.939209 -4.488541
v 11.209309 145.500732 -4.470993
v 11.197372 145.069397 -4.044983
v 10.802757 144.193146 -4.449127
v 11.091466 144.612869 -4.028549
v 11.260240 145.516113 -4.010712
v 10.484877 143.803268 -4.355911
v 11.196229 145.937363 -4.389465
v 10.538169 143.723709 -4.435822
v 10.154528 143.397675 -4.308823
v 10.102017 143.475266 -4.234329
v 9.465092 143.020813 -4.110321
v 9.426724 143.104828 -4.044510
v 8.709042 142.864105 -3.834030
v 8.055320 142.721237 -3.643799
v 9.535447 143.088501 -3.606659
v 7.606167 142.669189 -3.506363
v 8.786262 142.844635 -3.396210
v 8.076977 142.709396 -3.194290
v 7.537694 142.687836 -3.046936
v 7.531414 142.506180 -2.954926
v 7.480999 141.696198 -2.674683
v 8.098436 142.597046 -3.129776
v 8.827988 142.739059 -3.320953
v 8.133418 142.593613 -2.691986
v 7.493161 142.502182 -2.524246
v 7.372187 141.696198 -1.972748
v 8.864842 142.745789 -2.902344
v 7.389214 142.598114 -1.882477
v 7.191836 141.696198 -1.284698
v 8.062917 142.706467 -2.626465
v 7.484568 142.653976 -2.479401
v 7.994145 142.632950 -1.947739
v 7.203210 142.521072 -1.209488
v 8.776838 142.875626 -2.823013
v 7.847136 142.547455 -1.253357
v 7.000528 142.435089 -0.628937
v 6.971455 141.696198 -0.643143
v 7.667386 142.426132 -0.554214
v 6.770675 142.301758 -0.063904
v 6.742557 141.696198 -0.080673
v 7.447534 142.299133 0.095886
v 6.408965 142.080307 0.629440
v 6.382591 141.695023 0.598770
v 5.971297 141.737701 1.219498
v 7.139369 142.161880 0.782883
v 5.986491 141.917542 1.241837
v 5.690284 141.752136 1.388977
v 5.978502 141.960846 1.352127
v 6.838906 142.217545 1.433777
v 6.895678 142.135010 1.351746
v 7.427118 142.486435 1.559784
v 7.520118 142.420197 1.468079
v 7.960227 142.846191 1.752869
v 7.830031 142.427750 0.926956
v 8.068811 142.794983 1.668320
v 8.392998 143.276672 2.027740
v 8.131729 142.503677 0.240952
v 8.461623 142.786087 1.067154
v 8.510423 143.241241 1.958984
v 8.659701 143.736465 2.333542
v 8.377224 142.601776 -0.491440
v 8.815822 142.833755 0.354950
v 8.579254 142.714249 -1.268341
v 9.106094 142.908066 -0.447769
v 9.008726 143.222137 1.284073
v 9.417982 143.301605 0.525253
v 9.350006 143.002151 -1.328247
v 8.737855 142.808990 -2.104614
v 9.772542 143.369675 -0.348190
v 9.566997 143.079834 -2.290985
v 10.052186 143.445526 -1.326889
v 9.549935 143.130508 -3.043930
v 10.243824 143.475037 -2.394745
v 10.651036 144.136154 -1.263367
v 9.648833 143.004074 -3.123810
v 10.183441 143.515518 -3.222214
v 9.604203 142.988129 -3.533813
v 10.312387 143.393372 -3.309937
v 10.832710 144.194458 -2.447510
v 10.512893 143.829819 -3.318985
v 10.270592 143.377121 -3.724884
v 10.195074 143.483521 -3.790237
v 10.569510 143.812729 -3.903702
v 10.707435 143.743988 -3.427155
v 10.664740 143.732117 -3.847229
v 10.887430 144.207901 -3.990204
v 10.825093 144.225647 -3.396515
v 11.028964 144.143524 -3.509384
v 10.979710 144.144958 -3.938614
v 11.189597 144.575134 -3.983704
v 11.251909 144.576340 -3.571716
v 11.046939 144.685394 -3.445312
v 11.386659 145.040054 -3.582123
v 11.320024 145.046921 -3.994278
v 11.373324 145.501434 -3.970367
v 11.172046 145.084625 -3.457901
v 11.184633 145.083588 -2.400848
v 11.241221 145.478058 -3.433838
v 11.453068 145.505310 -3.560242
v 11.372258 145.945374 -3.895798
v 11.270391 145.950165 -3.930084
v 11.440081 145.957245 -3.495605
v 11.218132 145.945038 -3.360580
v 11.189346 145.920746 -2.113358
v 11.139127 146.331238 -3.267181
v 11.283996 146.412582 -3.783218
v 11.347930 146.409958 -3.383087
v 10.992893 146.761032 -3.132553
v 11.184046 146.399384 -3.823303
v 11.130355 146.871216 -3.641876
v 11.191312 146.878235 -3.227158
v 11.038398 146.565521 -1.962051
v 10.785534 147.217300 -2.964386
v 10.954582 147.278854 -3.491226
v 11.016935 147.291672 -3.069489
v 11.023297 146.848877 -3.689072
v 10.711544 147.748077 -3.296478
v 10.851789 147.246948 -3.540314
v 10.993954 146.847748 -4.128250
v 10.765069 147.763535 -2.865189
v 10.823329 147.242325 -3.970139
v 11.120443 146.376755 -4.267441
v 11.203484 146.397781 -4.352432
v 11.076552 146.865662 -4.205841
v 11.165641 146.386948 -4.776428
v 11.045255 146.865387 -4.633896
v 11.066761 146.359406 -4.828323
v 10.896185 147.273239 -4.488251
v 10.913063 147.271667 -4.050598
v 10.676504 147.737930 -4.301682
v 10.678133 147.732773 -3.860123
v 10.376679 148.227371 -4.076813
v 10.057325 148.732605 -3.849640
v 10.380198 148.210083 -3.645157
v 10.581522 147.695648 -3.778931
v 10.037401 149.624405 -3.820740
v 10.606420 147.706970 -3.347549
v 10.290245 148.163940 -3.574081
v 10.054399 148.724701 -3.407379
v 10.403279 148.237274 -3.067017
v 10.303165 148.175354 -3.133881
v 9.941548 148.684143 -3.324768
v 10.029232 149.606934 -3.383087
v 9.949226 148.698349 -2.896896
v 9.910915 149.620544 -3.308029
v 10.022454 151.021423 -3.375183
v 10.070607 148.724365 -2.842743
v 9.914853 149.631866 -2.863968
v 9.902520 151.017319 -3.288651
v 10.415252 148.274963 -2.634155
v 10.020812 149.626358 -2.800156
v 10.527398 147.672455 -2.778702
v 10.065397 148.739685 -2.402878
v 10.164672 148.206955 -2.546860
v 10.781994 147.169769 -1.732178
v 10.475059 147.706223 -1.493591
v 9.755134 148.662292 -2.305511
v 10.106642 148.195496 -1.208725
v 10.612869 147.083588 -0.475403
v 10.291451 147.651413 -0.291290
v 10.864373 146.472031 -0.723038
v 11.002603 145.827866 -0.912796
v 10.509514 146.306396 0.546768
v 10.989285 144.974289 -1.135559
v 10.670949 145.636642 0.287399
v 10.634887 144.801666 0.040497
v 10.317332 144.021011 -0.188553
v 9.887844 143.921539 0.773529
v 10.155873 144.652985 1.078552
v 9.390324 143.841843 1.601059
v 10.156022 145.383636 1.422623
v 9.571103 144.496567 1.988922
v 8.786627 143.737122 2.267090
v 8.795773 144.322678 2.751328
v 8.922789 144.352951 2.708176
v 8.731449 144.997101 3.264694
v 9.507986 145.167297 2.444595
v 8.867113 145.038406 3.219543
v 8.684986 145.476028 3.589401
v 8.546129 145.434540 3.622574
v 9.207447 145.824951 2.968826
v 9.965384 146.069717 1.754395
v 8.505485 145.818008 3.864273
v 8.378825 145.745041 3.893295
v 10.253165 146.934204 0.735626
v 8.249612 146.138321 4.156250
v 8.112678 146.058701 4.172180
v 8.991334 146.434814 3.150101
v 9.704895 146.693481 1.949661
v 8.706375 146.962524 3.251465
v 7.897370 146.471024 4.489441
v 7.828028 146.387863 4.488220
v 9.923472 147.497345 0.876694
v 7.379548 146.825241 4.901703
v 7.333554 146.772980 4.898087
v 9.914824 148.128128 -0.124969
v 9.389680 147.260284 2.040512
v 9.640141 148.709427 -0.994980
v 9.538855 147.983017 0.960632
v 9.672557 149.625137 -2.257523
v 9.358050 148.625458 0.046295
v 10.016511 149.628036 -2.347656
v 9.009959 147.765839 2.046051
v 10.020047 151.014893 -2.783722
v 8.335468 147.488480 3.228607
v 9.906004 151.010803 -2.858459
v 10.012016 151.019333 -2.315369
v 9.903668 152.107681 -2.863510
v 10.013281 152.130936 -2.790955
v 9.651237 151.018204 -2.225555
v 9.909275 152.113953 -3.277069
v 9.601092 149.627243 -1.001724
v 10.017569 152.112213 -3.352463
v 7.677271 149.577957 -0.161835
v 10.022530 152.322342 -3.285126
v 9.920421 152.274216 -3.233459
v 10.086141 152.843292 -3.625351
v 9.912941 152.277008 -2.908340
v 9.916268 152.331924 -3.069214
v 10.026957 152.397491 -3.072327
v 10.018318 152.323212 -2.865997
v 10.086141 152.883286 -3.219345
v 10.086141 153.001663 -2.828949
v 10.002021 152.121841 -2.290924
v 10.678091 153.532700 -3.048904
v 9.654916 152.103470 -2.207031
v 10.678091 153.447021 -3.331482
v 9.576269 151.034546 -0.997467
v 10.678091 153.418137 -3.625351
v 7.629981 150.766968 -0.160294
v 10.678091 153.447052 -3.919205
v 10.678091 154.148590 -3.625473
v 10.678091 154.148590 -3.930389
v 10.678091 154.148605 -4.235168
v 10.790465 154.159454 -4.229736
v 10.790465 154.159439 -3.927673
v 10.842890 154.232712 -4.476868
v 10.854732 154.232712 -4.193115
v 10.790465 154.159439 -3.625610
v 10.841605 154.232727 -4.689697
v 10.952229 154.266083 -4.678238
v 10.961219 154.266083 -4.467712
v 10.980941 154.329529 -4.467712
v 11.018492 154.266098 -4.327362
v 11.046396 154.921890 -4.327362
v 11.046396 154.329529 -4.327362
v 11.044111 154.266083 -4.187012
v 11.075675 154.329529 -4.187012
v 11.075675 154.921890 -4.187012
v 11.046396 155.514252 -4.327362
v 11.018897 155.577728 -4.327362
v 11.075675 155.514252 -4.187012
v 10.871732 155.611084 -4.193115
v 11.046944 155.577728 -4.187012
v 11.046396 154.921890 -4.046661
v 11.046396 155.514252 -4.046661
v 11.021326 155.577728 -4.046661
v 11.046396 154.329529 -4.046661
v 10.991217 154.921890 -3.906311
v 11.018492 154.266098 -4.046661
v 10.991217 154.329529 -3.906311
v 10.991217 155.514252 -3.906311
v 11.046396 154.921890 -3.765961
v 10.970210 154.266083 -3.906311
v 10.844174 154.232712 -3.909363
v 11.018492 154.266098 -3.765961
v 11.046396 154.329529 -3.765961
v 10.854732 154.232712 -3.625610
v 11.075675 154.921890 -3.625610
v 11.075675 154.329529 -3.625610
v 11.044111 154.266083 -3.625610
v 11.018492 154.266098 -3.485260
v 10.844174 154.232727 -3.341858
v 11.046396 154.329544 -3.485260
v 10.790463 154.159454 -3.323547
v 10.970210 154.266098 -3.344910
v 10.678091 154.148605 -3.320831
v 10.854732 154.232712 -3.058105
v 10.790463 154.159439 -3.021484
v 10.678091 154.148590 -3.016052
v 11.018492 154.266083 -3.204559
v 10.790465 154.159439 -2.719421
v 11.046396 154.329529 -3.204559
v 10.842890 154.232712 -2.774353
v 10.991217 154.329529 -3.344910
v 11.044111 154.266083 -3.064209
v 10.991217 154.921890 -3.344910
v 11.018492 154.266068 -2.923859
v 11.046396 154.921906 -3.485260
v 11.046396 154.921890 -3.204559
v 10.991217 155.514252 -3.344910
v 11.075675 155.514252 -3.625610
v 11.046396 155.514252 -3.485260
v 11.046396 155.514252 -3.204559
v 10.970210 155.577713 -3.344910
v 11.075675 154.921890 -3.064209
v 11.075675 154.329529 -3.064209
v 11.075675 155.514252 -3.064209
v 11.046396 154.329529 -2.923859
v 11.046396 154.921890 -2.923859
v 10.980941 154.329529 -2.783508
v 10.980941 154.921890 -2.783508
v 11.046396 155.514252 -2.923859
v 10.961219 154.266068 -2.783508
v 11.044111 155.577713 -3.064209
v 10.952229 154.266068 -2.572983
v 11.018492 155.577728 -3.204559
v 10.841605 154.232712 -2.561539
v 10.970666 154.329529 -2.572983
v 10.937889 154.282516 -2.533997
v 10.790463 154.159439 -2.492859
v 10.970666 154.921890 -2.572983
v 10.952229 154.329529 -2.520355
v 10.841605 154.254257 -2.508331
v 10.841605 154.318848 -2.490601
v 10.952229 154.921890 -2.520340
v 10.841605 154.921890 -2.490601
v 10.952229 155.514252 -2.520340
v 10.980941 155.514252 -2.783508
v 10.970666 155.514252 -2.572983
v 11.018492 155.577713 -2.923859
v 10.961219 155.577713 -2.783508
v 10.854732 155.611084 -3.058105
v 10.842890 155.611084 -2.774338
v 10.952229 155.577713 -2.572983
v 10.937889 155.561264 -2.533997
v 10.841605 155.611084 -2.561523
v 10.841605 155.524933 -2.490585
v 10.841605 155.589539 -2.508331
v 10.790463 154.921875 -2.417343
v 10.790463 155.589020 -2.417343
v 10.790463 154.254745 -2.417343
v 10.678091 154.924316 -2.406494
v 10.790463 154.183273 -2.436234
v 10.678091 154.245255 -2.406509
v 10.678091 154.148590 -2.482697
v 10.678091 154.172760 -2.425552
v 10.678091 154.148590 -2.711288
v 10.678091 154.087479 -2.372894
v 10.678091 153.859207 -2.560226
v 10.678091 153.671921 -2.788483
v 10.086141 153.452805 -2.153793
v 10.086141 153.193939 -2.469147
v 10.009768 152.686554 -2.274643
v 9.979003 152.936996 -2.161362
v 9.637566 152.595337 -2.177887
v 9.617557 152.841476 -2.081314
v 9.547307 152.667145 -0.994614
v 9.594940 153.110458 -1.802322
v 9.997448 153.234039 -1.917221
v 9.579355 153.490143 -1.503860
v 10.086141 153.768112 -1.894974
v 10.006372 153.601273 -1.630402
v 10.086141 154.127853 -1.702667
v 10.678091 154.347900 -2.233704
v 10.009838 154.010345 -1.417252
v 10.678091 154.630508 -2.147964
v 10.086141 154.518402 -1.584244
v 10.016427 154.457642 -1.290665
v 10.086141 154.924347 -1.544250
v 10.678091 154.924286 -2.119019
v 10.678091 155.218246 -2.147980
v 10.678091 155.598511 -2.406494
v 10.086141 155.330353 -1.584229
v 10.790465 155.660507 -2.436218
v 10.678091 155.500687 -2.233688
v 10.678091 155.671005 -2.425552
v 10.678091 155.761139 -2.372879
v 10.086141 155.720749 -1.702652
v 10.678091 155.695175 -2.482697
v 10.790463 155.684326 -2.492859
v 10.678091 155.989548 -2.560211
v 10.790463 155.684341 -2.719406
v 10.678091 155.695190 -2.711273
v 10.790465 155.684326 -3.021469
v 10.678091 155.695175 -3.016052
v 10.678091 156.176819 -2.788483
v 10.678091 155.695175 -3.320831
v 10.678091 156.316010 -3.048889
v 10.790465 155.684326 -3.323547
v 10.844174 155.611084 -3.341858
v 10.678091 155.695190 -3.625473
v 11.018492 155.577728 -3.485260
v 10.790463 155.684341 -3.625610
v 10.854732 155.611099 -3.625610
v 11.044111 155.577744 -3.625610
v 11.018492 155.577728 -3.765961
v 10.846602 155.611084 -3.909363
v 11.046396 155.514252 -3.765961
v 10.970614 155.577728 -3.906311
v 10.790870 155.684326 -3.927673
v 10.678091 155.695175 -3.930389
v 10.678091 156.316010 -4.201767
v 10.678091 156.401642 -3.919189
v 10.086141 156.847000 -4.421722
v 10.086141 156.965454 -4.031326
v 10.008669 157.273254 -4.082214
v 10.086141 157.005432 -3.625336
v 10.678091 156.430695 -3.625336
v 10.678091 156.401627 -3.331467
v 10.003372 157.320465 -3.627930
v 10.086141 156.965424 -3.219330
v 9.995645 157.282730 -3.152100
v 10.086141 156.847000 -2.828934
v 9.991722 157.147110 -2.696564
v 10.086141 156.654724 -2.469131
v 9.992380 156.905258 -2.254044
v 10.086141 156.395859 -2.153778
v 10.086141 156.080551 -1.894974
v 9.982355 156.606995 -1.890472
v 9.450191 157.099442 -2.171967
v 9.450258 156.774078 -1.775558
v 9.991673 156.261414 -1.621063
v 9.450188 156.377731 -1.450211
v 9.361608 156.437057 -0.893600
v 10.002215 155.834885 -1.407898
v 9.459670 155.924316 -1.211212
v 9.997258 155.383743 -1.266403
v 9.477629 155.426788 -1.083679
v 10.007683 154.921524 -1.233017
v 9.506213 154.908569 -1.040527
v 9.272671 155.277451 0.138657
v 9.157249 156.395737 0.182144
v 8.697184 157.516571 1.168365
v 8.878011 156.383835 1.193100
v 8.304545 157.516556 2.076477
v 8.992488 155.163437 1.197433
v 8.478937 156.390793 2.184525
v 7.906375 156.798096 3.042389
v 9.332710 154.450043 0.065811
v 8.612732 155.052597 2.217590
v 9.484702 154.686737 -0.962433
v 9.041924 154.112137 1.130829
v 9.525496 154.387817 -1.102371
v 7.659009 152.701584 -0.094101
v 9.532357 153.509888 -0.993134
v 9.557368 153.932343 -1.250183
v 7.296727 152.432281 0.466324
v 7.326344 150.674042 0.348801
v 6.929446 152.090668 1.133499
v 7.449308 149.466400 0.215851
v 7.005381 150.520325 0.951904
v 8.657518 153.695129 2.186844
v 6.438688 151.602615 2.053268
v 8.984616 148.491806 1.012421
v 7.127977 149.326096 0.827988
v 8.452701 148.276306 2.067413
v 6.597454 150.268921 1.720245
v 6.719136 149.160263 1.597977
v 7.866387 148.030609 3.089722
v 6.026239 151.176208 2.835403
v 6.194100 149.986908 2.481033
v 6.309299 148.989395 2.366226
v 7.750741 147.208084 4.203873
v 7.302137 147.796356 4.041397
v 6.870487 147.581924 4.815704
v 5.908033 148.801331 3.127213
v 6.929315 147.096848 5.216629
v 6.863162 147.036469 5.194382
v 5.503078 148.619446 3.895035
v 6.477124 147.338669 5.491180
v 6.433519 147.227402 5.412186
v 6.456285 147.649628 5.324829
v 5.334453 148.555969 4.218079
v 6.268606 147.459076 5.623459
v 6.190761 147.357132 5.548492
v 6.185076 147.329376 5.560760
v 5.976827 147.427246 5.704254
v 6.138645 147.822235 5.612839
v 6.080426 147.567749 5.742844
v 5.991885 147.476761 5.678329
v 5.576305 147.748276 5.954437
v 5.460393 147.669601 6.056625
v 5.652604 147.814316 6.010635
v 5.186047 148.014359 6.219604
v 4.969429 147.897812 6.420197
v 5.266846 148.081512 6.282898
v 4.646616 148.393509 6.592270
v 4.427248 148.169083 6.837479
v 4.751874 148.434280 6.648422
v 5.826742 148.146408 5.807083
v 5.541099 148.658401 5.963684
v 4.227500 148.841263 7.055557
v 4.089756 148.796310 6.976700
v 3.897942 148.453476 7.262039
v 3.479433 148.699112 7.602509
v 5.370952 149.213211 6.051193
v 3.666250 149.115463 7.266205
v 3.052097 148.937820 7.923981
v 3.804888 149.168411 7.376144
v 3.239699 149.434845 7.547089
v 2.471566 149.236404 8.331085
v 3.374446 149.502548 7.692566
v 4.682996 149.733002 6.708542
v 4.216089 150.065430 7.099243
v 2.753034 149.781586 7.847305
v 1.935230 149.482864 8.664978
v 2.883125 149.861206 8.026230
v 2.189557 150.156036 8.162735
v 1.351298 149.694855 8.971619
v 2.330834 150.239059 8.360611
v 3.753219 150.378204 7.447495
v 3.210824 150.722931 7.809708
v 1.786224 150.577423 8.628937
v 1.661765 150.484436 8.431564
v 1.163071 150.792099 8.658981
v 0.699491 149.864609 9.194565
v 1.259364 150.888947 8.823578
v 2.591490 151.090591 8.167603
v 2.029052 151.401169 8.427872
v 0.530412 151.162399 8.860916
v 0.618188 151.217453 8.964371
v 0.643972 151.999161 8.644424
v 1.441705 151.722290 8.646683
v 0.736409 152.020020 8.781113
v 0.800618 153.059464 8.370438
v 0.903271 153.067215 8.491592
v 1.639032 152.803619 8.334442
v 1.028668 154.261139 8.037933
v 1.135641 154.258499 8.182587
v 1.269691 155.446411 7.677551
v 1.388065 155.452560 7.838120
v 1.888326 154.027878 8.019363
v 1.383760 155.633270 7.607590
v 1.482621 155.618118 7.794388
v 1.529551 155.780426 7.538895
v 1.742050 155.917847 7.456848
v 1.632462 155.761688 7.746704
v 2.158265 155.303757 7.735809
v 1.833621 155.887558 7.677002
v 1.988705 155.982040 7.378769
v 2.067660 155.944885 7.615311
v 2.292813 155.981995 7.288498
v 2.361486 155.942810 7.531494
v 2.871178 155.829041 7.102570
v 2.967167 155.781525 7.310272
v 3.572536 155.607422 6.826096
v 2.806252 155.061539 7.518250
v 3.649842 155.559021 7.055344
v 2.545717 153.802597 7.800476
v 3.501603 154.774734 7.253723
v 4.441358 155.252075 6.693268
v 2.277205 152.537979 8.110489
v 3.203945 153.515091 7.539413
v 2.901922 152.263947 7.843582
v 4.256982 154.450729 6.901398
v 3.875128 153.195557 7.216583
v 3.521611 151.932327 7.513718
v 4.893126 154.096375 6.560654
v 4.091854 151.568146 7.161163
v 4.497233 152.856430 6.868011
v 4.607361 151.173401 6.793854
v 5.068254 152.491379 6.485886
v 5.449719 153.783417 6.215179
v 5.135099 150.681870 6.333572
v 5.636382 152.057999 6.022110
v 6.022883 153.433105 5.775421
v 5.683459 154.680176 5.976517
v 6.266552 154.366364 5.540924
v 5.113474 154.953720 6.325653
v 4.354367 155.307846 6.464417
v 5.008997 155.021729 6.084534
v 5.061084 155.939163 5.887070
v 5.556535 154.766861 5.713623
v 5.853137 156.920990 5.068283
v 5.945529 155.653687 5.210220
v 6.539694 156.916901 4.392029
v 6.110526 154.468445 5.262085
v 6.574065 155.430527 4.616547
v 6.668133 157.005432 4.505371
v 6.773131 154.019531 5.074432
v 7.297725 156.980057 3.778305
v 7.141534 156.890991 3.673279
v 7.530908 156.958923 3.495865
v 7.354565 156.873627 3.390488
v 7.770461 156.893204 3.193573
v 7.565299 156.810379 3.104614
v 7.666562 156.716827 2.976578
v 7.739128 156.527359 2.908295
v 7.488427 155.157623 3.508789
v 7.272052 155.213989 3.791321
v 7.061844 155.270508 4.060028
v 6.581589 154.153671 4.783554
v 6.874003 153.956528 4.451538
v 7.079346 153.798218 4.717743
v 7.082906 153.834717 4.184891
v 7.319932 153.640320 4.410309
v 6.537809 153.115601 5.291122
v 6.943252 152.918137 4.852417
v 6.236628 152.099731 5.482758
v 6.776184 151.935532 4.923218
v 6.091269 151.238602 5.503006
v 5.723594 150.809891 5.747665
v 5.301646 150.305450 4.228241
v 5.166598 150.075073 4.507111
v 5.467687 150.423737 5.927353
v 5.087039 149.905670 4.641464
v 5.339543 149.998795 6.036682
v 5.033849 149.692291 4.728943
v 5.322956 149.627258 6.054993
v 5.033338 149.486877 4.754150
v 5.410719 149.403259 3.960434
v 5.066921 149.215881 4.701935
v 5.107677 148.942062 4.639435
v 5.170934 148.687820 4.523605
v 5.230337 148.576782 4.417130
v 5.815954 149.718109 3.195404
v 5.679665 150.800690 3.499008
v 7.547044 152.639160 4.084808
v 8.070940 153.114685 3.326385
v 7.491170 153.609558 4.171219
v 7.647421 153.653122 3.942444
v 7.217303 153.793137 4.018463
v 7.357921 153.804443 3.830627
v 7.440315 153.894058 3.691559
v 7.769557 153.775604 3.761002
v 7.874197 154.043365 3.588593
v 7.513414 154.078873 3.565613
v 7.601243 154.454590 3.416718
v 7.943650 154.441895 3.433029
v 7.656575 155.120834 3.266068
v 7.702173 155.110870 3.200241
v 8.049539 155.189499 3.199478
v 7.775791 155.958893 2.960983
v 8.082193 155.994812 3.000748
v 7.773628 156.242996 2.912186
v 8.058513 156.299835 2.955399
v 8.000788 156.598938 2.961929
v -10.154528 143.397675 -4.308823
v -10.538169 143.723709 -4.435822
v -10.079758 143.392334 -4.738602
v -10.388362 143.797455 -4.900940
v -10.447788 143.715607 -4.852280
v -10.774899 144.119461 -4.955200
v -10.289688 143.797729 -5.364746
v -10.727850 144.173294 -4.992935
v -10.618268 144.181107 -5.453049
v -11.007338 144.556580 -5.002548
v -10.857446 144.565765 -5.510559
v -10.935057 144.585663 -5.030533
v -11.002360 145.006271 -5.515457
v -11.061530 145.038330 -5.026840
v -11.154175 145.001892 -5.001068
v -4.194830 141.661087 1.491241
v -3.582314 141.654846 1.576782
v -3.603427 141.595123 1.621552
v -3.096919 141.661896 1.697601
v -4.200146 141.561737 1.547668
v -4.873886 141.642975 1.415070
v -3.654849 141.189621 2.104309
v -4.891195 141.569336 1.473831
v -4.266247 141.145172 2.066208
v -5.758675 141.645157 1.455399
v -4.945862 141.163910 2.070602
v -6.419948 141.849304 1.451965
v -5.699542 141.268234 2.106537
v -6.903650 142.017975 1.509872
v -6.377330 141.446426 2.151535
v -7.511847 142.293640 1.625931
v -7.123444 141.723679 2.272812
v -8.018988 142.639511 1.823364
v -7.866366 142.117935 2.560287
v -8.491048 143.138184 2.106232
v -8.407402 142.601990 2.870010
v -8.776505 143.639313 2.428085
v -8.770601 143.143082 3.206268
v -8.937515 144.268173 2.878021
v -8.971717 143.751419 3.563065
v -8.891053 144.969360 3.416336
v -8.996786 144.321167 3.888626
v -8.707708 145.398804 3.774490
v -8.891954 144.879654 4.274414
v -8.576897 145.717636 4.033905
v -8.306211 146.084351 4.353348
v -8.594658 145.506165 4.777420
v -7.980710 146.412338 4.659485
v -7.429010 146.820602 5.101089
v -8.059676 146.126343 5.294739
v -6.947533 147.085754 5.404449
v -7.521707 146.404297 5.890991
v -6.553278 147.268494 5.641861
v -6.785711 146.792374 6.211945
v -6.120162 147.450165 5.906677
v -5.573440 147.679733 6.245346
v -6.175509 147.008591 6.497131
v -5.003221 147.932831 6.614868
v -5.546491 147.267105 6.745453
v -4.495232 148.178406 6.976532
v -4.979689 147.530289 7.035675
v -3.965705 148.453583 7.391663
v -4.462085 147.795197 7.360977
v -3.540368 148.688690 7.751434
v -3.921909 148.081924 7.748047
v -3.056361 148.958694 8.158051
v -3.462993 148.333145 8.104279
v -3.759634 147.458145 8.249100
v -2.544919 149.222717 8.556915
v -3.007108 148.583847 8.464996
v -3.306121 147.679520 8.581985
v -2.005681 149.465652 8.893143
v -2.510252 148.850952 8.841385
v -1.391627 149.676361 9.163589
v -1.967748 149.093750 9.175751
v -1.362218 149.297043 9.437897
v -0.720045 149.847916 9.345963
v -0.698486 149.447144 9.608704
v 0.000000 149.901703 9.404999
v 0.000000 149.506912 9.669434
v 0.720045 149.847916 9.345963
v 0.000000 148.825531 10.042542
v 1.391627 149.676361 9.163589
v 0.698486 149.447144 9.608704
v 2.005681 149.465652 8.893143
v 1.362218 149.297043 9.437897
v 0.653628 148.761520 9.976349
v 2.544919 149.222717 8.556915
v 1.967748 149.093750 9.175751
v 1.276612 148.613785 9.806046
v 3.056361 148.958694 8.158051
v 2.510252 148.850952 8.841385
v 3.540368 148.688690 7.751434
v 3.007108 148.583847 8.464996
v 3.462993 148.333145 8.104279
v 3.965705 148.453583 7.391663
v 3.921909 148.081924 7.748047
v 4.495232 148.178406 6.976532
v 4.462085 147.795197 7.360977
v 3.759634 147.458145 8.249100
v 5.003221 147.932831 6.614868
v 4.979689 147.530289 7.035675
v 5.573440 147.679733 6.245346
v 5.546491 147.267105 6.745453
v 4.308418 147.210602 7.881470
v 6.120162 147.450165 5.906677
v 6.175509 147.008591 6.497131
v 6.553278 147.268494 5.641861
v 6.785711 146.792374 6.211945
v 6.947533 147.085754 5.404449
v 6.680560 146.255310 7.013321
v 7.429010 146.820602 5.101089
v 7.521707 146.404297 5.890991
v 7.980710 146.412338 4.659485
v 8.059676 146.126343 5.294739
v 8.306211 146.084351 4.353348
v 8.594658 145.506165 4.777420
v 8.576897 145.717636 4.033905
v 8.707708 145.398804 3.774490
v 8.891954 144.879654 4.274414
v 8.891053 144.969360 3.416336
v 8.937515 144.268173 2.878021
v 8.996786 144.321167 3.888626
v 8.776505 143.639313 2.428085
v 8.971717 143.751419 3.563065
v 8.491048 143.138184 2.106232
v 8.770601 143.143082 3.206268
v 8.018988 142.639511 1.823364
v 8.407402 142.601990 2.870010
v 7.511847 142.293640 1.625931
v 7.866366 142.117935 2.560287
v 8.205590 142.146469 3.681351
v 6.903650 142.017975 1.509872
v 8.619577 142.673279 4.019577
v 6.419948 141.849304 1.451965
v 7.123444 141.723679 2.272812
v 6.377330 141.446426 2.151535
v 5.758675 141.645157 1.455399
v 6.305703 141.104309 2.962219
v 4.891195 141.569336 1.473831
v 4.873886 141.642975 1.415070
v 7.006548 141.368958 3.115067
v 4.200146 141.561737 1.547668
v 4.194830 141.661087 1.491241
v 7.640507 141.700424 3.357971
v 3.603427 141.595123 1.621552
v 3.582314 141.654846 1.576782
v 3.096919 141.661896 1.697601
v 3.654849 141.189621 2.104309
v 4.266247 141.145172 2.066208
v 4.945862 141.163910 2.070602
v 4.278236 140.813782 2.762817
v 5.699542 141.268234 2.106537
v 4.938617 140.839386 2.784821
v 5.615349 140.930603 2.860519
v 5.486769 140.696198 3.653198
v 6.131694 140.857025 3.787384
v 4.847718 140.608276 3.563995
v 6.777245 141.106705 3.963303
v 5.890283 140.702057 4.591431
v 7.373129 141.425980 4.206055
v 6.482371 140.937637 4.772446
v 7.898798 141.823700 4.498352
v 7.035166 141.241119 5.017197
v 8.312342 142.313309 4.825989
v 7.524719 141.613037 5.303848
v 6.614720 141.090027 5.781769
v 7.075112 141.446259 6.043442
v 7.916695 142.072647 5.613693
v 8.869141 143.277496 4.378143
v 8.579848 142.895645 5.178436
v 8.938010 143.915573 4.722244
v 8.176515 142.616791 5.934769
v 8.836615 144.543930 5.101273
v 8.679385 143.529724 5.521576
v 8.534415 145.207794 5.508484
v 8.612607 144.172958 5.854126
v 8.289991 143.223816 6.261597
v 8.063711 145.825882 5.834991
v 8.345035 144.819351 6.216064
v 7.338268 145.890091 6.806854
v 7.895843 145.417099 6.546417
v 7.607826 145.007004 7.165985
v 8.241164 143.850464 6.568085
v 8.011451 144.457748 6.871109
v 7.013751 145.356415 7.586502
v 7.281601 144.712173 7.619156
v 7.605487 144.160095 7.429626
v 6.437360 145.742249 7.688461
v 6.462743 144.840515 8.217575
v 6.854012 144.401215 8.097992
v 6.050723 146.519028 7.163742
v 5.790762 146.014496 7.786667
v 5.402438 146.746719 7.352982
v 4.826083 146.977249 7.593628
v 5.168087 146.211288 7.924652
v 6.001629 145.211670 8.285660
v 5.433355 145.437225 8.374252
v 4.610766 146.401886 8.113037
v 4.874962 145.571487 8.500931
v 5.595989 144.736298 8.696182
v 5.116449 144.882965 8.807159
v 5.994800 144.440475 8.612488
v 6.348967 144.066818 8.502167
v 5.526911 143.985336 8.935547
v 5.852749 143.713943 8.811401
v 6.630823 143.634338 8.356232
v 5.177521 144.182281 9.042892
v 7.156152 143.897858 7.940933
v 6.111462 143.371033 8.663666
v 7.788331 143.570465 7.202896
v 7.326231 143.348434 7.738068
v 7.828053 142.975769 6.933182
v 7.332962 142.793091 7.487061
v 6.798389 143.149887 8.171173
v 6.827737 142.645157 7.956284
v 7.708601 142.403412 6.638306
v 7.209692 142.258759 7.225906
v 7.450635 141.884964 6.336288
v 6.960069 141.775131 6.955139
v 6.608667 141.364929 6.692337
v 6.466125 141.727158 7.483582
v 6.706439 142.163467 7.719666
v 6.135942 141.353241 7.263077
v 6.322710 142.557144 8.301971
v 6.185947 141.026138 6.454712
v 6.210063 142.136337 8.109039
v 5.984986 141.779816 7.944824
v 6.276429 142.977951 8.493927
v 5.960388 142.291290 8.098053
v 6.037341 142.622070 8.246536
v 5.995507 142.982010 8.388947
v 5.747687 141.945587 7.928757
v 5.843504 142.685608 7.171707
v 5.855099 143.067810 7.346237
v 5.848503 143.329132 8.514252
v 5.788918 143.397232 7.496658
v 5.610955 143.622299 8.637283
v 5.665027 143.710907 7.637878
v 4.121595 142.959229 7.311050
v 5.435751 144.003555 7.767090
v 5.157002 144.181915 7.851593
v 5.308012 143.847656 8.761887
v 4.863925 144.306519 7.909393
v 4.959648 144.025406 8.853348
v 4.797674 144.300980 9.148987
v 4.474384 144.411194 7.957825
v 4.586001 144.146118 8.953003
v 4.648304 144.959793 8.926483
v 4.397081 144.338882 9.270737
v 4.009004 144.469360 7.987381
v 4.209789 144.193253 9.085602
v 4.208983 145.015198 9.068771
v 4.020712 144.339905 9.408417
v 3.871715 144.190765 9.225800
v 4.370498 145.701767 8.657013
v 3.791062 145.061188 9.251770
v 3.910186 145.835495 8.855637
v 3.686910 144.324478 9.555130
v 3.281331 145.105255 9.548965
v 4.111747 146.593277 8.353012
v 3.374284 145.968994 9.171570
v 3.565419 146.797577 8.693542
v 2.875287 145.086975 9.841537
v 2.937346 146.133484 9.456085
v 3.124587 146.990311 9.001984
v 3.219901 144.292999 9.802048
v 2.326948 144.990906 10.287766
v 3.570019 144.173767 9.376038
v 2.807798 144.273788 10.072845
v 3.463294 144.501465 8.005035
v 3.103473 144.145721 9.654022
v 2.938042 144.532349 8.022018
v 2.541820 144.574860 8.045288
v 2.480154 144.158173 7.858383
v 2.353076 144.368988 8.953278
v 2.252787 144.047684 8.766922
v 2.681211 144.130341 9.924118
v 2.100707 144.374207 9.155289
v 2.302800 144.274017 10.446457
v 2.171162 144.087845 10.246902
v 1.986643 144.006897 8.938934
v 1.869813 144.113831 10.418915
v 2.168031 143.649414 8.590210
v 1.932464 144.297668 10.706696
v 2.418188 143.739456 7.670563
v 1.710770 144.820007 10.757614
v 2.136065 143.363220 8.445694
v 1.606093 144.679047 10.503220
v 1.901204 143.652344 8.744232
v 2.128303 143.105255 8.324066
v 1.861833 143.281204 8.551697
v 2.412411 143.407196 7.522064
v 2.171844 142.794540 8.173935
v 1.844997 143.022476 8.412415
v 2.416412 143.091614 7.380951
v 2.248627 142.519547 8.049576
v 1.852820 142.694946 8.236267
v 2.454067 142.795502 7.248352
v 1.994074 142.261780 8.031036
v 2.411011 142.198425 7.906448
v 2.613301 142.437332 7.087296
v 2.195400 141.931961 7.870834
v 2.625631 141.902740 7.793274
v 2.833030 142.153564 6.959152
v 2.458261 141.655258 7.750168
v 2.880144 141.677658 7.702484
v 3.079251 141.950912 6.867126
v 2.763707 141.418137 7.655380
v 3.137184 141.515091 7.637070
v 3.328771 141.804138 6.800064
v 3.089952 141.225494 7.583466
v 3.432835 141.382782 7.591370
v 3.566836 141.707550 6.755524
v 3.435752 141.085724 7.534073
v 3.768170 141.294159 7.577499
v 3.815323 141.641281 6.724442
v 3.804890 141.003265 7.510513
v 4.095196 141.267181 7.582382
v 4.071113 141.632629 6.719101
v 4.431892 141.648071 6.723923
v 4.475158 141.284180 7.595963
v 4.696132 141.695892 6.743744
v 4.184997 140.977814 7.514572
v 5.055766 141.827789 6.800644
v 4.806233 141.340561 7.626236
v 4.568931 141.006348 7.537796
v 5.402078 142.027039 6.887665
v 5.162810 141.466309 7.693481
v 5.665046 142.309448 7.009506
v 5.480422 141.675934 7.791351
v 5.685633 141.472610 7.792847
v 5.333665 141.242645 7.674789
v 5.746334 141.053223 7.078323
v 4.953652 141.092041 7.592133
v 5.318486 140.835236 6.942123
v 5.724342 140.763123 6.280289
v 4.872700 140.690155 6.864105
v 6.109982 140.801773 5.560150
v 5.228604 140.560486 6.153030
v 5.570594 140.578781 5.398514
v 5.277936 140.543762 4.468964
v 4.998936 140.434982 5.288971
v 4.664959 140.460495 4.395279
v 4.710145 140.434052 6.069031
v 4.426892 140.373428 5.238205
v 4.229407 140.589752 3.510849
v 4.421092 140.598999 6.845459
v 4.185957 140.396347 6.045868
v 3.960835 140.590424 6.855270
v 3.864952 140.383408 5.233749
v 3.507437 140.655548 6.896912
v 3.671168 140.432373 6.068024
v 3.077174 140.795685 6.963577
v 3.175296 140.540665 6.118835
v 3.329754 140.461288 5.272217
v 2.681066 141.000366 7.047455
v 2.715662 140.722458 6.190491
v 2.827120 140.612671 5.345215
v 2.319822 141.257446 7.149612
v 2.286741 140.949738 6.292923
v 2.349635 140.802368 5.445908
v 2.005486 141.571991 7.264267
v 1.918433 141.267090 6.402817
v 1.940565 141.110382 5.564377
v 1.744849 141.940033 7.384094
v 1.606547 141.638702 6.508667
v 1.595901 141.477524 5.681213
v 1.536353 142.350281 7.492752
v 1.357941 142.041611 6.595703
v 1.357370 141.884064 5.669098
v 1.475042 142.959305 7.890732
v 1.215783 142.441818 6.646118
v 1.452597 143.397049 8.038330
v 1.313571 142.630005 7.289001
v 1.576273 143.584991 8.271484
v 1.170297 142.318405 5.663910
v 1.119798 142.837967 6.598480
v 1.186687 142.904999 7.255188
v 1.347744 143.181854 7.703644
v 1.226926 142.985443 7.910614
v 0.780541 142.884735 6.636963
v 1.267784 143.048935 8.332535
v 0.835595 142.915283 7.298447
v 0.893611 142.977844 7.966629
v 1.031312 142.882645 5.663162
v 0.682155 143.039474 6.650726
v 1.145281 142.309418 4.870117
v 0.682624 142.929047 5.675674
v 0.997824 142.988861 4.896927
v 1.352018 141.859619 4.840973
v 0.966859 143.048630 4.240723
v 1.638762 141.430771 4.803696
v 1.145057 142.351715 4.135544
v 1.382512 141.889893 4.038391
v 2.026766 141.101395 4.679077
v 1.714440 141.503510 3.927933
v 2.452670 140.823700 4.569077
v 2.116489 141.197113 3.804825
v 2.945379 140.622635 4.475876
v 2.550336 140.938202 3.714264
v 3.491912 140.498505 4.403183
v 3.053070 140.748367 3.620148
v 4.070113 140.446060 4.367950
v 3.619385 140.632355 3.543167
v 3.668608 140.858810 2.782379
v 3.121367 140.970810 2.842316
v 3.126490 141.303528 2.150574
v 2.645449 141.141754 2.935593
v 2.681533 141.429840 2.229446
v 2.706875 141.768631 1.796173
v 2.705364 141.696198 1.791382
v 2.358684 141.696198 1.888855
v 2.362825 141.889984 1.905151
v 2.003890 141.696198 2.004425
v 2.273553 141.606110 2.345886
v 2.005783 142.050903 2.035690
v 1.587194 141.696198 2.158340
v 2.185713 141.339111 3.047363
v 1.874773 141.842468 2.471756
v 1.637487 142.270203 2.174957
v 1.183586 141.696198 2.274994
v 1.771474 141.629074 3.183777
v 1.503331 142.118729 2.643753
v 1.406001 141.963425 3.342743
v 1.259220 142.601105 2.296204
v 1.178694 142.468307 2.853989
v 1.125970 142.383789 3.491928
v 1.006047 143.126755 2.354294
v 0.631790 141.696198 2.351517
v 0.959493 143.073410 3.681885
v 0.986982 143.102173 2.962799
v 0.603775 143.345840 2.398041
v 0.000000 141.696198 2.375061
v 0.473703 143.198044 3.644424
v 0.546658 143.280716 2.885910
v 0.000000 143.430740 2.415390
v -0.603775 143.345840 2.398041
v -0.631790 141.696198 2.351517
v 0.000000 143.339493 2.880035
v -0.546658 143.280716 2.885910
v -1.006047 143.126755 2.354294
v -1.183586 141.696198 2.274994
v -0.986982 143.102173 2.962799
v -0.473702 143.198029 3.644424
v 0.000000 143.220367 3.605560
v -0.000000 143.158478 4.276962
v 0.417561 143.102188 4.528732
v 0.223370 143.145767 4.345688
v 0.557190 143.044693 4.929031
v 0.380440 143.335236 4.587845
v 0.593240 143.097473 5.673065
v 0.463114 143.244766 4.928360
v 0.587000 143.178711 6.662277
v 0.179972 143.314468 4.429916
v 0.737790 143.074921 7.283951
v 0.496260 143.243713 5.670227
v 0.791301 143.147278 7.928482
v 0.635057 143.214523 7.282547
v 0.337121 143.189240 6.694427
v 0.363172 143.379669 4.928635
v 0.692773 143.288437 7.905838
v 0.278169 143.276932 5.669403
v 0.295565 143.402054 4.658630
v 0.359692 143.224838 7.324005
v 0.198130 143.408295 4.928589
v 0.153796 143.442535 4.524323
v 0.172875 143.450180 4.685974
v -0.000000 143.271835 5.668732
v -0.000000 143.407974 4.927551
v 0.000000 143.456085 4.686539
v -0.000000 143.302963 4.368805
v 0.000000 143.464279 4.490601
v -0.153796 143.442535 4.524323
v -0.172875 143.450180 4.685974
v -0.179972 143.314468 4.429916
v -0.223370 143.145767 4.345688
v -0.380440 143.335236 4.587845
v -0.295565 143.402054 4.658630
v -0.198130 143.408295 4.928589
v -0.417561 143.102188 4.528732
v -0.463114 143.244766 4.928360
v -0.363172 143.379669 4.928635
v -0.278169 143.276932 5.669403
v -0.496260 143.243713 5.670227
v -0.000000 143.175339 6.710602
v -0.337121 143.189240 6.694427
v -0.593240 143.097473 5.673065
v 0.000000 143.218689 7.340714
v -0.557190 143.044693 4.929031
v -0.587000 143.178711 6.662277
v -0.682624 142.929047 5.675674
v -0.997824 142.988861 4.896927
v -0.682155 143.039474 6.650726
v -0.966859 143.048630 4.240723
v -1.031312 142.882645 5.663162
v -0.959494 143.073410 3.681885
v -1.145281 142.309418 4.870117
v -1.145057 142.351715 4.135544
v -1.125970 142.383789 3.491928
v -1.178694 142.468307 2.853989
v -1.382512 141.889893 4.038391
v -1.259220 142.601105 2.296204
v -1.406001 141.963425 3.342743
v -1.503331 142.118729 2.643753
v -1.637487 142.270203 2.174957
v -1.587194 141.696198 2.158340
v -1.771474 141.629074 3.183777
v -2.005783 142.050903 2.035690
v -2.003890 141.696198 2.004425
v -1.874773 141.842468 2.471756
v -2.362825 141.889984 1.905151
v -2.358684 141.696198 1.888855
v -2.273553 141.606110 2.345886
v -2.706875 141.768631 1.796173
v -2.705364 141.696198 1.791382
v -2.681533 141.429840 2.229446
v -3.126490 141.303528 2.150574
v -2.645449 141.141754 2.935593
v -3.121367 140.970810 2.842316
v -3.668608 140.858810 2.782379
v -2.185713 141.339111 3.047363
v -3.053070 140.748367 3.620148
v -2.550336 140.938202 3.714264
v -2.116489 141.197113 3.804825
v -3.619385 140.632355 3.543167
v -2.945379 140.622635 4.475876
v -3.491912 140.498505 4.403183
v -4.229407 140.589752 3.510849
v -2.452670 140.823700 4.569077
v -4.070113 140.446060 4.367950
v -4.278236 140.813782 2.762817
v -4.938617 140.839386 2.784821
v -4.847718 140.608276 3.563995
v -5.615349 140.930603 2.860519
v -5.486769 140.696198 3.653198
v -4.664959 140.460495 4.395279
v -5.277936 140.543762 4.468964
v -6.305703 141.104309 2.962219
v -6.131694 140.857025 3.787384
v -7.006548 141.368958 3.115067
v -5.890283 140.702057 4.591431
v -7.640507 141.700424 3.357971
v -6.777245 141.106705 3.963303
v -8.205590 142.146469 3.681351
v -7.373129 141.425980 4.206055
v -6.482371 140.937637 4.772446
v -8.619577 142.673279 4.019577
v -7.898798 141.823700 4.498352
v -8.869141 143.277496 4.378143
v -8.312342 142.313309 4.825989
v -7.035166 141.241119 5.017197
v -7.524719 141.613037 5.303848
v -8.938010 143.915573 4.722244
v -8.579848 142.895645 5.178436
v -7.916695 142.072647 5.613693
v -8.836615 144.543930 5.101273
v -8.679385 143.529724 5.521576
v -8.176515 142.616791 5.934769
v -8.534415 145.207794 5.508484
v -8.612607 144.172958 5.854126
v -8.289991 143.223816 6.261597
v -8.063711 145.825882 5.834991
v -8.345035 144.819351 6.216064
v -7.338268 145.890091 6.806854
v -7.895843 145.417099 6.546417
v -6.680560 146.255310 7.013321
v -7.607826 145.007004 7.165985
v -6.050723 146.519028 7.163742
v -6.437360 145.742249 7.688461
v -7.013751 145.356415 7.586502
v -8.011451 144.457748 6.871109
v -7.281601 144.712173 7.619156
v -6.462743 144.840515 8.217575
v -8.241164 143.850464 6.568085
v -7.605487 144.160095 7.429626
v -6.854012 144.401215 8.097992
v -7.788331 143.570465 7.202896
v -7.156152 143.897858 7.940933
v -7.828053 142.975769 6.933182
v -7.708601 142.403412 6.638306
v -7.332962 142.793091 7.487061
v -7.450635 141.884964 6.336288
v -7.209692 142.258759 7.225906
v -6.960069 141.775131 6.955139
v -7.075112 141.446259 6.043442
v -6.608667 141.364929 6.692337
v -6.614720 141.090027 5.781769
v -6.466125 141.727158 7.483582
v -6.109982 140.801773 5.560150
v -6.185947 141.026138 6.454712
v -5.570594 140.578781 5.398514
v -5.724342 140.763123 6.280289
v -6.135942 141.353241 7.263077
v -5.746334 141.053223 7.078323
v -5.228604 140.560486 6.153030
v -4.998936 140.434982 5.288971
v -5.318486 140.835236 6.942123
v -4.426892 140.373428 5.238205
v -4.710145 140.434052 6.069031
v -3.864952 140.383408 5.233749
v -4.185957 140.396347 6.045868
v -4.872700 140.690155 6.864105
v -4.421092 140.598999 6.845459
v -3.671168 140.432373 6.068024
v -3.329754 140.461288 5.272217
v -3.960835 140.590424 6.855270
v -2.827120 140.612671 5.345215
v -3.175296 140.540665 6.118835
v -3.507437 140.655548 6.896912
v -4.184997 140.977814 7.514572
v -3.804890 141.003265 7.510513
v -3.077174 140.795685 6.963577
v -4.568931 141.006348 7.537796
v -2.715662 140.722458 6.190491
v -4.953652 141.092041 7.592133
v -2.349635 140.802368 5.445908
v -5.333665 141.242645 7.674789
v -2.026766 141.101395 4.679077
v -5.685633 141.472610 7.792847
v -1.714440 141.503510 3.927933
v -1.638762 141.430771 4.803696
v -1.940565 141.110382 5.564377
v -1.352018 141.859619 4.840973
v -1.595901 141.477524 5.681213
v -1.357370 141.884064 5.669098
v -2.286741 140.949738 6.292923
v -1.918433 141.267090 6.402817
v -2.681066 141.000366 7.047455
v -2.319822 141.257446 7.149612
v -1.606547 141.638702 6.508667
v -2.005486 141.571991 7.264267
v -2.763707 141.418137 7.655380
v -2.458261 141.655258 7.750168
v -1.744849 141.940033 7.384094
v -3.089952 141.225494 7.583466
v -1.357941 142.041611 6.595703
v -3.435752 141.085724 7.534073
v -3.432835 141.382782 7.591370
v -3.768170 141.294159 7.577499
v -3.137184 141.515091 7.637070
v -3.566836 141.707550 6.755524
v -2.880144 141.677658 7.702484
v -3.328771 141.804138 6.800064
v -3.079251 141.950912 6.867126
v -3.815323 141.641281 6.724442
v -2.833030 142.153564 6.959152
v -4.095196 141.267181 7.582382
v -2.625631 141.902740 7.793274
v -4.475158 141.284180 7.595963
v -2.195400 141.931961 7.870834
v -4.806233 141.340561 7.626236
v -1.994074 142.261780 8.031036
v -5.162810 141.466309 7.693481
v -4.696132 141.695892 6.743744
v -5.480422 141.675934 7.791351
v -5.055766 141.827789 6.800644
v -5.402078 142.027039 6.887665
v -4.431892 141.648071 6.723923
v -4.071113 141.632629 6.719101
v -4.121595 142.959229 7.311050
v -5.665046 142.309448 7.009506
v -5.747687 141.945587 7.928757
v -5.843504 142.685608 7.171707
v -5.984986 141.779816 7.944824
v -6.210063 142.136337 8.109039
v -5.960388 142.291290 8.098053
v -6.706439 142.163467 7.719666
v -6.322710 142.557144 8.301971
v -6.037341 142.622070 8.246536
v -6.827737 142.645157 7.956284
v -5.855099 143.067810 7.346237
v -6.276429 142.977951 8.493927
v -5.995507 142.982010 8.388947
v -5.788918 143.397232 7.496658
v -6.111462 143.371033 8.663666
v -5.848503 143.329132 8.514252
v -6.798389 143.149887 8.171173
v -7.326231 143.348434 7.738068
v -6.630823 143.634338 8.356232
v -6.348967 144.066818 8.502167
v -5.852749 143.713943 8.811401
v -5.994800 144.440475 8.612488
v -6.001629 145.211670 8.285660
v -5.526911 143.985336 8.935547
v -5.790762 146.014496 7.786667
v -5.595989 144.736298 8.696182
v -5.402438 146.746719 7.352982
v -5.433355 145.437225 8.374252
v -5.168087 146.211288 7.924652
v -4.826083 146.977249 7.593628
v -4.874962 145.571487 8.500931
v -4.308418 147.210602 7.881470
v -4.610766 146.401886 8.113037
v -4.111747 146.593277 8.353012
v -3.565419 146.797577 8.693542
v -3.124587 146.990311 9.001984
v -3.374284 145.968994 9.171570
v -2.937346 146.133484 9.456085
v -3.910186 145.835495 8.855637
v -4.370498 145.701767 8.657013
v -3.281331 145.105255 9.548965
v -3.791062 145.061188 9.251770
v -4.648304 144.959793 8.926483
v -2.875287 145.086975 9.841537
v -4.208983 145.015198 9.068771
v -5.116449 144.882965 8.807159
v -5.177521 144.182281 9.042892
v -4.797674 144.300980 9.148987
v -4.397081 144.338882 9.270737
v -4.020712 144.339905 9.408417
v -3.686910 144.324478 9.555130
v -4.209789 144.193253 9.085602
v -3.219901 144.292999 9.802048
v -3.871715 144.190765 9.225800
v -3.570019 144.173767 9.376038
v -4.586001 144.146118 8.953003
v -4.009004 144.469360 7.987381
v -3.463294 144.501465 8.005035
v -4.959648 144.025406 8.853348
v -4.474384 144.411194 7.957825
v -5.308012 143.847656 8.761887
v -4.863925 144.306519 7.909393
v -5.157002 144.181915 7.851593
v -5.610955 143.622299 8.637283
v -5.435751 144.003555 7.767090
v -5.665027 143.710907 7.637878
v -2.938042 144.532349 8.022018
v -3.103473 144.145721 9.654022
v -2.541820 144.574860 8.045288
v -2.807798 144.273788 10.072845
v -2.480154 144.158173 7.858383
v -2.353076 144.368988 8.953278
v -2.252787 144.047684 8.766922
v -2.681211 144.130341 9.924118
v -2.100707 144.374207 9.155289
v -2.168031 143.649414 8.590210
v -2.302800 144.274017 10.446457
v -1.986643 144.006897 8.938934
v -2.418188 143.739456 7.670563
v -2.171162 144.087845 10.246902
v -2.136065 143.363220 8.445694
v -2.326948 144.990906 10.287766
v -1.901204 143.652344 8.744232
v -2.488932 146.329636 9.763199
v -1.758670 143.838684 8.619904
v -2.695264 147.205200 9.312469
v -1.888438 144.068314 8.859406
v -2.863631 147.909729 8.915436
v -1.796355 143.646194 9.528732
v -2.382369 148.168671 9.260345
v -2.225744 147.463455 9.633972
v -1.854881 148.409943 9.564941
v -1.720067 147.705383 9.912582
v -2.025508 146.602646 10.066467
v -1.549370 146.856201 10.317490
v -1.719505 145.617142 10.584839
v -1.299640 145.916855 10.775085
v -1.054424 147.064621 10.517944
v -0.879546 146.088394 10.954773
v -1.176794 147.911285 10.136047
v -0.460997 146.190536 11.127884
v -1.276612 148.613785 9.806046
v -0.544853 147.193481 10.693359
v -0.603990 148.055450 10.306137
v -0.653628 148.761520 9.976349
v 0.000000 148.123917 10.379837
v 0.000000 147.264267 10.783142
v 0.603990 148.055450 10.306137
v 0.000000 146.237518 11.233383
v 0.544853 147.193481 10.693359
v 1.176794 147.911285 10.136047
v 1.854881 148.409943 9.564941
v 1.054424 147.064621 10.517944
v 2.382369 148.168671 9.260345
v 1.720067 147.705383 9.912582
v 0.460997 146.190536 11.127884
v 2.863631 147.909729 8.915436
v 0.000000 145.806686 11.348145
v 3.306121 147.679520 8.581985
v 2.695264 147.205200 9.312469
v 2.225744 147.463455 9.633972
v 2.488932 146.329636 9.763199
v 2.025508 146.602646 10.066467
v 1.549370 146.856201 10.317490
v 1.719505 145.617142 10.584839
v 1.299640 145.916855 10.775085
v 0.879546 146.088394 10.954773
v 1.161907 145.548309 10.930069
v 0.442334 145.741730 11.258606
v 0.841304 145.667480 11.088486
v 0.000000 145.583160 10.939270
v 0.424635 145.536331 10.896881
v 0.787922 145.474899 10.778687
v 1.410170 145.328979 10.823441
v 1.096755 145.386383 10.647461
v 1.350372 145.174561 10.572205
v 1.268892 144.830948 10.089310
v 0.862234 144.926636 10.136612
v 1.504465 144.400101 10.055923
v 1.129621 144.346634 9.554214
v 0.400353 144.962158 10.190552
v 0.590386 144.439621 9.628998
v -0.000000 144.975037 10.211853
v -0.000000 144.467331 9.658340
v 1.008063 143.964584 9.116379
v -0.424635 145.536331 10.896881
v 0.519926 144.013367 9.169632
v 1.352745 144.087097 9.566971
v 1.723845 143.927307 10.076691
v 1.990462 143.883774 9.932495
v 1.532826 143.692184 9.671219
v 1.163144 143.786575 9.109451
v 1.796355 143.646194 9.528732
v 1.888438 144.068314 8.859406
v 1.297527 143.432144 9.211639
v 1.552302 143.377014 9.069351
v 1.758670 143.838684 8.619904
v 1.385061 143.185852 8.702866
v 1.083426 143.222351 8.810516
v 0.988878 143.479767 8.717941
v 0.944724 143.048035 8.386597
v 0.836977 143.248108 8.349609
v 0.871321 143.659546 8.710983
v 0.764068 143.410507 8.320740
v 0.404000 143.309875 7.967621
v 0.481013 143.697906 8.766235
v 0.442745 143.416397 8.367157
v -0.000000 143.321060 7.996368
v -0.000000 143.412247 8.397781
v 0.000000 143.708954 8.800812
v 0.000000 144.024155 9.182907
v -0.519926 144.013367 9.169632
v -0.481013 143.697906 8.766235
v -0.442745 143.416397 8.367157
v -0.404000 143.309875 7.967621
v -0.764068 143.410507 8.320740
v -0.359692 143.224838 7.324005
v -0.692773 143.288437 7.905838
v -0.635057 143.214523 7.282547
v -0.737790 143.074921 7.283951
v -0.791301 143.147278 7.928482
v -0.835595 142.915283 7.298447
v -0.836977 143.248108 8.349609
v -0.893611 142.977844 7.966629
v -0.780541 142.884735 6.636963
v -1.226926 142.985443 7.910614
v -1.119798 142.837967 6.598480
v -1.186687 142.904999 7.255188
v -1.170297 142.318405 5.663910
v -1.215783 142.441818 6.646118
v -1.313571 142.630005 7.289001
v -1.536353 142.350281 7.492752
v -1.475042 142.959305 7.890732
v -1.347744 143.181854 7.703644
v -1.852820 142.694946 8.236267
v -1.452597 143.397049 8.038330
v -1.844997 143.022476 8.412415
v -2.248627 142.519547 8.049576
v -2.171844 142.794540 8.173935
v -2.411011 142.198425 7.906448
v -2.613301 142.437332 7.087296
v -2.454067 142.795502 7.248352
v -2.416412 143.091614 7.380951
v -2.412411 143.407196 7.522064
v -2.128303 143.105255 8.324066
v -1.861833 143.281204 8.551697
v -1.576273 143.584991 8.271484
v -1.267784 143.048935 8.332535
v -1.385061 143.185852 8.702866
v -0.944724 143.048035 8.386597
v -1.083426 143.222351 8.810516
v -0.988878 143.479767 8.717941
v -1.297527 143.432144 9.211639
v -1.552302 143.377014 9.069351
v -0.871321 143.659546 8.710983
v -1.163144 143.786575 9.109451
v -1.532826 143.692184 9.671219
v -1.008063 143.964584 9.116379
v -1.990462 143.883774 9.932495
v -1.352745 144.087097 9.566971
v -1.723845 143.927307 10.076691
v -1.869813 144.113831 10.418915
v -1.504465 144.400101 10.055923
v -1.932464 144.297668 10.706696
v -1.606093 144.679047 10.503220
v -1.710770 144.820007 10.757614
v -1.129621 144.346634 9.554214
v -1.268892 144.830948 10.089310
v -1.350372 145.174561 10.572205
v -1.410170 145.328979 10.823441
v -1.161907 145.548309 10.930069
v -1.096755 145.386383 10.647461
v -0.862234 144.926636 10.136612
v -0.787922 145.474899 10.778687
v -0.841304 145.667480 11.088486
v -0.590386 144.439621 9.628998
v -0.400353 144.962158 10.190552
v -0.442334 145.741730 11.258606
v -1.486079 163.579803 -11.549789
v -1.474927 163.078918 -11.786942
v -1.481267 164.209198 -11.216812
v -1.124466 163.583908 -11.556595
v -1.475937 164.807938 -10.837494
v -1.119609 164.213760 -11.223373
v -1.127406 163.077271 -11.798599
v -1.468683 165.430466 -10.346359
v -1.068900 163.029068 -11.684494
v -1.064762 163.524689 -11.461853
v 0.000000 163.029068 -11.684494
v -1.059915 164.149857 -11.131729
v 0.000000 163.524689 -11.461853
v 1.068900 163.029068 -11.684494
v 1.474927 163.078918 -11.786942
v 1.064762 163.524689 -11.461853
v 1.127406 163.077271 -11.798599
v 1.124466 163.583908 -11.556595
v 1.059915 164.149857 -11.131729
v -0.000000 164.149872 -11.131729
v 1.486079 163.579803 -11.549789
v 1.481267 164.209198 -11.216812
v 1.119609 164.213760 -11.223373
v 1.475937 164.807938 -10.837494
v 1.054548 164.745895 -10.754623
v 1.114250 164.813187 -10.843597
v 1.468683 165.430466 -10.346359
v 1.461097 165.987595 -9.821442
v 1.106982 165.436340 -10.351883
v 1.453501 166.491928 -9.245834
v 1.099374 165.994003 -9.826401
v 1.047273 165.362823 -10.268005
v 1.445997 166.967209 -8.592056
v 1.091721 166.498810 -9.250229
v 1.039662 165.914719 -9.747757
v 0.000000 164.745895 -10.754639
v 0.000000 165.362823 -10.268005
v -1.054548 164.745895 -10.754623
v -1.047273 165.362823 -10.268005
v -1.114250 164.813187 -10.843597
v -1.106982 165.436340 -10.351883
v -1.039662 165.914719 -9.747757
v -1.461097 165.987595 -9.821442
v -1.099374 165.994003 -9.826401
v -1.453501 166.491928 -9.245834
v -1.091721 166.498810 -9.250229
v -1.445997 166.967209 -8.592056
v -1.032006 166.414276 -9.177200
v -1.436494 167.389252 -7.900925
v -1.084177 166.974518 -8.595795
v -1.424428 167.780258 -7.162216
v -1.074675 167.396912 -7.903931
v -1.411942 168.077042 -6.373001
v -1.062589 167.788254 -7.164368
v -1.024463 166.884674 -8.529648
v -1.014963 167.301956 -7.845688
v -1.050056 168.085251 -6.374390
v -1.399375 168.325272 -5.567139
v -1.002873 167.688705 -7.113754
v -1.385743 168.522568 -4.747101
v -1.037452 168.333588 -5.567963
v -1.370396 168.672577 -3.925400
v -1.023818 168.530945 -4.747299
v -0.990340 167.982132 -6.331879
v -0.977747 168.227112 -5.535156
v -0.000000 167.688705 -7.113754
v -0.000000 167.982132 -6.331879
v -0.964120 168.421890 -4.724579
v -0.000000 167.301956 -7.845688
v -0.000000 168.227112 -5.535172
v -0.000000 166.884674 -8.529663
v 1.002873 167.688705 -7.113754
v 0.000000 166.414276 -9.177200
v 1.014963 167.301956 -7.845688
v 1.024463 166.884674 -8.529648
v 0.000000 165.914719 -9.747757
v 1.032006 166.414276 -9.177200
v 1.084177 166.974518 -8.595795
v 1.074675 167.396912 -7.903931
v 1.436494 167.389252 -7.900925
v 1.062589 167.788254 -7.164368
v 1.424428 167.780258 -7.162216
v 1.411942 168.077042 -6.373001
v 1.050056 168.085251 -6.374390
v 1.399375 168.325272 -5.567139
v 0.990340 167.982132 -6.331879
v 1.037452 168.333588 -5.567963
v 1.385743 168.522568 -4.747101
v 0.977747 168.227112 -5.535156
v 1.023818 168.530945 -4.747299
v 1.370396 168.672577 -3.925400
v 0.964120 168.421890 -4.724579
v 1.008483 168.680939 -3.924789
v -0.000000 168.421890 -4.724594
v 0.948788 168.570007 -3.911667
v -0.948788 168.570007 -3.911667
v 0.000000 168.570007 -3.911667
v -1.008483 168.680939 -3.924789
v -0.931858 168.642624 -3.090652
v 0.931858 168.642624 -3.090652
v -1.353455 168.746094 -3.095901
v -0.991556 168.754364 -3.094589
v -1.339514 168.753342 -2.319244
v -0.917923 168.649841 -2.321762
v -1.325327 168.693359 -1.537201
v -0.977622 168.761475 -2.317368
v -1.310153 168.575012 -0.767822
v -0.963415 168.701324 -1.534592
v -0.903716 168.590363 -1.547714
v 0.000000 168.642624 -3.090637
v -0.000000 168.649841 -2.321747
v 0.917923 168.649841 -2.321762
v 0.991556 168.754364 -3.094589
v 0.903716 168.590363 -1.547714
v 1.353455 168.746094 -3.095901
v 0.977622 168.761475 -2.317368
v 1.339514 168.753342 -2.319244
v 1.325327 168.693359 -1.537201
v 0.963415 168.701324 -1.534592
v 1.310153 168.575012 -0.767822
v 0.888513 168.473175 -0.786453
v 1.294463 168.400436 -0.008331
v 0.948209 168.582764 -0.764526
v 1.279116 168.182068 0.732773
v 0.932533 168.407928 -0.004517
v 0.872842 168.300537 -0.035385
v -0.000000 168.590363 -1.547714
v 0.000000 168.473175 -0.786453
v -0.888513 168.473175 -0.786453
v 0.000000 168.300552 -0.035370
v -0.948209 168.582764 -0.764526
v -0.872842 168.300537 -0.035385
v -1.294463 168.400436 -0.008331
v -0.932533 168.407928 -0.004517
v -1.279116 168.182068 0.732773
v -0.857539 168.084900 0.697235
v -0.917227 168.189331 0.736862
v -1.265373 167.897583 1.516388
v -1.255216 167.544800 2.281906
v -0.903484 167.904663 1.520676
v -0.843795 167.804092 1.472198
v -1.245027 167.148941 3.034439
v -0.893328 167.551666 2.286484
v -1.234217 166.694839 3.750000
v -0.883239 167.155380 3.039429
v -0.833645 167.456100 2.229034
v -0.823570 167.065582 2.972809
v -0.872511 166.700668 3.755585
v -1.222130 166.171509 4.418121
v -0.812852 166.616928 3.681137
v -1.211690 165.623383 4.971680
v -0.860431 166.176697 4.424347
v -0.800774 166.099518 4.343018
v -1.202318 165.015045 5.461044
v -0.850006 165.627899 4.978378
v -1.194684 164.484985 5.818100
v -0.840634 165.018936 5.468124
v -0.790360 165.558350 4.890488
v -0.780983 164.958221 5.374054
v -0.832989 164.488235 5.825500
v -0.773331 164.436417 5.725937
v -1.187639 163.922791 6.118988
v -1.183856 163.402542 6.321152
v -0.825957 163.925430 6.126617
v -0.766262 163.882172 6.022766
v -1.182226 162.866638 6.491745
v -1.182210 162.352142 6.632782
v -0.820673 162.354233 6.640366
v -0.820673 162.868759 6.499329
v -0.760956 162.341187 6.528519
v -0.822237 163.404800 6.328796
v -0.760956 162.841309 6.390839
v -0.762523 163.368500 6.222580
v 0.000000 162.341187 6.528519
v 0.000000 163.368576 6.222610
v 0.000000 162.841354 6.390823
v 0.760956 162.341187 6.528519
v 0.760956 162.841309 6.390839
v 0.820673 162.354233 6.640366
v 1.182210 162.352142 6.632782
v 0.820673 162.868759 6.499329
v 1.182226 162.866638 6.491745
v 1.183856 163.402542 6.321152
v 0.822237 163.404800 6.328796
v 0.762523 163.368500 6.222580
v 0.825957 163.925430 6.126617
v 1.187639 163.922791 6.118988
v 1.194684 164.484985 5.818100
v 0.832989 164.488235 5.825500
v 0.766262 163.882172 6.022766
v 0.000000 163.882248 6.022812
v -0.000000 164.436249 5.725891
v 0.773331 164.436417 5.725937
v -0.000000 164.957733 5.373825
v 0.840634 165.018936 5.468124
v 0.780983 164.958221 5.374054
v 0.000000 165.557297 4.889984
v 1.202318 165.015045 5.461044
v 0.000000 166.098129 4.342468
v 1.211690 165.623383 4.971680
v 0.850006 165.627899 4.978378
v 1.222130 166.171509 4.418121
v 0.860431 166.176697 4.424347
v 0.790360 165.558350 4.890488
v 0.800774 166.099518 4.343018
v 0.872511 166.700668 3.755585
v 1.234217 166.694839 3.750000
v -0.000000 166.615952 3.680695
v 0.812852 166.616928 3.681137
v -0.000000 167.065094 2.972595
v 0.883239 167.155380 3.039429
v 0.823570 167.065582 2.972809
v -0.000000 167.456009 2.229004
v 1.245027 167.148941 3.034439
v 0.893328 167.551666 2.286484
v 1.255216 167.544800 2.281906
v 0.833645 167.456100 2.229034
v 0.903484 167.904663 1.520676
v 1.265373 167.897583 1.516388
v 0.917227 168.189331 0.736862
v 0.843795 167.804092 1.472198
v -0.000000 167.804092 1.472198
v 0.857539 168.084900 0.697235
v -0.000000 168.084900 0.697250
v -0.000000 141.563705 -10.460312
v -0.722937 141.563721 -10.426285
v 0.722937 141.563721 -10.426285
v -1.438987 141.563721 -10.324829
v 1.438987 141.563721 -10.324829
v -2.141265 141.563705 -10.156540
v 2.141265 141.563705 -10.156540
v -2.823143 141.563705 -9.923355
v 2.823143 141.563705 -9.923355
v -3.477993 141.563705 -9.627182
v 3.477993 141.563705 -9.627182
v -4.099667 141.563705 -9.271072
v 4.099667 141.563705 -9.271072
v -4.682019 141.563690 -8.858093
v 4.682019 141.563690 -8.858093
v -5.219616 141.563705 -8.392365
v 5.219616 141.563705 -8.392365
v -5.707023 141.563721 -7.878143
v 5.707023 141.563721 -7.878143
v -6.139727 141.563705 -7.320526
v 6.139727 141.563705 -7.320526
v -6.513215 141.563721 -6.724625
v 6.513215 141.563721 -6.724625
v -6.824111 141.563721 -6.096344
v 6.824111 141.563721 -6.096344
v -7.069040 141.563721 -5.441605
v 7.069040 141.563721 -5.441605
v -7.245903 141.563705 -4.766876
v 7.245903 141.563705 -4.766876
v -7.352599 141.563721 -4.078629
v 7.352599 141.563721 -4.078629
v -7.388405 141.563705 -3.383636
v 7.388405 141.563705 -3.383636
v -7.352599 141.563705 -2.688660
v 7.352599 141.563705 -2.688660
v -7.245903 141.563705 -2.000427
v 7.245903 141.563705 -2.000427
v -7.069040 141.563705 -1.325729
v 7.069040 141.563705 -1.325729
v -6.853436 141.563705 -0.696976
v 6.853436 141.563705 -0.696976
v -6.630514 141.563705 -0.146606
v 6.630514 141.563705 -0.146606
v -6.273141 141.573395 0.529648
v 6.273141 141.573395 0.529648
v -5.922204 141.600937 1.150192
v 5.922204 141.600937 1.150192
v -5.688846 141.595825 1.283966
v 5.688846 141.595825 1.283966
v -4.870019 141.570236 1.328949
v 4.870019 141.570236 1.328949
v -4.178737 141.569733 1.388138
v 4.178737 141.569733 1.388138
v -3.538023 141.569809 1.480179
v 3.538023 141.569809 1.480179
v -3.056425 141.570236 1.570801
v 3.056425 141.570236 1.570801
v -2.698650 141.563705 1.658325
v 2.698650 141.563705 1.658325
v -2.329475 141.563721 1.761703
v 2.329475 141.563721 1.761703
v -1.961766 141.563721 1.881363
v 1.961766 141.563721 1.881363
v -1.554744 141.563721 2.031143
v 1.554744 141.563721 2.031143
v -1.158276 141.563705 2.145309
v 1.158276 141.563705 2.145309
v -0.628473 141.563705 2.218307
v 0.628473 141.563705 2.218307
v 0.000000 141.563705 2.240982
v -0.000000 141.524918 -3.392914
v -1.136068 144.277802 10.272903
v -1.136068 144.156876 10.091873
v -1.136068 144.458862 10.393860
v -1.235136 144.325760 10.224991
v -1.136068 144.114426 9.878342
v -1.235136 144.219482 10.065948
v -1.136068 144.156891 9.664810
v -1.235136 144.182175 9.878342
v -1.136068 144.277832 9.483780
v -1.235136 144.219467 9.690735
v -1.235136 144.325729 9.531693
v -1.136068 144.458862 9.362808
v -1.136068 144.672394 9.320343
v -1.235136 144.484787 9.425415
v -1.136068 144.885971 9.362808
v -1.235136 144.672409 9.388107
v -1.136068 145.066986 9.483780
v -1.235136 144.860001 9.425430
v -1.235136 145.019073 9.531693
v -1.136068 145.187943 9.664810
v -1.307778 144.932693 9.618057
v -1.136068 145.230408 9.878342
v -1.235136 145.125351 9.690735
v -1.307778 145.012497 9.737473
v -1.307778 144.813263 9.538254
v -1.344318 144.827850 9.722916
v -1.307778 144.672409 9.510239
v -1.344318 144.756516 9.675278
v -1.307778 144.531555 9.538254
v -1.344318 144.672409 9.658539
v -1.307778 144.412140 9.618073
v -1.344318 144.588318 9.675278
v -1.307778 144.332336 9.737473
v -1.344318 144.516983 9.722916
v -1.366882 144.672409 9.878342
v -1.344318 144.469360 9.794250
v -1.307778 144.304306 9.878342
v -1.344318 144.452637 9.878342
v -1.307778 144.332336 10.019211
v -1.344318 144.469345 9.962463
v -1.344318 144.516983 10.033768
v -1.307778 144.412125 10.138626
v -1.235136 144.484787 10.331268
v -1.307778 144.531555 10.218430
v -1.344318 144.588318 10.081421
v -1.235136 144.672409 10.368591
v -1.136068 144.672379 10.436340
v -1.307778 144.672409 10.246445
v -1.136068 144.885971 10.393875
v -1.344318 144.672409 10.098145
v -1.344318 144.756516 10.081421
v -1.307778 144.813263 10.218430
v -1.344318 144.827850 10.033768
v -1.235136 144.860016 10.331268
v -1.307778 144.932693 10.138626
v -1.235136 145.019089 10.224991
v -1.136068 145.067001 10.272919
v -1.136068 145.187943 10.091888
v -1.235136 145.125351 10.065964
v -1.307778 145.012497 10.019211
v -1.235136 145.162643 9.878342
v -1.344318 144.875488 9.962463
v -1.307778 145.040543 9.878342
v -1.344318 144.892212 9.878342
v -1.344318 144.875488 9.794235
v 1.136068 145.067001 10.272919
v 1.136068 145.187943 10.091888
v 1.136068 144.885971 10.393875
v 1.235136 145.019089 10.224991
v 1.136068 145.230408 9.878342
v 1.235136 145.125351 10.065964
v 1.136068 145.187943 9.664810
v 1.235136 145.162643 9.878342
v 1.136068 145.066986 9.483780
v 1.235136 145.125351 9.690735
v 1.235136 145.019073 9.531693
v 1.136068 144.885971 9.362808
v 1.136068 144.672394 9.320343
v 1.235136 144.860001 9.425430
v 1.136068 144.458862 9.362808
v 1.235136 144.672409 9.388107
v 1.136068 144.277832 9.483780
v 1.235136 144.484787 9.425415
v 1.235136 144.325729 9.531693
v 1.136068 144.156891 9.664810
v 1.307778 144.412140 9.618073
v 1.136068 144.114426 9.878342
v 1.235136 144.219467 9.690735
v 1.307778 144.332336 9.737473
v 1.307778 144.531555 9.538254
v 1.344318 144.516983 9.722916
v 1.307778 144.304306 9.878342
v 1.344318 144.469360 9.794250
v 1.344318 144.588318 9.675278
v 1.235136 144.182175 9.878342
v 1.235136 144.219482 10.065948
v 1.136068 144.156876 10.091873
v 1.136068 144.277802 10.272903
v 1.235136 144.325760 10.224991
v 1.136068 144.458862 10.393860
v 1.307778 144.332336 10.019211
v 1.136068 144.672379 10.436340
v 1.235136 144.484787 10.331268
v 1.235136 144.860016 10.331268
v 1.235136 144.672409 10.368591
v 1.307778 144.412125 10.138626
v 1.307778 144.531555 10.218430
v 1.344318 144.516983 10.033768
v 1.344318 144.469345 9.962463
v 1.344318 144.588318 10.081421
v 1.344318 144.452637 9.878342
v 1.366882 144.672409 9.878342
v 1.307778 144.672409 10.246445
v 1.344318 144.672409 10.098145
v 1.307778 144.813263 10.218430
v 1.344318 144.756516 10.081421
v 1.307778 144.932693 10.138626
v 1.344318 144.827850 10.033768
v 1.307778 145.012497 10.019211
v 1.344318 144.875488 9.962463
v 1.307778 145.040543 9.878342
v 1.344318 144.892212 9.878342
v 1.307778 145.012497 9.737473
v 1.344318 144.875488 9.794235
v 1.307778 144.932693 9.618057
v 1.344318 144.827850 9.722916
v 1.307778 144.813263 9.538254
v 1.344318 144.756516 9.675278
v 1.344318 144.672409 9.658539
v 1.307778 144.672409 9.510239
v 0.881201 145.077179 10.731812
v -0.881201 145.077179 10.731812
v 2.736215 143.911957 7.610062
v 2.951934 143.928513 8.112320
v 2.948452 144.124527 7.707184
v 3.206450 144.309082 7.791702
v 2.740305 143.716583 8.015411
v 2.573195 143.667191 7.498230
v 3.213059 144.107849 8.191711
v 3.508588 144.429001 7.846481
v 2.577741 143.472504 7.903870
v 2.470407 143.406342 7.378937
v 3.510869 144.237656 8.255753
v 3.834304 144.513077 7.884857
v 2.475245 143.212402 7.784958
v 2.441104 143.126587 7.251022
v 3.842360 144.317795 8.294434
v 4.167971 144.535965 7.895218
v 2.446033 142.933548 7.657471
v 2.468954 142.850983 7.125015
v 2.757360 143.156052 7.827255
v 2.473801 142.658844 7.531830
v 2.573195 142.585876 7.003906
v 2.728492 142.914352 7.714645
v 2.577741 142.394592 7.411057
v 2.729608 142.339386 6.891220
v 2.764233 142.661606 7.604523
v 2.733712 142.148697 7.298706
v 2.948452 142.128632 6.794861
v 2.841722 142.417847 7.490616
v 2.848346 142.495544 8.004074
v 2.951934 141.938583 7.202606
v 2.929353 142.266144 7.899155
v 2.970381 142.197021 7.387436
v 3.049258 142.054947 7.802643
v 3.209162 141.754272 7.118378
v 3.206419 141.944061 6.710388
v 3.155043 141.995087 7.296921
v 3.219983 141.870422 7.718307
v 3.510390 141.634872 7.063782
v 3.508506 141.824112 6.655640
v 3.371486 141.833939 7.215561
v 3.418006 141.711761 7.645813
v 3.834462 141.556473 7.028000
v 3.833505 141.745651 6.619751
v 3.613458 141.716095 7.164200
v 3.654962 141.606232 7.597519
v 4.167971 141.528366 7.015106
v 4.167971 141.717087 6.606827
v 4.502121 141.739059 6.616821
v 3.889752 141.641266 7.125031
v 3.906943 141.538330 7.566376
v 4.501167 141.550049 7.025070
v 4.827444 141.824112 6.655640
v 4.167510 141.617172 7.115845
v 4.825554 141.634872 7.063782
v 5.124383 141.947708 6.712189
v 4.448547 141.639755 7.123672
v 4.167971 141.513641 7.555069
v 4.722107 141.718201 7.165833
v 4.428688 141.532730 7.563904
v 4.167971 141.464233 8.069382
v 4.973265 141.836716 7.216339
v 4.681068 141.606232 7.597519
v 5.121648 141.758255 7.120178
v 5.387489 142.128632 6.794861
v 4.395817 141.481094 8.077087
v 5.384007 141.938660 7.202606
v 5.184516 141.993774 7.292084
v 4.913820 141.714737 7.647125
v 5.599601 142.145218 7.297089
v 5.603714 142.335968 6.889603
v 5.366423 142.187775 7.378113
v 5.116048 141.870422 7.718307
v 4.616386 141.545349 8.106445
v 4.819786 141.640213 8.149780
v 5.285385 142.052063 7.801193
v 4.590280 141.580307 8.181610
v 4.996515 141.776337 8.211990
v 4.781831 141.669632 8.222427
v 4.948270 141.797821 8.281021
v 4.382549 141.519806 8.153976
v 4.704350 141.775391 8.270828
v 4.536990 141.697327 8.235153
v 4.849758 141.887375 8.322021
v 4.355474 141.644440 8.210968
v 4.674118 141.830078 8.260254
v 4.167971 141.503937 8.146713
v 4.516192 141.756424 8.226578
v 4.344907 141.706528 8.203766
v 4.167971 141.630569 8.204620
v 3.953138 141.524261 8.156006
v 3.980252 141.648331 8.212753
v 4.167971 141.693436 8.197769
v 3.939851 141.485825 8.079254
v 3.719636 141.545349 8.106445
v 3.745744 141.580307 8.181610
v 3.512562 141.637695 8.148636
v 3.550734 141.667252 8.221344
v 3.799034 141.697327 8.235153
v 3.628651 141.773300 8.269882
v 3.339508 141.776337 8.211990
v 3.387759 141.797821 8.281021
v 3.486268 141.887375 8.322021
v 3.190329 141.937531 8.285706
v 3.247269 141.949646 8.350433
v 3.085557 142.121994 8.370056
v 3.148604 142.123398 8.429871
v 3.363487 142.020065 8.382660
v 3.277257 142.171906 8.452057
v 3.081941 142.312271 8.516220
v 3.524688 141.935776 8.308563
v 3.014758 142.322571 8.461746
v 3.219026 142.336945 8.527527
v 3.064570 142.507462 8.605453
v 2.827232 142.732864 8.112473
v 2.996308 142.529846 8.556503
v 3.082649 142.705109 8.695801
v 3.015486 142.739716 8.652451
v 2.849174 142.972855 8.222229
v 3.203856 142.507462 8.605453
v 3.148645 142.891434 8.780960
v 3.219622 142.680176 8.684387
v 3.272501 142.359970 8.502457
v 3.085557 142.937576 8.742889
v 3.327443 142.204269 8.431274
v 3.258188 142.520905 8.576019
v 3.408814 142.061005 8.365784
v 3.337600 142.238922 8.365555
v 3.417990 142.097412 8.300873
v 3.532467 141.973709 8.244339
v 3.283325 142.392746 8.435883
v 3.401572 142.243668 8.418762
v 3.581386 141.998886 8.306915
v 3.665220 141.867340 8.195740
v 3.659052 141.828125 8.259369
v 3.819830 141.756424 8.226578
v 3.990831 141.710205 8.205444
v 3.824056 141.796509 8.163345
v 3.850566 141.835373 8.232147
v 3.992980 141.750854 8.142471
v 3.742019 142.107285 8.457291
v 4.167971 141.734283 8.134888
v 4.167971 141.777939 8.205856
v 4.342761 141.747208 8.140808
v 4.511968 141.796509 8.163345
v 4.485457 141.835373 8.232147
v 4.667988 141.869278 8.196625
v 3.937354 141.988342 8.403091
v 4.811335 141.935776 8.308563
v 4.803556 141.973709 8.244339
v 4.971548 142.017761 8.381622
v 4.926264 142.058823 8.364792
v 4.754554 141.998886 8.306915
v 5.087618 141.947021 8.349228
v 5.058765 142.171906 8.452057
v 4.917086 142.095276 8.299896
v 5.144492 141.934753 8.284424
v 5.187411 142.123398 8.429871
v 5.008567 142.204269 8.431274
v 5.116377 142.334747 8.526505
v 5.250464 142.122009 8.370056
v 4.998387 142.238922 8.365555
v 5.406672 142.266144 7.899155
v 5.253376 142.309784 8.515106
v 5.499497 142.413406 7.481781
v 5.062934 142.357910 8.501511
v 5.758199 142.394592 7.411057
v 5.762744 142.585876 7.003906
v 5.586850 142.665878 7.595367
v 5.860720 142.654678 7.529984
v 5.865572 142.846786 7.123154
v 5.486845 142.492813 8.002670
v 5.889909 142.933548 7.657471
v 5.894838 143.126587 7.251022
v 5.598466 142.915390 7.721939
v 5.862012 143.208206 7.783066
v 5.866858 143.402084 7.377045
v 5.320518 142.319916 8.460541
v 5.758199 143.472504 7.903870
v 5.762744 143.667191 7.498230
v 5.575745 143.173019 7.834549
v 5.596685 143.717316 8.015091
v 5.603167 143.912766 7.613037
v 5.494692 143.415115 7.942520
v 5.487503 142.970062 8.220825
v 5.382801 143.928680 8.115005
v 5.387688 144.126190 7.710571
v 5.128159 144.304001 7.789246
v 5.364033 143.645065 8.043945
v 5.406672 143.199448 8.325729
v 5.287315 143.411270 8.422485
v 5.190989 143.837692 8.131012
v 5.122555 144.101898 8.198441
v 4.827444 144.429001 7.846481
v 5.116048 143.595215 8.506561
v 4.824830 144.229706 8.260986
v 4.505852 144.513794 7.885178
v 4.972452 143.998459 8.204834
v 4.916693 143.749039 8.576981
v 4.723845 144.119537 8.256805
v 4.507522 144.313354 8.293121
v 4.170835 144.339828 8.310165
v 4.457340 144.183777 8.294876
v 4.681068 143.859360 8.627441
v 4.168141 144.215347 8.303513
v 4.432076 143.932404 8.660797
v 4.616386 143.514267 9.006516
v 3.887396 144.198105 8.291168
v 4.167971 143.952026 8.669800
v 3.600256 144.114594 8.255539
v 3.907669 143.932205 8.660706
v 3.654962 143.859360 8.627441
v 3.345393 143.977707 8.199005
v 3.418001 143.753845 8.579117
v 3.132949 143.814362 8.125275
v 3.719636 143.514267 9.006516
v 2.959943 143.607574 8.036835
v 3.219983 143.595215 8.506561
v 3.512561 143.421967 8.964294
v 3.054356 143.409424 8.421677
v 2.832116 143.377533 7.933899
v 2.929353 143.199448 8.325729
v 3.194778 143.121048 8.826706
v 3.339508 143.283340 8.900864
v 3.251492 143.064224 8.859909
v 3.387768 143.217072 8.929764
v 3.550740 143.347610 8.989471
v 3.277262 142.842987 8.758774
v 3.367160 142.993942 8.827759
v 3.486269 143.127457 8.888809
v 3.745750 143.434525 9.029251
v 3.628654 143.241516 8.941010
v 3.412277 142.979980 8.785797
v 3.524688 143.105972 8.843414
v 3.799035 143.317505 8.975784
v 3.327443 142.837540 8.720703
v 3.953738 143.494522 9.056625
v 3.273057 142.683899 8.650497
v 3.337600 142.864532 8.651535
v 3.283876 142.712738 8.582169
v 3.269192 142.551712 8.508560
v 3.421406 143.005249 8.715836
v 3.338441 142.532440 8.550735
v 3.401572 142.821136 8.682800
v 3.566103 142.494659 8.634018
v 3.532467 143.129745 8.772736
v 3.581386 143.065903 8.794662
v 3.665212 143.236084 8.821381
v 3.611696 142.703812 8.730270
v 3.742177 142.881409 8.811279
v 3.822217 142.602509 8.742020
v 3.611600 142.284912 8.538635
v 3.793617 142.472290 8.682465
v 3.822196 142.341949 8.622879
v 3.903271 142.231476 8.572357
v 4.167971 142.453110 8.724274
v 4.024757 142.157684 8.538635
v 4.167603 141.946381 8.384094
v 4.167971 142.131699 8.526810
v 4.398134 141.988190 8.402969
v 4.311266 142.157684 8.538635
v 4.593558 142.106781 8.457184
v 4.432758 142.231476 8.572357
v 4.513841 142.341934 8.622864
v 4.724182 142.284378 8.538376
v 4.934452 142.243668 8.418762
v 4.542286 142.472290 8.682465
v 4.770098 142.494003 8.634171
v 5.052122 142.390717 8.434952
v 4.513817 142.602524 8.742020
v 4.997584 142.532440 8.550735
v 4.724418 142.703522 8.730042
v 4.594007 142.881241 8.811264
v 5.066785 142.551712 8.508560
v 4.432748 142.712982 8.792511
v 4.934452 142.821136 8.682800
v 5.052571 142.710663 8.581223
v 5.077764 142.520905 8.576019
v 4.998387 142.864532 8.651535
v 5.132084 142.507462 8.605453
v 5.063391 142.681793 8.649551
v 5.116854 142.677948 8.683365
v 5.271371 142.507462 8.605453
v 5.253898 142.702560 8.694641
v 5.339632 142.529846 8.556503
v 5.508708 142.732864 8.112473
v 5.321097 142.737015 8.651215
v 5.250464 142.937576 8.742889
v 5.187374 142.891434 8.780960
v 5.146177 143.122589 8.827423
v 5.089172 143.065689 8.860580
v 5.058761 142.842987 8.758774
v 4.996515 143.283340 8.900864
v 5.008567 142.837540 8.720703
v 4.972925 142.995209 8.828339
v 4.948255 143.217072 8.929749
v 4.918379 143.006439 8.716385
v 4.927568 142.981186 8.786362
v 4.849756 143.127457 8.888809
v 4.784195 143.343781 8.987732
v 4.822299 143.417892 8.962418
v 4.590278 143.434540 9.029251
v 4.706415 143.238174 8.939484
v 4.811335 143.105972 8.843414
v 4.803556 143.129745 8.772736
v 4.676062 143.210464 8.891220
v 4.754554 143.065903 8.794662
v 4.669922 143.232956 8.819946
v 4.398724 143.000061 8.865540
v 4.485457 143.229431 8.869415
v 4.511968 143.306915 8.853775
v 4.311269 142.786819 8.826233
v 4.167971 143.286865 8.895630
v 4.168001 143.041824 8.885071
v 4.167971 142.812561 8.838074
v 4.024758 142.786804 8.826233
v 3.903280 142.712982 8.792511
v 3.937691 143.000198 8.865540
v 3.850566 143.229431 8.869415
v 3.824056 143.306915 8.853775
v 3.994251 143.352844 8.874756
v 3.659059 143.213608 8.892670
v 3.819830 143.285309 8.925476
v 3.980773 143.369949 8.999680
v 3.991325 143.334808 8.948044
v 4.167971 143.369171 8.882187
v 4.167971 143.384338 9.006210
v 4.345033 143.355896 8.876144
v 4.167971 143.348389 8.954193
v 4.347208 143.334930 8.948090
v 4.516192 143.285309 8.925476
v 4.357913 143.370071 8.999741
v 4.536990 143.317505 8.975784
v 4.167971 143.510986 9.064102
v 4.385339 143.494675 9.056702
v 4.167971 143.595459 9.043549
v 4.398776 143.578125 9.035645
v 3.940490 143.577988 9.035599
v -2.951934 143.928513 8.112320
v -2.736215 143.911957 7.610062
v -2.948452 144.124527 7.707184
v -3.206450 144.309082 7.791702
v -2.740305 143.716583 8.015411
v -2.573195 143.667191 7.498230
v -3.213059 144.107849 8.191711
v -3.508588 144.429001 7.846481
v -2.577741 143.472504 7.903870
v -2.470407 143.406342 7.378937
v -3.510869 144.237656 8.255753
v -3.834304 144.513077 7.884857
v -2.475245 143.212402 7.784958
v -2.441104 143.126587 7.251022
v -3.842360 144.317795 8.294434
v -4.167971 144.535965 7.895218
v -2.446033 142.933548 7.657471
v -2.468954 142.850983 7.125015
v -2.757360 143.156052 7.827255
v -2.473801 142.658844 7.531830
v -2.573195 142.585876 7.003906
v -2.728492 142.914352 7.714645
v -2.577741 142.394592 7.411057
v -2.729608 142.339386 6.891220
v -2.764233 142.661606 7.604523
v -2.733712 142.148697 7.298706
v -2.948452 142.128632 6.794861
v -2.841722 142.417847 7.490616
v -2.848346 142.495544 8.004074
v -2.951934 141.938583 7.202606
v -2.827232 142.732864 8.112473
v -2.970381 142.197021 7.387436
v -3.209162 141.754272 7.118378
v -3.206419 141.944061 6.710388
v -3.155043 141.995087 7.296921
v -3.510390 141.634872 7.063782
v -3.508506 141.824112 6.655640
v -3.371486 141.833939 7.215561
v -3.834462 141.556473 7.028000
v -3.833505 141.745651 6.619751
v -3.613458 141.716095 7.164200
v -3.418006 141.711761 7.645813
v -4.167971 141.528366 7.015106
v -4.167971 141.717087 6.606827
v -4.502121 141.739059 6.616821
v -3.889752 141.641266 7.125031
v -3.654962 141.606232 7.597519
v -3.906943 141.538330 7.566376
v -4.167510 141.617172 7.115845
v -4.167971 141.513641 7.555069
v -4.448547 141.639755 7.123672
v -4.501167 141.550049 7.025070
v -4.827444 141.824112 6.655640
v -4.428688 141.532730 7.563904
v -4.825554 141.634872 7.063782
v -5.124383 141.947708 6.712189
v -4.722107 141.718201 7.165833
v -5.121648 141.758255 7.120178
v -5.387489 142.128632 6.794861
v -4.973265 141.836716 7.216339
v -4.681068 141.606232 7.597519
v -5.384007 141.938660 7.202606
v -5.184516 141.993774 7.292084
v -4.913820 141.714737 7.647125
v -5.599601 142.145218 7.297089
v -5.603714 142.335968 6.889603
v -5.366423 142.187775 7.378113
v -5.116048 141.870422 7.718307
v -5.758199 142.394592 7.411057
v -5.762744 142.585876 7.003906
v -5.499497 142.413406 7.481781
v -5.860720 142.654678 7.529984
v -5.865572 142.846786 7.123154
v -5.586850 142.665878 7.595367
v -5.285385 142.052063 7.801193
v -5.406672 142.266144 7.899155
v -5.889909 142.933548 7.657471
v -5.894838 143.126587 7.251022
v -5.598466 142.915390 7.721939
v -5.862012 143.208206 7.783066
v -5.866858 143.402084 7.377045
v -5.486845 142.492813 8.002670
v -5.758199 143.472504 7.903870
v -5.762744 143.667191 7.498230
v -5.575745 143.173019 7.834549
v -5.596685 143.717316 8.015091
v -5.603167 143.912766 7.613037
v -5.494692 143.415115 7.942520
v -5.382801 143.928680 8.115005
v -5.387688 144.126190 7.710571
v -5.128159 144.304001 7.789246
v -5.364033 143.645065 8.043945
v -5.122555 144.101898 8.198441
v -4.827444 144.429001 7.846481
v -5.190989 143.837692 8.131012
v -4.824830 144.229706 8.260986
v -4.505852 144.513794 7.885178
v -4.972452 143.998459 8.204834
v -4.507522 144.313354 8.293121
v -4.723845 144.119537 8.256805
v -4.916693 143.749039 8.576981
v -4.170835 144.339828 8.310165
v -4.457340 144.183777 8.294876
v -4.681068 143.859360 8.627441
v -4.168141 144.215347 8.303513
v -4.432076 143.932404 8.660797
v -3.887396 144.198105 8.291168
v -3.600256 144.114594 8.255539
v -3.907669 143.932205 8.660706
v -3.345393 143.977707 8.199005
v -3.654962 143.859360 8.627441
v -3.418001 143.753845 8.579117
v -3.132949 143.814362 8.125275
v -3.719636 143.514267 9.006516
v -2.959943 143.607574 8.036835
v -3.219983 143.595215 8.506561
v -3.512561 143.421967 8.964294
v -3.054356 143.409424 8.421677
v -2.832116 143.377533 7.933899
v -3.339508 143.283340 8.900864
v -2.849174 142.972855 8.222229
v -2.929353 143.199448 8.325729
v -3.194778 143.121048 8.826706
v -3.085557 142.937576 8.742889
v -3.015486 142.739716 8.652451
v -3.387768 143.217072 8.929764
v -3.251492 143.064224 8.859909
v -3.148645 142.891434 8.780960
v -3.550740 143.347610 8.989471
v -3.367160 142.993942 8.827759
v -3.745750 143.434525 9.029251
v -3.486269 143.127457 8.888809
v -3.628654 143.241516 8.941010
v -3.277262 142.842987 8.758774
v -3.412277 142.979980 8.785797
v -3.327443 142.837540 8.720703
v -3.219622 142.680176 8.684387
v -3.524688 143.105972 8.843414
v -3.082649 142.705109 8.695801
v -3.273057 142.683899 8.650497
v -2.996308 142.529846 8.556503
v -3.203856 142.507462 8.605453
v -3.014758 142.322571 8.461746
v -3.064570 142.507462 8.605453
v -3.258188 142.520905 8.576019
v -3.085557 142.121994 8.370056
v -3.081941 142.312271 8.516220
v -3.219026 142.336945 8.527527
v -2.929353 142.266144 7.899155
v -3.148604 142.123398 8.429871
v -3.190329 141.937531 8.285706
v -3.049258 142.054947 7.802643
v -3.247269 141.949646 8.350433
v -3.219983 141.870422 7.718307
v -3.339508 141.776337 8.211990
v -3.512562 141.637695 8.148636
v -3.387759 141.797821 8.281021
v -3.277257 142.171906 8.452057
v -3.719636 141.545349 8.106445
v -3.550734 141.667252 8.221344
v -3.939851 141.485825 8.079254
v -3.745744 141.580307 8.181610
v -3.486268 141.887375 8.322021
v -4.167971 141.464233 8.069382
v -3.628651 141.773300 8.269882
v -3.953138 141.524261 8.156006
v -3.799034 141.697327 8.235153
v -3.659052 141.828125 8.259369
v -3.363487 142.020065 8.382660
v -3.524688 141.935776 8.308563
v -3.408814 142.061005 8.365784
v -3.327443 142.204269 8.431274
v -3.532467 141.973709 8.244339
v -3.272501 142.359970 8.502457
v -3.417990 142.097412 8.300873
v -3.337600 142.238922 8.365555
v -3.283325 142.392746 8.435883
v -3.401572 142.243668 8.418762
v -3.581386 141.998886 8.306915
v -3.665220 141.867340 8.195740
v -3.819830 141.756424 8.226578
v -3.824056 141.796509 8.163345
v -3.990831 141.710205 8.205444
v -3.850566 141.835373 8.232147
v -3.992980 141.750854 8.142471
v -3.980252 141.648331 8.212753
v -4.167971 141.693436 8.197769
v -4.167971 141.503937 8.146713
v -4.167971 141.630569 8.204620
v -4.167971 141.734283 8.134888
v -4.355474 141.644440 8.210968
v -4.167971 141.777939 8.205856
v -4.342761 141.747208 8.140808
v -4.344907 141.706528 8.203766
v -4.382549 141.519806 8.153976
v -4.536990 141.697327 8.235153
v -4.395817 141.481094 8.077087
v -4.590280 141.580307 8.181610
v -4.616386 141.545349 8.106445
v -4.704350 141.775391 8.270828
v -4.819786 141.640213 8.149780
v -4.781831 141.669632 8.222427
v -4.996515 141.776337 8.211990
v -4.948270 141.797821 8.281021
v -5.144492 141.934753 8.284424
v -5.087618 141.947021 8.349228
v -4.849758 141.887375 8.322021
v -4.971548 142.017761 8.381622
v -5.250464 142.122009 8.370056
v -5.187411 142.123398 8.429871
v -5.058765 142.171906 8.452057
v -5.320518 142.319916 8.460541
v -5.253376 142.309784 8.515106
v -5.116377 142.334747 8.526505
v -5.508708 142.732864 8.112473
v -5.271371 142.507462 8.605453
v -5.487503 142.970062 8.220825
v -5.339632 142.529846 8.556503
v -5.321097 142.737015 8.651215
v -5.253898 142.702560 8.694641
v -5.132084 142.507462 8.605453
v -5.187374 142.891434 8.780960
v -5.116854 142.677948 8.683365
v -5.250464 142.937576 8.742889
v -5.406672 143.199448 8.325729
v -5.089172 143.065689 8.860580
v -5.287315 143.411270 8.422485
v -5.146177 143.122589 8.827423
v -5.116048 143.595215 8.506561
v -4.996515 143.283340 8.900864
v -4.822299 143.417892 8.962418
v -4.948255 143.217072 8.929749
v -4.784195 143.343781 8.987732
v -4.616386 143.514267 9.006516
v -4.590278 143.434540 9.029251
v -4.849756 143.127457 8.888809
v -4.706415 143.238174 8.939484
v -4.972925 142.995209 8.828339
v -5.058761 142.842987 8.758774
v -4.927568 142.981186 8.786362
v -5.008567 142.837540 8.720703
v -5.063391 142.681793 8.649551
v -4.811335 143.105972 8.843414
v -4.918379 143.006439 8.716385
v -4.803556 143.129745 8.772736
v -4.676062 143.210464 8.891220
v -4.669922 143.232956 8.819946
v -4.754554 143.065903 8.794662
v -4.998387 142.864532 8.651535
v -4.934452 142.821136 8.682800
v -5.052571 142.710663 8.581223
v -5.077764 142.520905 8.576019
v -5.066785 142.551712 8.508560
v -5.062934 142.357910 8.501511
v -5.052122 142.390717 8.434952
v -4.997584 142.532440 8.550735
v -4.998387 142.238922 8.365555
v -5.008567 142.204269 8.431274
v -4.934452 142.243668 8.418762
v -4.917086 142.095276 8.299896
v -4.926264 142.058823 8.364792
v -4.803556 141.973709 8.244339
v -4.811335 141.935776 8.308563
v -4.754554 141.998886 8.306915
v -4.667988 141.869278 8.196625
v -4.674118 141.830078 8.260254
v -4.516192 141.756424 8.226578
v -4.511968 141.796509 8.163345
v -4.485457 141.835373 8.232147
v -4.593558 142.106781 8.457184
v -4.398134 141.988190 8.402969
v -4.724182 142.284378 8.538376
v -4.432758 142.231476 8.572357
v -4.770098 142.494003 8.634171
v -4.513841 142.341934 8.622864
v -4.542286 142.472290 8.682465
v -4.724418 142.703522 8.730042
v -4.513817 142.602524 8.742020
v -4.594007 142.881241 8.811264
v -4.432748 142.712982 8.792511
v -4.398724 143.000061 8.865540
v -4.167971 142.453110 8.724274
v -4.311269 142.786819 8.826233
v -4.485457 143.229431 8.869415
v -4.168001 143.041824 8.885071
v -4.511968 143.306915 8.853775
v -4.167971 142.812561 8.838074
v -4.024758 142.786804 8.826233
v -4.167971 143.286865 8.895630
v -3.937691 143.000198 8.865540
v -4.345033 143.355896 8.876144
v -4.516192 143.285309 8.925476
v -4.536990 143.317505 8.975784
v -4.347208 143.334930 8.948090
v -4.385339 143.494675 9.056702
v -4.357913 143.370071 8.999741
v -4.398776 143.578125 9.035645
v -4.167971 143.510986 9.064102
v -4.167971 143.952026 8.669800
v -4.167971 143.595459 9.043549
v -3.940490 143.577988 9.035599
v -3.953738 143.494522 9.056625
v -4.167971 143.384338 9.006210
v -3.980773 143.369949 8.999680
v -3.799035 143.317505 8.975784
v -4.167971 143.348389 8.954193
v -3.659059 143.213608 8.892670
v -3.991325 143.334808 8.948044
v -4.167971 143.369171 8.882187
v -3.819830 143.285309 8.925476
v -3.994251 143.352844 8.874756
v -3.824056 143.306915 8.853775
v -3.850566 143.229431 8.869415
v -3.665212 143.236084 8.821381
v -3.581386 143.065903 8.794662
v -3.532467 143.129745 8.772736
v -3.421406 143.005249 8.715836
v -3.337600 142.864532 8.651535
v -3.401572 142.821136 8.682800
v -3.283876 142.712738 8.582169
v -3.742177 142.881409 8.811279
v -3.269192 142.551712 8.508560
v -3.338441 142.532440 8.550735
v -3.611696 142.703812 8.730270
v -3.566103 142.494659 8.634018
v -3.822217 142.602509 8.742020
v -3.903280 142.712982 8.792511
v -3.793617 142.472290 8.682465
v -3.611600 142.284912 8.538635
v -3.822196 142.341949 8.622879
v -3.742019 142.107285 8.457291
v -3.903271 142.231476 8.572357
v -3.937354 141.988342 8.403091
v -4.024757 142.157684 8.538635
v -4.167603 141.946381 8.384094
v -4.167971 142.131699 8.526810
v -4.311266 142.157684 8.538635
v 1.089658 145.281097 10.519318
v 1.073790 145.201981 10.486526
v 1.073790 145.223557 10.464050
v 1.028603 145.174728 10.417252
v 1.089658 145.259521 10.541779
v 1.073790 145.338654 10.574554
v 1.028603 145.153152 10.439728
v 1.073790 145.317093 10.597046
v 1.028603 145.387466 10.621414
v 0.960975 145.120621 10.408417
v 0.960975 145.142151 10.385956
v 0.881201 145.109177 10.397446
v 0.881201 145.130768 10.375000
v 0.801428 145.142151 10.385956
v 0.801428 145.120621 10.408417
v 0.733800 145.174728 10.417252
v 0.733800 145.153152 10.439728
v 0.688612 145.201981 10.486526
v 0.688612 145.223557 10.464050
v 0.672744 145.281097 10.519318
v 0.672744 145.259521 10.541779
v 0.688612 145.338654 10.574554
v 0.688612 145.317093 10.597046
v 0.733799 145.387466 10.621414
v 0.733799 145.365891 10.643875
v 0.801428 145.419998 10.652695
v 0.801428 145.398438 10.675156
v 0.881201 145.431488 10.663681
v 0.881201 145.409912 10.686157
v 0.960974 145.398438 10.675156
v 0.960974 145.419998 10.652695
v 1.028603 145.365891 10.643875
v -1.073790 145.201981 10.486526
v -1.089658 145.281097 10.519318
v -1.073790 145.223557 10.464050
v -1.028603 145.174728 10.417252
v -1.089658 145.259521 10.541779
v -1.073790 145.338654 10.574554
v -1.028603 145.153152 10.439728
v -1.073790 145.317093 10.597046
v -1.028603 145.387466 10.621414
v -0.960975 145.120621 10.408417
v -0.960975 145.142151 10.385956
v -1.028603 145.365891 10.643875
v -0.960974 145.419998 10.652695
v -0.960974 145.398438 10.675156
v -0.881201 145.431488 10.663681
v -0.881201 145.409912 10.686157
v -0.801428 145.398438 10.675156
v -0.801428 145.419998 10.652695
v -0.733799 145.365891 10.643875
v -0.733799 145.387466 10.621414
v -0.688612 145.317093 10.597046
v -0.688612 145.338654 10.574554
v -0.672744 145.259521 10.541779
v -0.672744 145.281097 10.519318
v -0.688612 145.201981 10.486526
v -0.688612 145.223557 10.464050
v -0.733800 145.174728 10.417252
v -0.733800 145.153152 10.439728
v -0.801428 145.120621 10.408417
v -0.801428 145.142151 10.385956
v -0.881201 145.109177 10.397446
v -0.881201 145.130768 10.375000
v 2.442208 158.755798 -11.972382
v 1.471105 158.524994 -13.535065
v 2.289407 159.064026 -11.938126
v 1.538099 158.328995 -13.556839
v 2.553406 158.430450 -12.008530
v 1.379049 158.710678 -13.514435
v 2.097267 159.349609 -11.906372
v 1.578663 158.125946 -13.579407
v 2.620737 158.093475 -12.045929
v 1.476083 158.316208 -13.592194
v 1.592331 157.919388 -13.602341
v 2.643426 157.750671 -12.084030
v 1.515012 158.121353 -13.613846
v 1.528130 157.923111 -13.635864
v 1.578637 157.712830 -13.625290
v 2.620698 157.407898 -12.122116
v 1.514988 157.724884 -13.657883
v 1.538049 157.509796 -13.647842
v 2.553326 157.070938 -12.159561
v 1.476035 157.530029 -13.679520
v 1.471031 157.313782 -13.669617
v 2.442083 156.745605 -12.195679
v 1.411719 157.341919 -13.700409
v 1.378952 157.128098 -13.690231
v 2.289239 156.437363 -12.229935
v 1.323351 157.163712 -13.720200
v 1.263177 156.956009 -13.709335
v 2.097065 156.151733 -12.261642
v 1.212244 156.998581 -13.738541
v 1.125882 156.800354 -13.726624
v 1.869167 155.893311 -12.290329
v 1.080484 156.849182 -13.755127
v 0.969239 156.663910 -13.741776
v 1.609153 155.666672 -12.315475
v 0.930156 156.718262 -13.769669
v 0.796084 156.548843 -13.754547
v 1.321730 155.475601 -12.336685
v 0.763983 156.607834 -13.781921
v 0.609250 156.457367 -13.764694
v 1.011604 155.323853 -12.353516
v 0.584681 156.520035 -13.791656
v 0.412036 156.390778 -13.772064
v 0.684232 155.213531 -12.365753
v 0.395417 156.456131 -13.798752
v 0.207741 156.350464 -13.776535
v 0.345070 155.146667 -12.373169
v 0.199362 156.417450 -13.803040
v -0.000094 156.336884 -13.778030
v 0.000014 155.124100 -12.375656
v -0.000093 156.404404 -13.804474
v -0.207928 156.350494 -13.776505
v -0.345039 155.146698 -12.373123
v -0.199547 156.417480 -13.803009
v -0.412218 156.390823 -13.772018
v -0.684193 155.213593 -12.365646
v -0.395599 156.456177 -13.798691
v -0.609424 156.457443 -13.764603
v -1.011554 155.323944 -12.353348
v -0.584854 156.520111 -13.791580
v -0.796246 156.548950 -13.754440
v -1.321663 155.475708 -12.336472
v -0.764146 156.607941 -13.781815
v -0.969388 156.664017 -13.741638
v -1.609062 155.666855 -12.315247
v -0.930306 156.718353 -13.769547
v -1.126014 156.800476 -13.726471
v -1.869047 155.893570 -12.290070
v -1.080616 156.849304 -13.754990
v -1.263290 156.956146 -13.709167
v -2.096915 156.151993 -12.261353
v -1.212357 156.998703 -13.738388
v -1.379043 157.128265 -13.690048
v -2.289054 156.437592 -12.229599
v -1.323445 157.163879 -13.720032
v -1.471100 157.313934 -13.669418
v -2.441855 156.745804 -12.195343
v -1.411790 157.342072 -13.700226
v -1.538093 157.509949 -13.647644
v -2.553054 157.071152 -12.159195
v -1.476083 157.530182 -13.679337
v -1.578657 157.713013 -13.625061
v -2.620384 157.408157 -12.121765
v -1.515011 157.725037 -13.657684
v -1.592324 157.919556 -13.602142
v -2.643072 157.750946 -12.083694
v -1.528128 157.923279 -13.635666
v -1.578631 158.126114 -13.579193
v -2.620343 158.093719 -12.045624
v -1.514987 158.121506 -13.613647
v -1.538042 158.329163 -13.556641
v -2.552971 158.430664 -12.008179
v -1.476034 158.316376 -13.592010
v -1.471024 158.525146 -13.534882
v -2.441729 158.756027 -11.972015
v -1.411718 158.504456 -13.571121
v -1.378945 158.710831 -13.514252
v -2.288886 159.064240 -11.937790
v -1.323351 158.682663 -13.551331
v -1.263170 158.882919 -13.495148
v -2.096712 159.349854 -11.906082
v -1.212244 158.847794 -13.532990
v -1.125875 159.038574 -13.477859
v -1.868814 159.608292 -11.877396
v -1.080483 158.997192 -13.516403
v -0.969232 159.175034 -13.462723
v -1.608800 159.834946 -11.852234
v -0.930157 159.128128 -13.501862
v -0.796076 159.290070 -13.449951
v -1.321376 160.026016 -11.831039
v -0.763984 159.238525 -13.489609
v -0.609243 159.381561 -13.439789
v -1.011251 160.177750 -11.814209
v -0.584679 159.326340 -13.479874
v -0.412029 159.448151 -13.432404
v -0.683879 160.288086 -11.801971
v -0.395417 159.390244 -13.472778
v -0.207733 159.488464 -13.427948
v -0.344717 160.354935 -11.794556
v -0.199360 159.428925 -13.468491
v 0.000102 159.502060 -13.426437
v 0.000339 160.377487 -11.792068
v 0.000093 159.441971 -13.467056
v 0.207935 159.488434 -13.427963
v 0.345391 160.354904 -11.794601
v 0.199547 159.428894 -13.468521
v 0.412226 159.448105 -13.432465
v 0.684545 160.288010 -11.802063
v 0.395602 159.390198 -13.472839
v 0.609431 159.381516 -13.439880
v 1.011907 160.177673 -11.814362
v 0.584854 159.326294 -13.479950
v 0.796254 159.289993 -13.450058
v 1.322016 160.025879 -11.831268
v 0.764146 159.238449 -13.489716
v 0.969395 159.174942 -13.462845
v 1.609414 159.834732 -11.852478
v 0.930305 159.128052 -13.501984
v 1.126020 159.038452 -13.478012
v 1.869399 159.608047 -11.877640
v 1.080615 158.997070 -13.516541
v 1.263296 158.882767 -13.495316
v 1.212358 158.847672 -13.533142
v 1.323445 158.682510 -13.551498
v 1.411790 158.504303 -13.571304
v 0.000000 157.923157 -13.635773
vt 1.000000 1.000000
vt 0.000000 1.000000
vt 0.000000 0.000000
vt 1.000000 0.000000
vt 0.059509 0.645508
vt 0.063416 0.638184
vt 0.061523 0.635010
vt 0.836914 0.380371
vt 0.834473 0.370117
vt 0.833008 0.373535
vt 0.825684 0.744385
vt 0.825684 0.754150
vt 0.828125 0.754150
vt 0.828125 0.744385
vt 0.830078 0.754150
vt 0.830078 0.744385
vt 0.832520 0.754150
vt 0.832520 0.744385
vt 0.834473 0.754150
vt 0.834473 0.744385
vt 0.836426 0.744385
vt 0.836426 0.754150
vt 0.838867 0.744385
vt 0.838867 0.754150
vt 0.840820 0.754150
vt 0.840820 0.744385
vt 0.842773 0.754150
vt 0.842773 0.744385
vt 0.845215 0.744385
vt 0.845215 0.754150
vt 0.847168 0.744385
vt 0.847168 0.754150
vt 0.849121 0.754150
vt 0.849121 0.744385
vt 0.851562 0.754150
vt 0.851562 0.744385
vt 0.853516 0.744385
vt 0.853516 0.754150
vt 0.855957 0.744385
vt 0.855957 0.754150
vt 0.857910 0.744385
vt 0.857910 0.754150
vt 0.859863 0.744385
vt 0.859863 0.754150
vt 0.825684 0.744385
vt 0.828125 0.754150
vt 0.825684 0.754150
vt 0.828125 0.744385
vt 0.830078 0.754150
vt 0.830078 0.744385
vt 0.832520 0.754150
vt 0.832520 0.744385
vt 0.834473 0.754150
vt 0.834473 0.744385
vt 0.836426 0.744385
vt 0.836426 0.754150
vt 0.838867 0.744385
vt 0.838867 0.754150
vt 0.840820 0.754150
vt 0.840820 0.744385
vt 0.842773 0.754150
vt 0.842773 0.744385
vt 0.845215 0.744385
vt 0.845215 0.754150
vt 0.847168 0.744385
vt 0.847168 0.754150
vt 0.849121 0.754150
vt 0.849121 0.744385
vt 0.851562 0.754150
vt 0.851562 0.744385
vt 0.853516 0.744385
vt 0.853516 0.754150
vt 0.855957 0.744385
vt 0.855957 0.754150
vt 0.857910 0.744385
vt 0.857910 0.754150
vt 0.859863 0.744385
vt 0.859863 0.754150
vt 0.454590 0.911377
vt 0.469971 0.911621
vt 0.453857 0.924683
vt 0.470703 0.924683
vt 0.447998 0.948700
vt 0.478271 0.911011
vt 0.465088 0.948517
vt 0.445801 0.970673
vt 0.489990 0.924683
vt 0.464111 0.994778
vt 0.446777 0.995983
vt 0.463135 0.969788
vt 0.483643 0.948456
vt 0.481689 0.969360
vt 0.482666 0.994087
vt 0.496826 0.993668
vt 0.509766 0.968842
vt 0.510742 0.993343
vt 0.524902 0.993076
vt 0.511230 0.948151
vt 0.538574 0.968445
vt 0.538574 0.992970
vt 0.553223 0.992886
vt 0.539551 0.947998
vt 0.515137 0.924683
vt 0.541504 0.924683
vt 0.567383 0.968384
vt 0.566895 0.992943
vt 0.581055 0.993073
vt 0.567871 0.947876
vt 0.595703 0.968475
vt 0.595215 0.993149
vt 0.568359 0.924683
vt 0.596191 0.948120
vt 0.607422 0.980850
vt 0.605957 0.993328
vt 0.608887 0.993427
vt 0.609375 0.968918
vt 0.610840 0.981796
vt 0.624512 0.994995
vt 0.612305 0.962067
vt 0.613281 0.970963
vt 0.629395 0.973450
vt 0.639648 0.995731
vt 0.615723 0.965485
vt 0.616211 0.956573
vt 0.596191 0.924683
vt 0.619141 0.961487
vt 0.622070 0.952332
vt 0.624023 0.958038
vt 0.571289 0.904236
vt 0.625000 0.924683
vt 0.543945 0.903198
vt 0.598633 0.904968
vt 0.516602 0.902039
vt 0.574219 0.883850
vt 0.547852 0.881897
vt 0.491455 0.900757
vt 0.480225 0.897156
vt 0.520508 0.879700
vt 0.496582 0.876282
vt 0.485840 0.875732
vt 0.552246 0.863525
vt 0.525879 0.860107
vt 0.501953 0.855957
vt 0.494873 0.854492
vt 0.507324 0.834229
vt 0.533203 0.840576
vt 0.522461 0.814697
vt 0.542969 0.821411
vt 0.540527 0.796387
vt 0.558105 0.845215
vt 0.555176 0.802612
vt 0.559082 0.781860
vt 0.565918 0.827026
vt 0.578125 0.866211
vt 0.566406 0.787842
vt 0.580566 0.768799
vt 0.575195 0.808960
vt 0.597656 0.777344
vt 0.605469 0.757690
vt 0.584473 0.794800
vt 0.588867 0.831177
vt 0.596191 0.813599
vt 0.583008 0.848755
vt 0.603516 0.799805
vt 0.612305 0.833984
vt 0.607910 0.851074
vt 0.604492 0.868164
vt 0.601562 0.885193
vt 0.630859 0.869629
vt 0.626953 0.905090
vt 0.628906 0.886292
vt 0.633301 0.852905
vt 0.656738 0.886841
vt 0.655762 0.905823
vt 0.657715 0.870361
vt 0.654785 0.924683
vt 0.684570 0.905884
vt 0.684570 0.924683
vt 0.684570 0.886902
vt 0.658691 0.853882
vt 0.684082 0.870605
vt 0.712402 0.886658
vt 0.636230 0.836182
vt 0.710938 0.870239
vt 0.617676 0.817139
vt 0.639648 0.819458
vt 0.623047 0.803467
vt 0.613770 0.782715
vt 0.660156 0.837280
vt 0.625000 0.767212
vt 0.645996 0.747070
vt 0.630371 0.786499
vt 0.638672 0.770996
vt 0.643066 0.806030
vt 0.647949 0.789185
vt 0.662598 0.751221
vt 0.670898 0.744141
vt 0.653320 0.773560
vt 0.661621 0.820679
vt 0.663086 0.807373
vt 0.665527 0.790649
vt 0.668457 0.775024
vt 0.672852 0.752441
vt 0.683594 0.791016
vt 0.683105 0.752930
vt 0.690918 0.744141
vt 0.683105 0.775391
vt 0.692871 0.752319
vt 0.710938 0.746094
vt 0.698242 0.774780
vt 0.713379 0.772949
vt 0.701660 0.790405
vt 0.683594 0.807861
vt 0.727539 0.770142
vt 0.736816 0.751343
vt 0.684082 0.821167
vt 0.704102 0.807129
vt 0.719238 0.788574
vt 0.684082 0.837646
vt 0.706055 0.820557
vt 0.724609 0.805542
vt 0.684082 0.854126
vt 0.708008 0.837158
vt 0.709961 0.853760
vt 0.728027 0.818726
vt 0.731934 0.835693
vt 0.735352 0.852539
vt 0.737793 0.869263
vt 0.755859 0.833618
vt 0.760254 0.850708
vt 0.750000 0.816406
vt 0.744629 0.802734
vt 0.771484 0.812866
vt 0.736816 0.785767
vt 0.764160 0.798950
vt 0.753418 0.781860
vt 0.741211 0.766235
vt 0.759766 0.758545
vt 0.769043 0.776367
vt 0.787109 0.771362
vt 0.783203 0.793579
vt 0.801270 0.786743
vt 0.806641 0.783813
vt 0.792480 0.807861
vt 0.812988 0.801514
vt 0.822754 0.796875
vt 0.779297 0.830444
vt 0.802246 0.826050
vt 0.825195 0.820557
vt 0.841309 0.815186
vt 0.785645 0.848022
vt 0.810547 0.844482
vt 0.835449 0.839966
vt 0.856445 0.834961
vt 0.764160 0.867798
vt 0.790527 0.865723
vt 0.816406 0.863037
vt 0.842773 0.859497
vt 0.868164 0.855225
vt 0.877441 0.876160
vt 0.848633 0.879211
vt 0.793945 0.883484
vt 0.875488 0.902527
vt 0.882812 0.895020
vt 0.821289 0.881592
vt 0.852051 0.902100
vt 0.824707 0.903076
vt 0.895996 0.905212
vt 0.893555 0.896179
vt 0.913574 0.895569
vt 0.914062 0.905334
vt 0.875000 0.924683
vt 0.898926 0.924683
vt 0.915039 0.924683
vt 0.920410 0.947754
vt 0.903809 0.947662
vt 0.904297 0.953888
vt 0.920898 0.954254
vt 0.922363 0.975830
vt 0.879395 0.947479
vt 0.853516 0.924683
vt 0.880371 0.953674
vt 0.857422 0.947357
vt 0.827148 0.924683
vt 0.905762 0.975128
vt 0.921875 0.997879
vt 0.904785 0.996981
vt 0.889160 0.996078
vt 0.881348 0.974457
vt 0.873047 0.995907
vt 0.857910 0.953430
vt 0.858887 0.973999
vt 0.858398 0.995632
vt 0.843750 0.995262
vt 0.829102 0.953247
vt 0.830078 0.973572
vt 0.829590 0.995270
vt 0.815430 0.995018
vt 0.829102 0.947174
vt 0.801270 0.953186
vt 0.801758 0.973587
vt 0.801758 0.995205
vt 0.787598 0.995148
vt 0.772949 0.973709
vt 0.773438 0.995373
vt 0.759277 0.995396
vt 0.744141 0.973907
vt 0.744629 0.995628
vt 0.729980 0.995758
vt 0.772949 0.953217
vt 0.801270 0.947083
vt 0.714355 0.974182
vt 0.714844 0.995914
vt 0.699707 0.996040
vt 0.743652 0.953217
vt 0.772949 0.947083
vt 0.800293 0.924683
vt 0.743652 0.947021
vt 0.797363 0.904053
vt 0.772461 0.924683
vt 0.770020 0.904846
vt 0.744141 0.924683
vt 0.767090 0.884949
vt 0.742188 0.905396
vt 0.739746 0.886047
vt 0.713379 0.905762
vt 0.714355 0.924683
vt 0.684570 0.947144
vt 0.714355 0.947174
vt 0.714355 0.953430
vt 0.684570 0.953400
vt 0.684570 0.974197
vt 0.684570 0.995975
vt 0.669922 0.995991
vt 0.655273 0.953949
vt 0.654785 0.974487
vt 0.654297 0.995838
vt 0.654785 0.947388
vt 0.638184 0.955139
vt 0.637207 0.948456
vt 0.629883 0.956238
vt 0.629395 0.949951
vt 0.009720 0.450684
vt 0.009010 0.437500
vt 0.025131 0.450195
vt 0.025848 0.437500
vt 0.003258 0.413086
vt 0.033447 0.451172
vt 0.020401 0.413574
vt 0.001177 0.391113
vt 0.045105 0.437500
vt 0.002102 0.366211
vt 0.019394 0.367188
vt 0.018509 0.392090
vt 0.038818 0.413574
vt 0.037079 0.392578
vt 0.037872 0.367676
vt 0.052216 0.368164
vt 0.065186 0.393066
vt 0.065857 0.368652
vt 0.080322 0.368652
vt 0.066650 0.413574
vt 0.094177 0.393555
vt 0.094116 0.369141
vt 0.108398 0.369141
vt 0.095032 0.414062
vt 0.070374 0.437500
vt 0.096924 0.437500
vt 0.123108 0.414062
vt 0.122620 0.393555
vt 0.122253 0.369141
vt 0.136353 0.368652
vt 0.151123 0.393555
vt 0.150513 0.368652
vt 0.123840 0.437500
vt 0.151489 0.414062
vt 0.162720 0.381348
vt 0.161255 0.368652
vt 0.164307 0.368652
vt 0.164917 0.393066
vt 0.166138 0.380371
vt 0.179810 0.367188
vt 0.167725 0.399902
vt 0.168945 0.391113
vt 0.184937 0.388672
vt 0.195190 0.366211
vt 0.171143 0.396484
vt 0.171753 0.405273
vt 0.151733 0.437500
vt 0.174561 0.400391
vt 0.177490 0.409668
vt 0.179565 0.403809
vt 0.126465 0.457520
vt 0.180542 0.437500
vt 0.099304 0.458984
vt 0.154175 0.457031
vt 0.129883 0.478027
vt 0.071960 0.459961
vt 0.102966 0.479980
vt 0.046783 0.461426
vt 0.035400 0.464844
vt 0.075806 0.482422
vt 0.052032 0.485840
vt 0.041260 0.486328
vt 0.107483 0.498535
vt 0.081177 0.501953
vt 0.057251 0.506104
vt 0.050354 0.507568
vt 0.062683 0.527832
vt 0.088623 0.521484
vt 0.077698 0.547363
vt 0.098389 0.540771
vt 0.096008 0.565674
vt 0.113464 0.516846
vt 0.110474 0.559570
vt 0.114685 0.580322
vt 0.121155 0.535156
vt 0.133667 0.495605
vt 0.121948 0.574219
vt 0.136230 0.593262
vt 0.130737 0.553223
vt 0.153320 0.584717
vt 0.160767 0.604248
vt 0.139893 0.567383
vt 0.180664 0.594727
vt 0.201782 0.615234
vt 0.158813 0.562256
vt 0.169312 0.579346
vt 0.151733 0.548340
vt 0.144287 0.531006
vt 0.173218 0.544922
vt 0.138428 0.513428
vt 0.167847 0.528076
vt 0.163452 0.510986
vt 0.159790 0.493652
vt 0.156860 0.476562
vt 0.186279 0.492188
vt 0.182373 0.457031
vt 0.184326 0.475586
vt 0.188721 0.509033
vt 0.212036 0.475098
vt 0.191528 0.525879
vt 0.213013 0.491699
vt 0.214111 0.508057
vt 0.195068 0.542725
vt 0.215454 0.524658
vt 0.239746 0.491211
vt 0.178345 0.558594
vt 0.186035 0.575439
vt 0.198364 0.555908
vt 0.194336 0.591064
vt 0.203369 0.572998
vt 0.217163 0.541260
vt 0.218750 0.554688
vt 0.208862 0.588379
vt 0.218140 0.610840
vt 0.226440 0.617920
vt 0.221191 0.571533
vt 0.223755 0.587158
vt 0.228149 0.609619
vt 0.238403 0.609131
vt 0.246460 0.617920
vt 0.238892 0.586670
vt 0.248535 0.609863
vt 0.266357 0.615967
vt 0.239014 0.571045
vt 0.253906 0.587158
vt 0.268799 0.589111
vt 0.239258 0.554199
vt 0.257080 0.571777
vt 0.239380 0.540771
vt 0.259766 0.554932
vt 0.274658 0.573486
vt 0.283203 0.591797
vt 0.292480 0.610596
vt 0.280029 0.556396
vt 0.296875 0.595703
vt 0.315186 0.603516
vt 0.291992 0.576172
vt 0.324707 0.585693
vt 0.342773 0.590576
vt 0.308838 0.580078
vt 0.300049 0.559326
vt 0.319580 0.562988
vt 0.338623 0.568359
vt 0.356445 0.575195
vt 0.362061 0.578125
vt 0.326904 0.549072
vt 0.368408 0.560547
vt 0.378174 0.565186
vt 0.347900 0.554199
vt 0.380615 0.541504
vt 0.396484 0.546875
vt 0.357910 0.535889
vt 0.390625 0.521973
vt 0.411621 0.527100
vt 0.365723 0.517334
vt 0.334717 0.531494
vt 0.340820 0.513916
vt 0.398193 0.502441
vt 0.423584 0.506592
vt 0.432373 0.485840
vt 0.371826 0.499023
vt 0.403809 0.482910
vt 0.430664 0.459473
vt 0.438232 0.466797
vt 0.376221 0.480469
vt 0.450928 0.456543
vt 0.448730 0.465820
vt 0.468506 0.466309
vt 0.469238 0.456543
vt 0.407471 0.459961
vt 0.430176 0.437500
vt 0.453857 0.437500
vt 0.470215 0.437500
vt 0.475586 0.414062
vt 0.458740 0.414551
vt 0.459473 0.408203
vt 0.476074 0.407715
vt 0.477539 0.386230
vt 0.434814 0.414551
vt 0.408691 0.437500
vt 0.460693 0.386719
vt 0.476807 0.364258
vt 0.459717 0.364746
vt 0.444092 0.365723
vt 0.435547 0.408203
vt 0.436768 0.387695
vt 0.428223 0.366211
vt 0.412598 0.414551
vt 0.413086 0.408691
vt 0.414062 0.388184
vt 0.413574 0.366211
vt 0.398926 0.366699
vt 0.384521 0.408691
vt 0.385010 0.388184
vt 0.385010 0.366699
vt 0.370850 0.367188
vt 0.356934 0.388184
vt 0.357178 0.366699
vt 0.342773 0.366699
vt 0.356445 0.408691
vt 0.328369 0.388184
vt 0.328857 0.366699
vt 0.314453 0.366699
vt 0.384277 0.415039
vt 0.299561 0.388184
vt 0.300049 0.366211
vt 0.285400 0.366211
vt 0.328125 0.408691
vt 0.356201 0.415039
vt 0.270020 0.387695
vt 0.270264 0.366211
vt 0.255127 0.365723
vt 0.299316 0.408691
vt 0.328125 0.415039
vt 0.355469 0.437500
vt 0.382080 0.437500
vt 0.327881 0.437500
vt 0.379883 0.458984
vt 0.352783 0.458008
vt 0.349365 0.478516
vt 0.325439 0.457031
vt 0.345703 0.496094
vt 0.322510 0.477051
vt 0.319580 0.494141
vt 0.315674 0.511230
vt 0.295410 0.476074
vt 0.311279 0.528320
vt 0.293213 0.492676
vt 0.290527 0.509521
vt 0.305420 0.545654
vt 0.287354 0.526367
vt 0.283691 0.543213
vt 0.265137 0.508301
vt 0.261475 0.541504
vt 0.263428 0.524902
vt 0.239502 0.524414
vt 0.239624 0.507812
vt 0.266602 0.491699
vt 0.239868 0.475098
vt 0.267578 0.475098
vt 0.239990 0.456055
vt 0.268799 0.456055
vt 0.211060 0.456055
vt 0.240234 0.437500
vt 0.210327 0.437500
vt 0.270020 0.437500
vt 0.297363 0.456543
vt 0.299316 0.437500
vt 0.240234 0.415039
vt 0.270020 0.415039
vt 0.299316 0.415039
vt 0.270020 0.408691
vt 0.240234 0.408691
vt 0.240112 0.387695
vt 0.240112 0.366211
vt 0.225464 0.366211
vt 0.210693 0.408203
vt 0.210449 0.387695
vt 0.209839 0.366211
vt 0.210327 0.414551
vt 0.193726 0.406738
vt 0.192627 0.413574
vt 0.185547 0.405762
vt 0.184814 0.412109
vt 0.925781 0.869751
vt 0.937988 0.869751
vt 0.925781 0.877625
vt 0.937988 0.877625
vt 0.925781 0.885437
vt 0.944824 0.869751
vt 0.937988 0.885437
vt 0.925781 0.893250
vt 0.944824 0.877625
vt 0.950684 0.869751
vt 0.937988 0.893250
vt 0.925781 0.897156
vt 0.944824 0.885437
vt 0.944824 0.893250
vt 0.937988 0.897156
vt 0.950684 0.877625
vt 0.950684 0.885437
vt 0.953125 0.877625
vt 0.953125 0.869751
vt 0.970703 0.869751
vt 0.953125 0.885437
vt 0.970703 0.877625
vt 0.973145 0.869751
vt 0.950684 0.893250
vt 0.970703 0.885437
vt 0.973145 0.877625
vt 0.979004 0.877625
vt 0.979004 0.869751
vt 0.973145 0.885437
vt 0.953125 0.893250
vt 0.970703 0.893250
vt 0.953125 0.897156
vt 0.950684 0.897156
vt 0.944824 0.897156
vt 0.950684 0.901184
vt 0.944824 0.901184
vt 0.937988 0.901184
vt 0.925781 0.901184
vt 0.925781 0.905151
vt 0.937988 0.905151
vt 0.944824 0.905151
vt 0.937988 0.909180
vt 0.925781 0.909180
vt 0.944824 0.909180
vt 0.937988 0.913147
vt 0.925781 0.913147
vt 0.925781 0.917175
vt 0.937988 0.917175
vt 0.925781 0.921143
vt 0.944824 0.913147
vt 0.944824 0.917175
vt 0.937988 0.921143
vt 0.937988 0.925171
vt 0.925781 0.925171
vt 0.925781 0.929138
vt 0.944824 0.921143
vt 0.944824 0.925171
vt 0.937988 0.929138
vt 0.937988 0.933167
vt 0.925781 0.933167
vt 0.925781 0.937134
vt 0.944824 0.929138
vt 0.944824 0.933167
vt 0.937988 0.937134
vt 0.937988 0.941132
vt 0.925781 0.941132
vt 0.944824 0.937134
vt 0.937988 0.945160
vt 0.925781 0.945160
vt 0.944824 0.941132
vt 0.925781 0.949158
vt 0.937988 0.949158
vt 0.925781 0.953186
vt 0.944824 0.945160
vt 0.944824 0.949158
vt 0.937988 0.953186
vt 0.937988 0.957153
vt 0.925781 0.957153
vt 0.925781 0.961182
vt 0.944824 0.953186
vt 0.944824 0.957153
vt 0.937988 0.961182
vt 0.937988 0.965149
vt 0.925781 0.965149
vt 0.925781 0.969162
vt 0.944824 0.961182
vt 0.944824 0.965149
vt 0.937988 0.969162
vt 0.937988 0.973114
vt 0.925781 0.973114
vt 0.925781 0.980972
vt 0.944824 0.969162
vt 0.937988 0.980972
vt 0.925781 0.988777
vt 0.944824 0.973114
vt 0.937988 0.988777
vt 0.925781 0.996645
vt 0.937988 0.996645
vt 0.944824 0.988777
vt 0.944824 0.996645
vt 0.944824 0.980972
vt 0.950684 0.988777
vt 0.950684 0.996645
vt 0.953125 0.996645
vt 0.950684 0.980972
vt 0.950684 0.973114
vt 0.953125 0.988777
vt 0.953125 0.980972
vt 0.970703 0.988777
vt 0.970703 0.996645
vt 0.970703 0.980972
vt 0.973145 0.988777
vt 0.973145 0.996645
vt 0.973145 0.980972
vt 0.979004 0.988777
vt 0.979004 0.996645
vt 0.985840 0.996645
vt 0.979004 0.980972
vt 0.998047 0.996645
vt 0.998047 0.988777
vt 0.985840 0.988777
vt 0.998047 0.980972
vt 0.985840 0.980972
vt 0.998047 0.973114
vt 0.979004 0.973114
vt 0.985840 0.973114
vt 0.998047 0.969162
vt 0.973145 0.973114
vt 0.985840 0.969162
vt 0.979004 0.969162
vt 0.985840 0.965149
vt 0.998047 0.965149
vt 0.998047 0.961182
vt 0.979004 0.965149
vt 0.985840 0.961182
vt 0.985840 0.957153
vt 0.998047 0.957153
vt 0.998047 0.953186
vt 0.979004 0.961182
vt 0.979004 0.957153
vt 0.985840 0.953186
vt 0.985840 0.949158
vt 0.998047 0.949158
vt 0.979004 0.953186
vt 0.985840 0.945160
vt 0.998047 0.945160
vt 0.979004 0.949158
vt 0.998047 0.941132
vt 0.985840 0.941132
vt 0.998047 0.937134
vt 0.979004 0.945160
vt 0.979004 0.941132
vt 0.985840 0.937134
vt 0.985840 0.933167
vt 0.998047 0.933167
vt 0.998047 0.929138
vt 0.979004 0.937134
vt 0.979004 0.933167
vt 0.985840 0.929138
vt 0.985840 0.925171
vt 0.998047 0.925171
vt 0.998047 0.921143
vt 0.979004 0.929138
vt 0.979004 0.925171
vt 0.985840 0.921143
vt 0.985840 0.917175
vt 0.998047 0.917175
vt 0.979004 0.921143
vt 0.985840 0.913147
vt 0.998047 0.913147
vt 0.979004 0.917175
vt 0.998047 0.909180
vt 0.985840 0.909180
vt 0.998047 0.905151
vt 0.979004 0.913147
vt 0.979004 0.909180
vt 0.985840 0.905151
vt 0.985840 0.901184
vt 0.998047 0.901184
vt 0.998047 0.897156
vt 0.979004 0.905151
vt 0.979004 0.901184
vt 0.985840 0.897156
vt 0.985840 0.893250
vt 0.998047 0.893250
vt 0.998047 0.885437
vt 0.979004 0.897156
vt 0.985840 0.885437
vt 0.998047 0.877625
vt 0.979004 0.893250
vt 0.985840 0.877625
vt 0.998047 0.869751
vt 0.985840 0.869751
vt 0.979004 0.885437
vt 0.973145 0.893250
vt 0.973145 0.897156
vt 0.970703 0.897156
vt 0.973145 0.901184
vt 0.970703 0.901184
vt 0.953125 0.901184
vt 0.973145 0.905151
vt 0.953125 0.905151
vt 0.970703 0.905151
vt 0.973145 0.909180
vt 0.970703 0.909180
vt 0.973145 0.913147
vt 0.970703 0.913147
vt 0.973145 0.917175
vt 0.953125 0.913147
vt 0.973145 0.921143
vt 0.953125 0.909180
vt 0.970703 0.917175
vt 0.970703 0.921143
vt 0.973145 0.925171
vt 0.953125 0.921143
vt 0.973145 0.929138
vt 0.953125 0.917175
vt 0.970703 0.925171
vt 0.970703 0.929138
vt 0.973145 0.933167
vt 0.953125 0.929138
vt 0.973145 0.937134
vt 0.953125 0.925171
vt 0.970703 0.933167
vt 0.970703 0.937134
vt 0.973145 0.941132
vt 0.953125 0.937134
vt 0.973145 0.945160
vt 0.953125 0.933167
vt 0.970703 0.941132
vt 0.970703 0.945160
vt 0.973145 0.949158
vt 0.953125 0.945160
vt 0.973145 0.953186
vt 0.953125 0.941132
vt 0.970703 0.949158
vt 0.970703 0.953186
vt 0.973145 0.957153
vt 0.953125 0.953186
vt 0.973145 0.961182
vt 0.953125 0.949158
vt 0.970703 0.957153
vt 0.970703 0.961182
vt 0.973145 0.965149
vt 0.973145 0.969162
vt 0.970703 0.969162
vt 0.970703 0.965149
vt 0.970703 0.973114
vt 0.953125 0.973114
vt 0.953125 0.969162
vt 0.950684 0.969162
vt 0.953125 0.965149
vt 0.950684 0.965149
vt 0.953125 0.961182
vt 0.950684 0.961182
vt 0.950684 0.957153
vt 0.953125 0.957153
vt 0.950684 0.953186
vt 0.950684 0.949158
vt 0.950684 0.945160
vt 0.950684 0.941132
vt 0.950684 0.937134
vt 0.950684 0.933167
vt 0.950684 0.929138
vt 0.950684 0.925171
vt 0.950684 0.921143
vt 0.950684 0.917175
vt 0.950684 0.913147
vt 0.950684 0.909180
vt 0.950684 0.905151
vt 0.436279 0.361816
vt 0.416992 0.361816
vt 0.435791 0.354492
vt 0.417236 0.354492
vt 0.436279 0.341797
vt 0.398682 0.354492
vt 0.398193 0.361816
vt 0.417236 0.342285
vt 0.429199 0.339844
vt 0.380371 0.354492
vt 0.380127 0.361816
vt 0.398926 0.341797
vt 0.417236 0.339844
vt 0.422119 0.330078
vt 0.449219 0.318848
vt 0.399170 0.339844
vt 0.442139 0.303223
vt 0.468506 0.313965
vt 0.404053 0.328613
vt 0.460938 0.297852
vt 0.499512 0.306641
vt 0.480957 0.292480
vt 0.411621 0.298828
vt 0.441650 0.268555
vt 0.461426 0.269043
vt 0.480469 0.269531
vt 0.480469 0.220703
vt 0.462891 0.220703
vt 0.479736 0.186523
vt 0.445068 0.220703
vt 0.463379 0.187988
vt 0.477295 0.161621
vt 0.492676 0.164062
vt 0.492188 0.143555
vt 0.476318 0.143555
vt 0.492188 0.122559
vt 0.462402 0.162109
vt 0.474609 0.122070
vt 0.491699 0.104004
vt 0.461426 0.143555
vt 0.446533 0.188477
vt 0.447510 0.161621
vt 0.459473 0.122559
vt 0.446045 0.143066
vt 0.432373 0.161621
vt 0.429443 0.188477
vt 0.425537 0.220215
vt 0.430664 0.143066
vt 0.417236 0.267090
vt 0.417480 0.161621
vt 0.409424 0.189453
vt 0.402100 0.219238
vt 0.389404 0.265137
vt 0.379395 0.295410
vt 0.372070 0.263184
vt 0.383301 0.328125
vt 0.381104 0.339844
vt 0.370117 0.327148
vt 0.380859 0.341797
vt 0.362549 0.341797
vt 0.362793 0.339844
vt 0.364990 0.295410
vt 0.357910 0.331055
vt 0.344727 0.339844
vt 0.362061 0.354492
vt 0.361328 0.361816
vt 0.344482 0.341797
vt 0.343750 0.354492
vt 0.343506 0.361816
vt 0.325684 0.341797
vt 0.324707 0.354492
vt 0.324219 0.361816
vt 0.306396 0.361816
vt 0.306396 0.354492
vt 0.306396 0.341797
vt 0.288086 0.354492
vt 0.288086 0.361816
vt 0.287598 0.341797
vt 0.306641 0.338867
vt 0.269775 0.354492
vt 0.270264 0.361816
vt 0.269287 0.340820
vt 0.250732 0.354492
vt 0.250732 0.361816
vt 0.231201 0.361816
vt 0.250732 0.340820
vt 0.231689 0.354492
vt 0.213379 0.361816
vt 0.213379 0.354492
vt 0.195068 0.361816
vt 0.232422 0.340820
vt 0.195190 0.354492
vt 0.214111 0.341797
vt 0.176758 0.354492
vt 0.177368 0.361816
vt 0.158203 0.361816
vt 0.195068 0.341797
vt 0.157715 0.354492
vt 0.140137 0.361816
vt 0.175903 0.341797
vt 0.139526 0.354492
vt 0.121521 0.361816
vt 0.156982 0.341797
vt 0.121277 0.354492
vt 0.103333 0.361816
vt 0.138916 0.341797
vt 0.102905 0.354492
vt 0.084473 0.361816
vt 0.065369 0.361816
vt 0.065735 0.354492
vt 0.084412 0.354492
vt 0.065247 0.341797
vt 0.084229 0.342285
vt 0.072449 0.339844
vt 0.102539 0.341797
vt 0.084229 0.339844
vt 0.120667 0.341797
vt 0.120483 0.339844
vt 0.102417 0.339844
vt 0.079346 0.330078
vt 0.052460 0.318848
vt 0.097534 0.328613
vt 0.118347 0.328125
vt 0.089844 0.298828
vt 0.059479 0.303223
vt 0.032959 0.313965
vt 0.040710 0.297852
vt 0.001953 0.306641
vt 0.020599 0.292480
vt 0.059906 0.268555
vt 0.040039 0.269043
vt 0.021194 0.269531
vt 0.021027 0.220703
vt 0.038605 0.220703
vt 0.021835 0.186523
vt 0.056549 0.220703
vt 0.038177 0.187988
vt 0.024323 0.161621
vt 0.008812 0.164062
vt 0.009460 0.143555
vt 0.025253 0.143555
vt 0.009499 0.122559
vt 0.039246 0.162109
vt 0.026886 0.122070
vt 0.009956 0.104004
vt 0.040192 0.143555
vt 0.055145 0.188477
vt 0.054169 0.161621
vt 0.042053 0.122559
vt 0.055542 0.143066
vt 0.069153 0.161621
vt 0.072083 0.188477
vt 0.076111 0.220215
vt 0.070923 0.143066
vt 0.084290 0.267090
vt 0.084167 0.161621
vt 0.092224 0.189453
vt 0.099548 0.219238
vt 0.112305 0.265137
vt 0.122131 0.295410
vt 0.129395 0.263184
vt 0.131592 0.327148
vt 0.136597 0.295410
vt 0.138672 0.339844
vt 0.143555 0.331055
vt 0.156738 0.339844
vt 0.154785 0.295898
vt 0.158325 0.332031
vt 0.175659 0.339844
vt 0.170898 0.332031
vt 0.172119 0.295898
vt 0.177490 0.332031
vt 0.194946 0.338867
vt 0.197021 0.335938
vt 0.214478 0.337891
vt 0.199341 0.298340
vt 0.227051 0.335449
vt 0.223755 0.297363
vt 0.229736 0.334473
vt 0.182495 0.295898
vt 0.202515 0.263184
vt 0.173096 0.261719
vt 0.187256 0.261230
vt 0.150879 0.262695
vt 0.162842 0.215820
vt 0.144531 0.215820
vt 0.176147 0.215332
vt 0.120361 0.215820
vt 0.163574 0.187988
vt 0.143311 0.187988
vt 0.116516 0.187988
vt 0.135254 0.166016
vt 0.112549 0.163574
vt 0.099609 0.161621
vt 0.151123 0.166016
vt 0.103577 0.143555
vt 0.164917 0.166504
vt 0.087097 0.143066
vt 0.119751 0.143555
vt 0.104797 0.124512
vt 0.136475 0.143555
vt 0.120911 0.124512
vt 0.137207 0.124512
vt 0.153076 0.144043
vt 0.153076 0.125000
vt 0.166748 0.145020
vt 0.167725 0.125977
vt 0.177734 0.166504
vt 0.180054 0.145996
vt 0.180298 0.187500
vt 0.188965 0.166504
vt 0.192871 0.214844
vt 0.197754 0.187012
vt 0.205200 0.216309
vt 0.208496 0.188477
vt 0.222900 0.254883
vt 0.218872 0.216309
vt 0.226562 0.297363
vt 0.225708 0.254883
vt 0.219116 0.188965
vt 0.229492 0.296875
vt 0.221191 0.216309
vt 0.228638 0.257324
vt 0.228882 0.255371
vt 0.250732 0.260742
vt 0.232056 0.333008
vt 0.250732 0.296387
vt 0.250732 0.333008
vt 0.269531 0.333008
vt 0.271729 0.334473
vt 0.271973 0.296875
vt 0.274658 0.335449
vt 0.275146 0.297363
vt 0.287109 0.337891
vt 0.277832 0.297363
vt 0.304443 0.335938
vt 0.302246 0.298340
vt 0.323975 0.332031
vt 0.325928 0.339844
vt 0.330566 0.332031
vt 0.343262 0.332031
vt 0.329346 0.295898
vt 0.346680 0.295898
vt 0.319092 0.295898
vt 0.328613 0.261719
vt 0.350586 0.262695
vt 0.299072 0.263184
vt 0.314209 0.261230
vt 0.338867 0.215820
vt 0.278809 0.254883
vt 0.325439 0.215332
vt 0.356934 0.215820
vt 0.337891 0.187988
vt 0.381348 0.215820
vt 0.358154 0.187988
vt 0.385010 0.187988
vt 0.366211 0.166016
vt 0.388916 0.163574
vt 0.401855 0.161621
vt 0.350342 0.166016
vt 0.364990 0.143555
vt 0.381836 0.143555
vt 0.397949 0.143555
vt 0.414551 0.143066
vt 0.380615 0.124512
vt 0.396729 0.124512
vt 0.428223 0.123047
vt 0.364258 0.124512
vt 0.412598 0.124023
vt 0.411377 0.105469
vt 0.427002 0.104980
vt 0.396240 0.105469
vt 0.410156 0.087891
vt 0.380371 0.105469
vt 0.394775 0.087891
vt 0.425781 0.087402
vt 0.378662 0.087891
vt 0.442871 0.104492
vt 0.364258 0.105957
vt 0.443848 0.123535
vt 0.458740 0.104004
vt 0.441895 0.086914
vt 0.474121 0.104004
vt 0.458008 0.086426
vt 0.473633 0.086426
vt 0.491455 0.086426
vt 0.441406 0.070312
vt 0.474121 0.069336
vt 0.491455 0.069824
vt 0.457764 0.069336
vt 0.491699 0.051758
vt 0.425293 0.070801
vt 0.474365 0.053711
vt 0.410400 0.070801
vt 0.473633 0.040527
vt 0.491455 0.040039
vt 0.457764 0.055176
vt 0.457275 0.040527
vt 0.472412 0.028320
vt 0.491455 0.026855
vt 0.456299 0.028809
vt 0.471191 0.020508
vt 0.491211 0.019043
vt 0.455322 0.020508
vt 0.468994 0.002441
vt 0.491211 0.001953
vt 0.452148 0.002441
vt 0.442139 0.029297
vt 0.434814 0.020508
vt 0.433594 0.002930
vt 0.441895 0.041504
vt 0.428467 0.029785
vt 0.416992 0.020020
vt 0.415527 0.002441
vt 0.441650 0.055664
vt 0.398926 0.019531
vt 0.397461 0.001953
vt 0.426025 0.055664
vt 0.427002 0.041992
vt 0.411621 0.055664
vt 0.413330 0.041992
vt 0.415283 0.029785
vt 0.398193 0.029297
vt 0.396484 0.041992
vt 0.380615 0.019043
vt 0.380371 0.001953
vt 0.380371 0.028809
vt 0.362549 0.019043
vt 0.362549 0.002441
vt 0.378906 0.041504
vt 0.344482 0.018555
vt 0.345215 0.002441
vt 0.362305 0.027832
vt 0.325439 0.018555
vt 0.323486 0.002930
vt 0.344971 0.027344
vt 0.306885 0.019043
vt 0.304199 0.002930
vt 0.333008 0.027832
vt 0.319092 0.028320
vt 0.303223 0.019531
vt 0.286621 0.002930
vt 0.305420 0.028320
vt 0.331543 0.041504
vt 0.316895 0.041992
vt 0.344971 0.041016
vt 0.361572 0.041504
vt 0.345459 0.055664
vt 0.361328 0.055664
vt 0.378174 0.055664
vt 0.395508 0.055664
vt 0.394775 0.071289
vt 0.377930 0.071289
vt 0.361572 0.071289
vt 0.362305 0.087891
vt 0.346436 0.071289
vt 0.348633 0.106445
vt 0.346680 0.088379
vt 0.348633 0.125000
vt 0.333252 0.107422
vt 0.348389 0.144043
vt 0.333740 0.125977
vt 0.334717 0.145020
vt 0.336670 0.166504
vt 0.323730 0.166504
vt 0.321533 0.145996
vt 0.321289 0.187500
vt 0.312744 0.166504
vt 0.319580 0.126465
vt 0.308594 0.214844
vt 0.303711 0.187012
vt 0.296387 0.216309
vt 0.292969 0.188477
vt 0.282715 0.216309
vt 0.275879 0.254883
vt 0.282471 0.188965
vt 0.272949 0.257324
vt 0.280518 0.216309
vt 0.272705 0.255371
vt 0.250732 0.259277
vt 0.271484 0.253906
vt 0.230103 0.253906
vt 0.250732 0.257812
vt 0.268555 0.215820
vt 0.265869 0.249023
vt 0.235718 0.249023
vt 0.250732 0.250488
vt 0.250732 0.215332
vt 0.232910 0.215820
vt 0.268311 0.189453
vt 0.233276 0.189453
vt 0.250732 0.189453
vt 0.280029 0.189453
vt 0.250732 0.170410
vt 0.268066 0.169922
vt 0.281494 0.168945
vt 0.279053 0.169434
vt 0.289795 0.167969
vt 0.280029 0.146973
vt 0.299561 0.166504
vt 0.285889 0.145996
vt 0.308594 0.145020
vt 0.294678 0.144531
vt 0.305176 0.126465
vt 0.318115 0.108398
vt 0.291016 0.125977
vt 0.302734 0.108398
vt 0.331543 0.089355
vt 0.315918 0.090820
vt 0.330811 0.072754
vt 0.330811 0.056641
vt 0.315674 0.057617
vt 0.314941 0.074219
vt 0.302002 0.042969
vt 0.300049 0.058594
vt 0.299561 0.091797
vt 0.297852 0.029297
vt 0.292236 0.036133
vt 0.286133 0.044434
vt 0.289795 0.035156
vt 0.283447 0.043945
vt 0.296143 0.028320
vt 0.301514 0.020020
vt 0.288086 0.020508
vt 0.294678 0.027344
vt 0.287598 0.034180
vt 0.269043 0.020020
vt 0.268555 0.002930
vt 0.280518 0.042969
vt 0.268066 0.032715
vt 0.250732 0.020020
vt 0.250732 0.002930
vt 0.233032 0.002930
vt 0.266113 0.041504
vt 0.232422 0.020020
vt 0.215088 0.002930
vt 0.250732 0.033203
vt 0.233398 0.032715
vt 0.213379 0.020508
vt 0.214111 0.034180
vt 0.235474 0.041504
vt 0.198242 0.019531
vt 0.197388 0.002930
vt 0.221069 0.042969
vt 0.250732 0.041016
vt 0.225830 0.050781
vt 0.237305 0.050293
vt 0.264404 0.050293
vt 0.250732 0.050293
vt 0.275635 0.050781
vt 0.279541 0.052246
vt 0.272217 0.060547
vt 0.262207 0.060059
vt 0.281982 0.052734
vt 0.276855 0.061035
vt 0.285156 0.059570
vt 0.280029 0.061035
vt 0.275635 0.068359
vt 0.284668 0.068359
vt 0.270264 0.067871
vt 0.278809 0.068848
vt 0.269043 0.075195
vt 0.299316 0.076172
vt 0.284424 0.075684
vt 0.284424 0.084961
vt 0.275391 0.076172
vt 0.278320 0.076660
vt 0.278076 0.084961
vt 0.284180 0.089844
vt 0.275635 0.084961
vt 0.277344 0.090820
vt 0.284180 0.094238
vt 0.284668 0.099121
vt 0.276611 0.095215
vt 0.287109 0.108887
vt 0.276367 0.099121
vt 0.281006 0.124512
vt 0.277100 0.107910
vt 0.277100 0.125488
vt 0.273926 0.107910
vt 0.274658 0.125488
vt 0.277832 0.147461
vt 0.269775 0.107422
vt 0.267578 0.148926
vt 0.270264 0.130371
vt 0.269043 0.132812
vt 0.273438 0.098633
vt 0.250732 0.106934
vt 0.273926 0.095215
vt 0.270752 0.098145
vt 0.275146 0.090332
vt 0.270264 0.095215
vt 0.266846 0.086914
vt 0.267822 0.082520
vt 0.259033 0.087402
vt 0.250732 0.095703
vt 0.250732 0.098145
vt 0.259277 0.082031
vt 0.231812 0.107422
vt 0.260010 0.074707
vt 0.250732 0.082031
vt 0.260986 0.067383
vt 0.250732 0.074219
vt 0.250732 0.067383
vt 0.250732 0.060059
vt 0.241577 0.074707
vt 0.239258 0.060059
vt 0.240601 0.067383
vt 0.229492 0.060547
vt 0.231323 0.067871
vt 0.232544 0.075195
vt 0.226074 0.068359
vt 0.242188 0.082031
vt 0.233765 0.082520
vt 0.242676 0.087402
vt 0.250732 0.087891
vt 0.226318 0.076172
vt 0.234741 0.086914
vt 0.231323 0.095215
vt 0.225952 0.084961
vt 0.226562 0.090332
vt 0.230835 0.098145
vt 0.227539 0.095215
vt 0.228149 0.098633
vt 0.224854 0.095215
vt 0.225220 0.099121
vt 0.224121 0.090820
vt 0.217407 0.094238
vt 0.227661 0.107910
vt 0.223389 0.084961
vt 0.217407 0.089844
vt 0.223145 0.076660
vt 0.217041 0.084961
vt 0.222656 0.068848
vt 0.217163 0.075684
vt 0.221558 0.061035
vt 0.216797 0.068359
vt 0.202148 0.076172
vt 0.202148 0.091797
vt 0.201660 0.058594
vt 0.216797 0.099121
vt 0.186523 0.074219
vt 0.224487 0.107910
vt 0.198853 0.108398
vt 0.214600 0.108887
vt 0.224365 0.125488
vt 0.220581 0.124512
vt 0.210693 0.125977
vt 0.215698 0.145996
vt 0.227051 0.125488
vt 0.221558 0.146973
vt 0.231323 0.130371
vt 0.223877 0.147461
vt 0.250732 0.127441
vt 0.232422 0.132812
vt 0.250732 0.129395
vt 0.265869 0.135742
vt 0.235718 0.135742
vt 0.250732 0.149414
vt 0.250732 0.134277
vt 0.234009 0.148926
vt 0.233521 0.169922
vt 0.222412 0.169434
vt 0.221558 0.189453
vt 0.219971 0.168945
vt 0.211792 0.167969
vt 0.201904 0.166504
vt 0.206909 0.144531
vt 0.193115 0.145020
vt 0.196411 0.126465
vt 0.182129 0.126465
vt 0.183472 0.108398
vt 0.168213 0.107422
vt 0.185669 0.090820
vt 0.170044 0.089355
vt 0.170654 0.072754
vt 0.152954 0.106445
vt 0.154785 0.088379
vt 0.155273 0.071289
vt 0.185913 0.057617
vt 0.170776 0.056641
vt 0.140137 0.071289
vt 0.156006 0.055664
vt 0.184570 0.041992
vt 0.139160 0.087891
vt 0.170166 0.041504
vt 0.137329 0.105957
vt 0.122986 0.087891
vt 0.121216 0.105469
vt 0.123596 0.071289
vt 0.106873 0.087891
vt 0.105286 0.105469
vt 0.140259 0.055664
vt 0.090088 0.105469
vt 0.156616 0.041016
vt 0.088928 0.124023
vt 0.091492 0.087891
vt 0.074646 0.104980
vt 0.073303 0.123047
vt 0.106750 0.071289
vt 0.057587 0.123535
vt 0.058777 0.104492
vt 0.042908 0.104004
vt 0.075684 0.087402
vt 0.059601 0.086914
vt 0.027374 0.104004
vt 0.043488 0.086426
vt 0.027863 0.086426
vt 0.010048 0.086426
vt 0.060120 0.070312
vt 0.027390 0.069336
vt 0.010017 0.069824
vt 0.043701 0.069336
vt 0.009903 0.051758
vt 0.076233 0.070801
vt 0.027100 0.053711
vt 0.091187 0.070801
vt 0.043762 0.055176
vt 0.027878 0.040527
vt 0.010086 0.040039
vt 0.044373 0.040527
vt 0.059845 0.055664
vt 0.059631 0.041504
vt 0.075623 0.055664
vt 0.074463 0.041992
vt 0.090027 0.055664
vt 0.088318 0.041992
vt 0.106140 0.055664
vt 0.104980 0.041992
vt 0.123413 0.055664
vt 0.122620 0.041504
vt 0.140015 0.041504
vt 0.121277 0.028809
vt 0.156616 0.027344
vt 0.139282 0.027832
vt 0.168579 0.027832
vt 0.156982 0.018555
vt 0.182495 0.028320
vt 0.176147 0.018555
vt 0.139038 0.019043
vt 0.156250 0.002441
vt 0.138916 0.002441
vt 0.178101 0.002930
vt 0.121216 0.001953
vt 0.194702 0.019043
vt 0.120850 0.019043
vt 0.104004 0.001953
vt 0.196167 0.028320
vt 0.102783 0.019531
vt 0.085938 0.002441
vt 0.103455 0.029297
vt 0.086304 0.029785
vt 0.084595 0.020020
vt 0.067993 0.002930
vt 0.072998 0.029785
vt 0.066772 0.020508
vt 0.049377 0.002441
vt 0.059387 0.029297
vt 0.046265 0.020508
vt 0.032471 0.002441
vt 0.045135 0.028809
vt 0.010368 0.019043
vt 0.010437 0.001953
vt 0.029099 0.028320
vt 0.010208 0.026855
vt 0.030334 0.020508
vt 0.199585 0.042969
vt 0.203857 0.029297
vt 0.215454 0.044434
vt 0.209229 0.036133
vt 0.205566 0.028320
vt 0.211792 0.035156
vt 0.200195 0.020020
vt 0.206909 0.027344
vt 0.218262 0.043945
vt 0.222046 0.052246
vt 0.224731 0.061035
vt 0.219604 0.052734
vt 0.216431 0.059570
vt 0.441650 0.995872
vt 0.424072 0.990707
vt 0.441650 0.990707
vt 0.424072 0.995872
vt 0.441650 0.981598
vt 0.406250 0.990707
vt 0.403809 0.995872
vt 0.424072 0.981598
vt 0.424072 0.978653
vt 0.441650 0.978653
vt 0.406250 0.981598
vt 0.388184 0.990707
vt 0.387207 0.995872
vt 0.424072 0.967621
vt 0.441650 0.967621
vt 0.369873 0.990707
vt 0.370605 0.995872
vt 0.388184 0.981598
vt 0.351562 0.990707
vt 0.352295 0.995872
vt 0.333984 0.995872
vt 0.369873 0.981598
vt 0.388184 0.978653
vt 0.406250 0.978653
vt 0.405762 0.967621
vt 0.369873 0.978653
vt 0.387207 0.967621
vt 0.405762 0.963959
vt 0.351562 0.981598
vt 0.424072 0.963959
vt 0.441650 0.963959
vt 0.441650 0.952301
vt 0.333008 0.990707
vt 0.314697 0.995872
vt 0.422852 0.952484
vt 0.314209 0.990707
vt 0.295410 0.995872
vt 0.333008 0.981598
vt 0.351562 0.978653
vt 0.314209 0.981598
vt 0.333008 0.978653
vt 0.294922 0.990707
vt 0.275391 0.995872
vt 0.294922 0.981598
vt 0.314209 0.978653
vt 0.275391 0.990707
vt 0.255371 0.995872
vt 0.275391 0.981598
vt 0.294922 0.978653
vt 0.255371 0.990707
vt 0.239990 0.995827
vt 0.255371 0.981598
vt 0.235107 0.990707
vt 0.236206 0.998658
vt 0.214844 0.998658
vt 0.235107 0.981598
vt 0.275391 0.978653
vt 0.255371 0.978653
vt 0.215088 0.981598
vt 0.215088 0.990707
vt 0.194702 0.990707
vt 0.194214 0.998658
vt 0.194702 0.981598
vt 0.174316 0.990990
vt 0.174316 0.998657
vt 0.174561 0.979965
vt 0.153442 0.990822
vt 0.152832 0.998657
vt 0.153687 0.979889
vt 0.194702 0.978653
vt 0.174683 0.977524
vt 0.215088 0.978653
vt 0.194214 0.955933
vt 0.235107 0.978653
vt 0.214844 0.956543
vt 0.172729 0.955811
vt 0.194336 0.933899
vt 0.235596 0.956573
vt 0.215210 0.933533
vt 0.256348 0.964020
vt 0.260742 0.966248
vt 0.268555 0.967682
vt 0.260254 0.961029
vt 0.275879 0.967682
vt 0.263184 0.962524
vt 0.269775 0.963654
vt 0.294922 0.967621
vt 0.258545 0.957825
vt 0.276611 0.963715
vt 0.313965 0.967621
vt 0.294922 0.963959
vt 0.332764 0.967621
vt 0.313965 0.963959
vt 0.351318 0.967621
vt 0.332764 0.963959
vt 0.369385 0.967621
vt 0.351318 0.963959
vt 0.369385 0.963959
vt 0.387207 0.963959
vt 0.369385 0.952087
vt 0.404785 0.954071
vt 0.386963 0.953674
vt 0.351562 0.948975
vt 0.383545 0.942902
vt 0.335205 0.945770
vt 0.368652 0.938568
vt 0.351807 0.932800
vt 0.313721 0.940552
vt 0.336914 0.927673
vt 0.353271 0.928101
vt 0.338623 0.922791
vt 0.324463 0.923340
vt 0.326416 0.917969
vt 0.356934 0.911987
vt 0.310791 0.918457
vt 0.343262 0.905762
vt 0.313232 0.912781
vt 0.331055 0.900452
vt 0.297363 0.936768
vt 0.300537 0.907471
vt 0.283447 0.934387
vt 0.298096 0.913696
vt 0.277100 0.933472
vt 0.289795 0.910645
vt 0.270508 0.932434
vt 0.283691 0.908936
vt 0.291748 0.904419
vt 0.284180 0.902466
vt 0.280029 0.908447
vt 0.304443 0.890686
vt 0.273193 0.910400
vt 0.293457 0.888611
vt 0.317627 0.894958
vt 0.308594 0.871216
vt 0.275391 0.886292
vt 0.294434 0.870728
vt 0.322998 0.867920
vt 0.278564 0.902466
vt 0.275879 0.908813
vt 0.273193 0.903809
vt 0.269043 0.906311
vt 0.259521 0.896118
vt 0.270752 0.913330
vt 0.265137 0.911377
vt 0.267578 0.919861
vt 0.236328 0.907471
vt 0.264893 0.931702
vt 0.261719 0.918396
vt 0.263428 0.931519
vt 0.258789 0.947510
vt 0.256592 0.931946
vt 0.235596 0.931335
vt 0.252930 0.947693
vt 0.258057 0.952759
vt 0.252686 0.953827
vt 0.253906 0.959961
vt 0.215576 0.914490
vt 0.194702 0.917908
vt 0.224365 0.864258
vt 0.171997 0.923157
vt 0.245605 0.854736
vt 0.210815 0.870605
vt 0.260986 0.846924
vt 0.221680 0.836426
vt 0.274170 0.840088
vt 0.238525 0.831421
vt 0.253174 0.826172
vt 0.288574 0.831055
vt 0.267578 0.821167
vt 0.235229 0.811768
vt 0.308594 0.854736
vt 0.293945 0.826782
vt 0.314941 0.844360
vt 0.282715 0.815552
vt 0.296387 0.823730
vt 0.319336 0.835205
vt 0.250000 0.808472
vt 0.265137 0.804810
vt 0.267090 0.769653
vt 0.246826 0.773193
vt 0.280518 0.801758
vt 0.284180 0.767212
vt 0.265869 0.755615
vt 0.286621 0.800903
vt 0.225830 0.778076
vt 0.296387 0.770752
vt 0.244751 0.760010
vt 0.220703 0.815186
vt 0.204956 0.783936
vt 0.209839 0.817993
vt 0.213013 0.839233
vt 0.220337 0.766235
vt 0.203979 0.840820
vt 0.216797 0.755737
vt 0.203247 0.820068
vt 0.241699 0.748535
vt 0.186523 0.790161
vt 0.198975 0.772705
vt 0.194214 0.763184
vt 0.178711 0.779663
vt 0.166626 0.797974
vt 0.166138 0.816650
vt 0.159180 0.785522
vt 0.166992 0.844604
vt 0.172974 0.770142
vt 0.198975 0.875732
vt 0.174072 0.918457
vt 0.173340 0.893555
vt 0.171265 0.911865
vt 0.163208 0.877563
vt 0.168335 0.902161
vt 0.154175 0.865601
vt 0.163940 0.892761
vt 0.146240 0.844971
vt 0.153931 0.874878
vt 0.142578 0.817749
vt 0.146973 0.866333
vt 0.139282 0.845215
vt 0.140381 0.799805
vt 0.135742 0.817993
vt 0.133911 0.800659
vt 0.133789 0.789551
vt 0.151733 0.775269
vt 0.128540 0.789673
vt 0.128418 0.777588
vt 0.167480 0.759399
vt 0.145752 0.764526
vt 0.189087 0.752930
vt 0.161377 0.748535
vt 0.212402 0.745117
vt 0.183594 0.741943
vt 0.206543 0.734375
vt 0.237305 0.738281
vt 0.232056 0.727051
vt 0.198608 0.723145
vt 0.260742 0.733398
vt 0.219849 0.716064
vt 0.177490 0.730713
vt 0.253418 0.726807
vt 0.246826 0.719971
vt 0.255615 0.725098
vt 0.249268 0.718750
vt 0.263184 0.731689
vt 0.240479 0.709717
vt 0.269287 0.740723
vt 0.270752 0.739258
vt 0.281006 0.749756
vt 0.281982 0.748779
vt 0.290527 0.757324
vt 0.291748 0.756104
vt 0.299072 0.764526
vt 0.300049 0.761963
vt 0.303467 0.768188
vt 0.305176 0.766113
vt 0.305420 0.765625
vt 0.309326 0.768677
vt 0.307373 0.771606
vt 0.308838 0.769409
vt 0.317627 0.776978
vt 0.320557 0.776001
vt 0.316406 0.778809
vt 0.304443 0.776123
vt 0.326172 0.783569
vt 0.331543 0.781738
vt 0.324951 0.785522
vt 0.338135 0.791748
vt 0.344238 0.787354
vt 0.336670 0.793579
vt 0.311035 0.784546
vt 0.317139 0.796387
vt 0.290527 0.801392
vt 0.292725 0.803223
vt 0.295166 0.807251
vt 0.296875 0.811768
vt 0.298096 0.816406
vt 0.320557 0.808716
vt 0.297852 0.819946
vt 0.321777 0.817627
vt 0.321533 0.825684
vt 0.329834 0.839233
vt 0.339111 0.819336
vt 0.349121 0.801636
vt 0.351074 0.825317
vt 0.351318 0.799194
vt 0.356934 0.792114
vt 0.367432 0.795776
vt 0.359619 0.807617
vt 0.361328 0.804688
vt 0.377686 0.799316
vt 0.369873 0.813599
vt 0.371582 0.809937
vt 0.391602 0.803711
vt 0.362549 0.830933
vt 0.383057 0.815674
vt 0.403809 0.807495
vt 0.381592 0.819824
vt 0.395752 0.821777
vt 0.416504 0.811035
vt 0.394043 0.826294
vt 0.375244 0.836792
vt 0.343994 0.847778
vt 0.356445 0.854736
vt 0.337158 0.874756
vt 0.350098 0.880859
vt 0.369873 0.860962
vt 0.363770 0.886597
vt 0.389404 0.843018
vt 0.383545 0.866699
vt 0.378174 0.892090
vt 0.405762 0.831909
vt 0.401367 0.848145
vt 0.407471 0.827515
vt 0.416748 0.837036
vt 0.418213 0.833252
vt 0.429199 0.814331
vt 0.413330 0.853516
vt 0.431396 0.841309
vt 0.441650 0.815552
vt 0.441650 0.842163
vt 0.428955 0.842651
vt 0.429932 0.858887
vt 0.441650 0.859985
vt 0.427002 0.858521
vt 0.426758 0.880859
vt 0.441650 0.882385
vt 0.424072 0.880127
vt 0.409668 0.875610
vt 0.422607 0.906311
vt 0.441650 0.910217
vt 0.419434 0.905090
vt 0.417480 0.932312
vt 0.441650 0.936829
vt 0.414062 0.930542
vt 0.404785 0.900818
vt 0.415039 0.936646
vt 0.412109 0.933838
vt 0.411865 0.940369
vt 0.407471 0.943848
vt 0.409180 0.936768
vt 0.399658 0.927246
vt 0.405518 0.939423
vt 0.402100 0.945648
vt 0.401123 0.940582
vt 0.395752 0.945892
vt 0.395752 0.940674
vt 0.383545 0.938110
vt 0.386719 0.922913
vt 0.369629 0.933838
vt 0.391602 0.897095
vt 0.372803 0.917725
vt 0.396484 0.871216
vt 0.238159 0.711426
vt 0.227173 0.697754
vt 0.229126 0.696045
vt 0.210205 0.704346
vt 0.218140 0.685059
vt 0.220337 0.683594
vt 0.191406 0.710693
vt 0.202881 0.691895
vt 0.211914 0.674072
vt 0.214111 0.672607
vt 0.185791 0.696777
vt 0.206543 0.662109
vt 0.209106 0.661133
vt 0.197021 0.678711
vt 0.193970 0.666016
vt 0.203979 0.650391
vt 0.206543 0.649902
vt 0.192871 0.653320
vt 0.203857 0.638672
vt 0.206299 0.638672
vt 0.192749 0.640625
vt 0.206665 0.624512
vt 0.208740 0.625000
vt 0.210449 0.619141
vt 0.205444 0.621338
vt 0.192993 0.627930
vt 0.191772 0.621338
vt 0.178101 0.620605
vt 0.177734 0.631348
vt 0.166504 0.619385
vt 0.178711 0.643311
vt 0.165527 0.632568
vt 0.152466 0.618164
vt 0.179199 0.655762
vt 0.165283 0.644531
vt 0.153198 0.633545
vt 0.179810 0.668945
vt 0.164795 0.657227
vt 0.150879 0.645020
vt 0.138550 0.634521
vt 0.136841 0.617676
vt 0.149658 0.658691
vt 0.123962 0.633545
vt 0.120544 0.617920
vt 0.136841 0.645996
vt 0.126465 0.635742
vt 0.123047 0.645996
vt 0.113892 0.633545
vt 0.103394 0.617676
vt 0.120178 0.646240
vt 0.133545 0.659912
vt 0.119934 0.660156
vt 0.147827 0.673340
vt 0.130493 0.676025
vt 0.164307 0.671143
vt 0.147705 0.688477
vt 0.181885 0.682617
vt 0.165283 0.685791
vt 0.167725 0.701172
vt 0.148926 0.705322
vt 0.129272 0.690430
vt 0.171997 0.716309
vt 0.151733 0.721924
vt 0.156738 0.737061
vt 0.130859 0.725586
vt 0.140259 0.752930
vt 0.136597 0.740967
vt 0.124207 0.767944
vt 0.117859 0.750244
vt 0.123535 0.778320
vt 0.120605 0.758667
vt 0.119568 0.768555
vt 0.116577 0.760376
vt 0.113708 0.751465
vt 0.115601 0.778809
vt 0.111938 0.769043
vt 0.109253 0.760864
vt 0.120239 0.789429
vt 0.109985 0.769897
vt 0.125000 0.800903
vt 0.113464 0.779663
vt 0.117737 0.790039
vt 0.107300 0.761597
vt 0.105469 0.779663
vt 0.102234 0.769897
vt 0.105103 0.752563
vt 0.109192 0.790161
vt 0.099609 0.761597
vt 0.106812 0.751953
vt 0.097473 0.752197
vt 0.111694 0.743164
vt 0.103210 0.743896
vt 0.104919 0.743164
vt 0.115967 0.742676
vt 0.110352 0.735107
vt 0.114319 0.733887
vt 0.103516 0.735107
vt 0.113647 0.726318
vt 0.109619 0.726807
vt 0.113464 0.718506
vt 0.101624 0.735596
vt 0.102844 0.726807
vt 0.095520 0.743652
vt 0.100708 0.727051
vt 0.094116 0.735352
vt 0.095459 0.752441
vt 0.093323 0.743652
vt 0.097656 0.761597
vt 0.088196 0.752075
vt 0.100037 0.769897
vt 0.090210 0.761475
vt 0.092224 0.769653
vt 0.103088 0.779785
vt 0.094971 0.779419
vt 0.106812 0.790405
vt 0.098511 0.790405
vt 0.089844 0.770264
vt 0.102417 0.802124
vt 0.095581 0.790039
vt 0.092407 0.780151
vt 0.088013 0.761963
vt 0.084229 0.779541
vt 0.086304 0.752197
vt 0.081848 0.769653
vt 0.079956 0.761353
vt 0.086914 0.789429
vt 0.081543 0.779419
vt 0.079346 0.769653
vt 0.077942 0.751221
vt 0.077515 0.761353
vt 0.084839 0.743652
vt 0.075867 0.751099
vt 0.086487 0.743164
vt 0.076904 0.742676
vt 0.083862 0.735107
vt 0.092224 0.735107
vt 0.085449 0.734619
vt 0.093567 0.726807
vt 0.091553 0.726318
vt 0.093262 0.717529
vt 0.100708 0.718018
vt 0.091125 0.717285
vt 0.102478 0.718018
vt 0.093262 0.708740
vt 0.109192 0.718018
vt 0.100708 0.709229
vt 0.102661 0.709229
vt 0.109680 0.709229
vt 0.103577 0.699707
vt 0.113647 0.708740
vt 0.110535 0.699951
vt 0.129150 0.707764
vt 0.114258 0.698975
vt 0.115173 0.690186
vt 0.111877 0.690430
vt 0.117004 0.675781
vt 0.113892 0.676025
vt 0.116760 0.660400
vt 0.106628 0.675293
vt 0.111572 0.645508
vt 0.108887 0.659668
vt 0.104797 0.689941
vt 0.101379 0.699219
vt 0.102417 0.689697
vt 0.093933 0.698730
vt 0.094910 0.688721
vt 0.104126 0.674561
vt 0.091370 0.708496
vt 0.106323 0.659180
vt 0.096191 0.673584
vt 0.097900 0.658447
vt 0.108887 0.645264
vt 0.094238 0.673340
vt 0.099731 0.645020
vt 0.110413 0.635742
vt 0.101501 0.636230
vt 0.099304 0.633789
vt 0.085449 0.617432
vt 0.097046 0.644775
vt 0.095764 0.657959
vt 0.089355 0.633789
vt 0.088562 0.645020
vt 0.087402 0.657715
vt 0.073975 0.634521
vt 0.067444 0.618164
vt 0.085571 0.644775
vt 0.085815 0.635986
vt 0.050323 0.620117
vt 0.048309 0.636230
vt 0.076965 0.636230
vt 0.049316 0.644775
vt 0.073303 0.644531
vt 0.063049 0.645996
vt 0.059875 0.656982
vt 0.048126 0.657959
vt 0.076294 0.644775
vt 0.061829 0.671631
vt 0.052155 0.674072
vt 0.063843 0.657471
vt 0.073608 0.657471
vt 0.062195 0.685059
vt 0.051147 0.697021
vt 0.065918 0.673340
vt 0.074219 0.672852
vt 0.076294 0.657471
vt 0.084900 0.657227
vt 0.084595 0.672607
vt 0.076660 0.672852
vt 0.086609 0.673096
vt 0.083862 0.687500
vt 0.073792 0.687500
vt 0.076355 0.687500
vt 0.066101 0.687500
vt 0.073669 0.697754
vt 0.062195 0.695801
vt 0.066162 0.697510
vt 0.062073 0.705811
vt 0.050964 0.715820
vt 0.073547 0.707764
vt 0.066223 0.708008
vt 0.062317 0.715332
vt 0.062622 0.723633
vt 0.049622 0.735107
vt 0.066345 0.716309
vt 0.073303 0.716553
vt 0.066467 0.725098
vt 0.062805 0.732178
vt 0.063354 0.741455
vt 0.048645 0.756348
vt 0.066650 0.733154
vt 0.073486 0.725586
vt 0.064026 0.750732
vt 0.067017 0.741943
vt 0.065430 0.759888
vt 0.048187 0.777100
vt 0.067932 0.749756
vt 0.073975 0.733887
vt 0.074768 0.742676
vt 0.069153 0.760620
vt 0.076172 0.734131
vt 0.070679 0.768555
vt 0.066406 0.769165
vt 0.072388 0.778198
vt 0.067627 0.778809
vt 0.068909 0.789307
vt 0.044403 0.799316
vt 0.074524 0.788696
vt 0.071228 0.802002
vt 0.084534 0.790405
vt 0.077332 0.801025
vt 0.088013 0.801758
vt 0.045410 0.818970
vt 0.028534 0.817749
vt 0.071838 0.819824
vt 0.046936 0.846802
vt 0.029190 0.852905
vt 0.071655 0.846191
vt 0.078369 0.819458
vt 0.079224 0.845459
vt 0.069031 0.866577
vt 0.088928 0.819702
vt 0.078674 0.866943
vt 0.090027 0.845459
vt 0.048828 0.879822
vt 0.029816 0.898193
vt 0.069885 0.875061
vt 0.049805 0.895081
vt 0.068970 0.879639
vt 0.050415 0.911987
vt 0.030518 0.923279
vt 0.059265 0.892578
vt 0.050995 0.922546
vt 0.051270 0.935120
vt 0.054871 0.901550
vt 0.052216 0.911682
vt 0.052216 0.922852
vt 0.065308 0.885071
vt 0.073120 0.889832
vt 0.076599 0.884399
vt 0.078796 0.878174
vt 0.068115 0.896912
vt 0.078857 0.893066
vt 0.065002 0.905029
vt 0.074280 0.899475
vt 0.071106 0.906555
vt 0.063660 0.913452
vt 0.069763 0.914062
vt 0.063721 0.921875
vt 0.069946 0.921814
vt 0.065918 0.930786
vt 0.053955 0.934448
vt 0.069397 0.938843
vt 0.057037 0.944977
vt 0.071594 0.929504
vt 0.074036 0.946228
vt 0.074524 0.936707
vt 0.085693 0.926147
vt 0.084839 0.916077
vt 0.084778 0.921143
vt 0.091187 0.921082
vt 0.087585 0.930908
vt 0.085876 0.911194
vt 0.091553 0.931580
vt 0.090332 0.935242
vt 0.088013 0.906616
vt 0.090515 0.909973
vt 0.091309 0.902649
vt 0.090881 0.908325
vt 0.084839 0.887390
vt 0.092834 0.907715
vt 0.094666 0.910034
vt 0.093994 0.911560
vt 0.096008 0.909241
vt 0.095886 0.911133
vt 0.096313 0.907410
vt 0.095459 0.899170
vt 0.099182 0.908752
vt 0.092834 0.883362
vt 0.101685 0.907104
vt 0.100464 0.896606
vt 0.093994 0.870483
vt 0.107117 0.906921
vt 0.091064 0.866333
vt 0.095581 0.868408
vt 0.094116 0.865356
vt 0.099182 0.871948
vt 0.102234 0.880737
vt 0.099243 0.869507
vt 0.102783 0.868408
vt 0.104858 0.870239
vt 0.106140 0.895020
vt 0.112366 0.879822
vt 0.106873 0.865845
vt 0.112183 0.894531
vt 0.104248 0.865356
vt 0.112488 0.906799
vt 0.118225 0.895020
vt 0.121155 0.869873
vt 0.122620 0.880615
vt 0.117981 0.906921
vt 0.123901 0.896606
vt 0.126831 0.871460
vt 0.132080 0.883179
vt 0.123230 0.907104
vt 0.123230 0.868286
vt 0.128906 0.899231
vt 0.119019 0.865723
vt 0.140015 0.887329
vt 0.115173 0.845459
vt 0.145874 0.877502
vt 0.122131 0.865479
vt 0.105469 0.845337
vt 0.102966 0.845459
vt 0.092957 0.845581
vt 0.091675 0.819458
vt 0.101196 0.819214
vt 0.091003 0.802002
vt 0.099792 0.802490
vt 0.103638 0.819214
vt 0.111328 0.801880
vt 0.112549 0.818604
vt 0.114075 0.801514
vt 0.115417 0.818848
vt 0.122437 0.801514
vt 0.118225 0.845459
vt 0.124390 0.818604
vt 0.126831 0.818359
vt 0.127197 0.844971
vt 0.130005 0.845337
vt 0.131836 0.865356
vt 0.134888 0.866211
vt 0.130615 0.868286
vt 0.127075 0.869263
vt 0.132324 0.869995
vt 0.155151 0.879456
vt 0.147949 0.882751
vt 0.159180 0.885010
vt 0.145996 0.892944
vt 0.151733 0.889404
vt 0.156250 0.896973
vt 0.150513 0.899536
vt 0.159424 0.905090
vt 0.153564 0.906799
vt 0.161133 0.913757
vt 0.136353 0.906860
vt 0.155396 0.914490
vt 0.133179 0.902710
vt 0.138794 0.911560
vt 0.128540 0.907471
vt 0.132446 0.907898
vt 0.133423 0.908752
vt 0.125977 0.908752
vt 0.134399 0.910278
vt 0.130493 0.910034
vt 0.129150 0.909241
vt 0.140137 0.916565
vt 0.131226 0.911560
vt 0.155640 0.922424
vt 0.134033 0.921265
vt 0.140625 0.921692
vt 0.161621 0.922729
vt 0.139893 0.926819
vt 0.160522 0.931580
vt 0.154541 0.930237
vt 0.170410 0.934448
vt 0.157349 0.940094
vt 0.167114 0.944916
vt 0.161621 0.954498
vt 0.152954 0.948151
vt 0.151855 0.937714
vt 0.154297 0.962708
vt 0.147461 0.954620
vt 0.147827 0.944580
vt 0.138184 0.931702
vt 0.135620 0.936157
vt 0.134033 0.932129
vt 0.132202 0.940002
vt 0.133179 0.933716
vt 0.142456 0.950500
vt 0.132080 0.934570
vt 0.130615 0.931946
vt 0.131226 0.930420
vt 0.131226 0.921021
vt 0.129395 0.930908
vt 0.129272 0.932739
vt 0.128052 0.934875
vt 0.130005 0.929565
vt 0.128174 0.931641
vt 0.128296 0.929993
vt 0.130005 0.921021
vt 0.126099 0.933289
vt 0.128418 0.929260
vt 0.127686 0.930115
vt 0.128418 0.921021
vt 0.125122 0.932129
vt 0.127686 0.929260
vt 0.124695 0.930359
vt 0.127563 0.921021
vt 0.128418 0.912720
vt 0.130005 0.912476
vt 0.129272 0.911072
vt 0.128296 0.911987
vt 0.128174 0.910339
vt 0.127563 0.912720
vt 0.127686 0.911865
vt 0.125122 0.909851
vt 0.124695 0.911621
vt 0.124695 0.912659
vt 0.124695 0.921021
vt 0.122559 0.911926
vt 0.122559 0.912842
vt 0.124695 0.929382
vt 0.122559 0.921021
vt 0.122620 0.930115
vt 0.122620 0.929199
vt 0.120605 0.912903
vt 0.120605 0.921021
vt 0.120667 0.911987
vt 0.118652 0.912720
vt 0.120667 0.929138
vt 0.120911 0.909424
vt 0.118652 0.921021
vt 0.120667 0.930054
vt 0.118652 0.929321
vt 0.120911 0.932556
vt 0.118713 0.930237
vt 0.121582 0.933838
vt 0.116760 0.932678
vt 0.122925 0.934998
vt 0.117065 0.933960
vt 0.117737 0.934998
vt 0.128052 0.943115
vt 0.123291 0.945312
vt 0.136108 0.955261
vt 0.128906 0.958618
vt 0.140137 0.960052
vt 0.131348 0.964294
vt 0.145386 0.969513
vt 0.135254 0.974640
vt 0.153809 0.977493
vt 0.131958 0.977921
vt 0.131836 0.980225
vt 0.122681 0.977890
vt 0.131958 0.991096
vt 0.132080 0.998658
vt 0.110046 0.998657
vt 0.122375 0.980362
vt 0.109253 0.990295
vt 0.087341 0.998658
vt 0.122192 0.966248
vt 0.112366 0.978149
vt 0.112183 0.979645
vt 0.100525 0.979126
vt 0.086731 0.989014
vt 0.066223 0.989304
vt 0.066956 0.998658
vt 0.085693 0.978241
vt 0.046692 0.989853
vt 0.047516 0.998658
vt 0.064697 0.978317
vt 0.099915 0.977173
vt 0.085449 0.976059
vt 0.045105 0.978699
vt 0.027771 0.989563
vt 0.029022 0.998658
vt 0.010719 0.998658
vt 0.009193 0.988907
vt 0.026199 0.978455
vt 0.008270 0.978638
vt 0.008125 0.976181
vt 0.001493 0.977570
vt 0.010742 0.953491
vt 0.025726 0.975067
vt 0.027634 0.946564
vt 0.044617 0.975494
vt 0.064453 0.975647
vt 0.062500 0.954346
vt 0.069458 0.962372
vt 0.078491 0.969177
vt 0.079773 0.952545
vt 0.088135 0.974014
vt 0.086731 0.957611
vt 0.078613 0.943176
vt 0.083801 0.948761
vt 0.093750 0.939026
vt 0.094543 0.961761
vt 0.089966 0.953400
vt 0.097900 0.942169
vt 0.096985 0.957031
vt 0.103638 0.964844
vt 0.104736 0.959503
vt 0.112610 0.966431
vt 0.112793 0.960724
vt 0.120972 0.960419
vt 0.118164 0.946564
vt 0.112915 0.946838
vt 0.112671 0.934937
vt 0.107605 0.946136
vt 0.112610 0.934143
vt 0.102539 0.944550
vt 0.107666 0.934814
vt 0.102539 0.934692
vt 0.108154 0.933960
vt 0.103638 0.933838
vt 0.097473 0.934448
vt 0.099182 0.933289
vt 0.093445 0.934082
vt 0.096008 0.932800
vt 0.092407 0.933289
vt 0.094604 0.932007
vt 0.093933 0.930481
vt 0.095825 0.930908
vt 0.097046 0.931702
vt 0.093933 0.921021
vt 0.095154 0.929565
vt 0.095215 0.912476
vt 0.095215 0.921021
vt 0.096863 0.929993
vt 0.096802 0.929321
vt 0.096802 0.912781
vt 0.096802 0.921021
vt 0.096863 0.912048
vt 0.097595 0.912781
vt 0.097595 0.921021
vt 0.097046 0.910400
vt 0.097534 0.911865
vt 0.100098 0.909912
vt 0.103577 0.908203
vt 0.100464 0.911682
vt 0.108093 0.908081
vt 0.104248 0.909485
vt 0.102539 0.911926
vt 0.100464 0.912659
vt 0.104492 0.911987
vt 0.100464 0.921021
vt 0.102600 0.912842
vt 0.104553 0.912903
vt 0.102600 0.921021
vt 0.104553 0.921021
vt 0.106445 0.911804
vt 0.102600 0.929199
vt 0.108398 0.909363
vt 0.104614 0.929199
vt 0.100464 0.929382
vt 0.104553 0.930054
vt 0.097534 0.929321
vt 0.102600 0.930115
vt 0.100464 0.930420
vt 0.097534 0.930176
vt 0.100098 0.932129
vt 0.104309 0.932434
vt 0.108459 0.932617
vt 0.106445 0.930237
vt 0.106506 0.929321
vt 0.108521 0.930725
vt 0.106506 0.921021
vt 0.108582 0.929565
vt 0.110657 0.930359
vt 0.112610 0.932739
vt 0.110657 0.929382
vt 0.114563 0.930359
vt 0.112610 0.930176
vt 0.112610 0.929260
vt 0.116638 0.930664
vt 0.114563 0.929382
vt 0.116577 0.929565
vt 0.116638 0.921021
vt 0.114563 0.921021
vt 0.116638 0.912476
vt 0.114563 0.912659
vt 0.112610 0.921021
vt 0.110596 0.921021
vt 0.112549 0.912781
vt 0.108582 0.921021
vt 0.110596 0.912659
vt 0.106506 0.912720
vt 0.108582 0.912476
vt 0.108521 0.911377
vt 0.110596 0.911682
vt 0.112610 0.909302
vt 0.112610 0.911865
vt 0.114563 0.911682
vt 0.112610 0.907898
vt 0.116638 0.911316
vt 0.116760 0.909363
vt 0.118713 0.911743
vt 0.117065 0.908081
vt 0.121582 0.908142
vt 0.454346 0.725830
vt 0.472168 0.725830
vt 0.454346 0.730957
vt 0.472168 0.730957
vt 0.454346 0.716797
vt 0.489990 0.725830
vt 0.492188 0.730957
vt 0.472168 0.716797
vt 0.472168 0.713867
vt 0.454346 0.713867
vt 0.489990 0.716797
vt 0.507812 0.725830
vt 0.508789 0.730957
vt 0.472168 0.702881
vt 0.454346 0.702881
vt 0.526367 0.725830
vt 0.525391 0.730957
vt 0.507812 0.716797
vt 0.544434 0.725830
vt 0.543945 0.730957
vt 0.562012 0.730957
vt 0.526367 0.716797
vt 0.562988 0.725830
vt 0.581543 0.730957
vt 0.544434 0.716797
vt 0.507812 0.713867
vt 0.582031 0.725830
vt 0.601074 0.730957
vt 0.489990 0.713867
vt 0.490479 0.702881
vt 0.526367 0.713867
vt 0.508789 0.702881
vt 0.490479 0.699219
vt 0.508789 0.699219
vt 0.526855 0.702881
vt 0.472168 0.699219
vt 0.454346 0.699219
vt 0.454346 0.687500
vt 0.473389 0.687744
vt 0.491455 0.689209
vt 0.526855 0.699219
vt 0.509277 0.688965
vt 0.544922 0.699219
vt 0.526855 0.687256
vt 0.544922 0.702881
vt 0.544434 0.684082
vt 0.544434 0.713867
vt 0.563477 0.699219
vt 0.563477 0.702881
vt 0.562988 0.716797
vt 0.562988 0.713867
vt 0.582031 0.716797
vt 0.601074 0.716797
vt 0.582031 0.713867
vt 0.582031 0.702881
vt 0.601074 0.725830
vt 0.620605 0.730957
vt 0.601074 0.713867
vt 0.620605 0.716797
vt 0.620605 0.725830
vt 0.641113 0.730957
vt 0.640625 0.725830
vt 0.656250 0.730957
vt 0.640625 0.716797
vt 0.661133 0.725830
vt 0.660156 0.733887
vt 0.681152 0.733887
vt 0.661133 0.716797
vt 0.620605 0.713867
vt 0.640625 0.713867
vt 0.681152 0.716797
vt 0.681152 0.725830
vt 0.701660 0.725830
vt 0.702148 0.733887
vt 0.701660 0.716797
vt 0.721680 0.726074
vt 0.721680 0.733887
vt 0.721680 0.715088
vt 0.742676 0.726074
vt 0.743164 0.733887
vt 0.742676 0.715088
vt 0.701660 0.713867
vt 0.721680 0.712646
vt 0.764160 0.726318
vt 0.764160 0.733887
vt 0.786133 0.733887
vt 0.764160 0.715332
vt 0.787109 0.725342
vt 0.809082 0.733887
vt 0.773926 0.715576
vt 0.742188 0.712646
vt 0.764160 0.713135
vt 0.773438 0.713135
vt 0.760742 0.709717
vt 0.784180 0.714844
vt 0.783691 0.713379
vt 0.795410 0.714355
vt 0.809570 0.724121
vt 0.830078 0.724365
vt 0.829102 0.733887
vt 0.810547 0.713379
vt 0.849609 0.725098
vt 0.848633 0.733887
vt 0.831543 0.713379
vt 0.796387 0.712402
vt 0.810547 0.711182
vt 0.851074 0.713867
vt 0.868652 0.724854
vt 0.867188 0.733887
vt 0.885254 0.733887
vt 0.887207 0.724121
vt 0.870117 0.713623
vt 0.887695 0.713867
vt 0.888184 0.711426
vt 0.894531 0.712646
vt 0.885254 0.688721
vt 0.870605 0.710205
vt 0.868652 0.681641
vt 0.851562 0.710693
vt 0.844727 0.670410
vt 0.831543 0.710693
vt 0.826660 0.697510
vt 0.817871 0.704346
vt 0.808105 0.709229
vt 0.816406 0.687744
vt 0.809570 0.692871
vt 0.801758 0.697021
vt 0.833496 0.689453
vt 0.839355 0.680176
vt 0.822266 0.681396
vt 0.812500 0.683838
vt 0.817383 0.678467
vt 0.826660 0.674072
vt 0.806152 0.688477
vt 0.842285 0.669678
vt 0.821777 0.671875
vt 0.830078 0.666016
vt 0.843750 0.657959
vt 0.845215 0.657715
vt 0.865723 0.658447
vt 0.824707 0.664551
vt 0.845703 0.647217
vt 0.866211 0.633301
vt 0.843750 0.646973
vt 0.832520 0.656982
vt 0.826172 0.656982
vt 0.832520 0.648682
vt 0.841309 0.636719
vt 0.831055 0.640137
vt 0.826660 0.649170
vt 0.846191 0.630371
vt 0.828125 0.632080
vt 0.847168 0.614990
vt 0.836914 0.627686
vt 0.867188 0.588135
vt 0.825195 0.641846
vt 0.849121 0.582031
vt 0.867676 0.552979
vt 0.811523 0.651367
vt 0.850586 0.554199
vt 0.851562 0.534424
vt 0.811523 0.656250
vt 0.824707 0.537354
vt 0.810547 0.661377
vt 0.827148 0.524414
vt 0.848145 0.512207
vt 0.808594 0.666016
vt 0.828613 0.513916
vt 0.805664 0.670410
vt 0.804688 0.666748
vt 0.805176 0.656250
vt 0.802246 0.674316
vt 0.803711 0.668457
vt 0.798340 0.677246
vt 0.802734 0.669189
vt 0.798828 0.669678
vt 0.801758 0.667236
vt 0.800293 0.667969
vt 0.802246 0.665527
vt 0.800293 0.666016
vt 0.796875 0.668457
vt 0.799316 0.666748
vt 0.800781 0.664795
vt 0.793457 0.669922
vt 0.802246 0.656250
vt 0.799316 0.665283
vt 0.800781 0.656250
vt 0.799316 0.664551
vt 0.798828 0.665283
vt 0.798828 0.664551
vt 0.795898 0.667236
vt 0.795898 0.665527
vt 0.798828 0.656250
vt 0.792480 0.668945
vt 0.799316 0.656250
vt 0.795898 0.664551
vt 0.798828 0.647949
vt 0.799316 0.647949
vt 0.800781 0.647705
vt 0.799316 0.647217
vt 0.795898 0.656250
vt 0.802246 0.646729
vt 0.800293 0.646240
vt 0.805664 0.645264
vt 0.801758 0.645264
vt 0.810547 0.646240
vt 0.805176 0.643555
vt 0.808105 0.641846
vt 0.803223 0.642822
vt 0.800293 0.644531
vt 0.821777 0.634766
vt 0.804688 0.637695
vt 0.823242 0.625000
vt 0.817383 0.628174
vt 0.831055 0.620117
vt 0.819336 0.619629
vt 0.811523 0.622559
vt 0.827148 0.614746
vt 0.817383 0.613281
vt 0.826172 0.610107
vt 0.827148 0.601807
vt 0.817383 0.602051
vt 0.824707 0.581299
vt 0.824219 0.554932
vt 0.816895 0.580566
vt 0.818848 0.536377
vt 0.817871 0.554688
vt 0.821777 0.523926
vt 0.808105 0.537109
vt 0.811523 0.525635
vt 0.807129 0.554932
vt 0.806152 0.580566
vt 0.804199 0.554688
vt 0.803223 0.580811
vt 0.805176 0.601562
vt 0.802246 0.600586
vt 0.792969 0.580811
vt 0.802246 0.605713
vt 0.800781 0.603516
vt 0.803223 0.618652
vt 0.796875 0.607178
vt 0.796875 0.604736
vt 0.793457 0.603516
vt 0.800781 0.634277
vt 0.791992 0.600586
vt 0.799805 0.642578
vt 0.790527 0.580566
vt 0.796875 0.644043
vt 0.789551 0.601074
vt 0.794922 0.554443
vt 0.791504 0.605469
vt 0.796387 0.537598
vt 0.793945 0.615967
vt 0.805176 0.537354
vt 0.795898 0.631836
vt 0.809082 0.524658
vt 0.800293 0.525391
vt 0.814453 0.514648
vt 0.803711 0.515381
vt 0.823730 0.513428
vt 0.812012 0.514648
vt 0.829590 0.504395
vt 0.806152 0.505615
vt 0.830566 0.495117
vt 0.847656 0.491699
vt 0.814453 0.504883
vt 0.816895 0.504883
vt 0.825195 0.503906
vt 0.827148 0.495605
vt 0.818359 0.496582
vt 0.815918 0.496582
vt 0.808105 0.497070
vt 0.818359 0.486328
vt 0.820312 0.486328
vt 0.828125 0.484863
vt 0.832031 0.485840
vt 0.821289 0.477539
vt 0.833008 0.476562
vt 0.829102 0.477051
vt 0.846680 0.470215
vt 0.819336 0.478027
vt 0.833496 0.467285
vt 0.811523 0.479004
vt 0.833496 0.458984
vt 0.845215 0.451172
vt 0.829590 0.468262
vt 0.829590 0.460449
vt 0.822266 0.469238
vt 0.822754 0.460938
vt 0.819824 0.469238
vt 0.820312 0.460938
vt 0.812500 0.470215
vt 0.812988 0.461426
vt 0.820801 0.452148
vt 0.812988 0.452637
vt 0.822754 0.451660
vt 0.820312 0.443359
vt 0.829590 0.451172
vt 0.833984 0.450684
vt 0.830078 0.442871
vt 0.833984 0.440918
vt 0.845215 0.432129
vt 0.822754 0.442871
vt 0.830078 0.432617
vt 0.833984 0.430664
vt 0.833984 0.420410
vt 0.844238 0.409180
vt 0.830078 0.422852
vt 0.822266 0.433105
vt 0.834473 0.406738
vt 0.848145 0.393066
vt 0.830078 0.408691
vt 0.836426 0.392090
vt 0.846680 0.379883
vt 0.832520 0.392578
vt 0.822266 0.422852
vt 0.821777 0.407715
vt 0.847656 0.371094
vt 0.845703 0.355469
vt 0.828613 0.353516
vt 0.833008 0.380859
vt 0.822266 0.369629
vt 0.811035 0.352539
vt 0.822754 0.379883
vt 0.822754 0.392578
vt 0.819336 0.371582
vt 0.819824 0.379883
vt 0.819824 0.392578
vt 0.810547 0.371094
vt 0.810547 0.379883
vt 0.806641 0.369141
vt 0.811035 0.392578
vt 0.807617 0.380371
vt 0.796875 0.369141
vt 0.792969 0.353027
vt 0.799316 0.379883
vt 0.808594 0.393066
vt 0.800293 0.393066
vt 0.811523 0.407715
vt 0.819336 0.408203
vt 0.809570 0.408203
vt 0.819824 0.422852
vt 0.812500 0.422852
vt 0.820312 0.433105
vt 0.812988 0.433105
vt 0.812988 0.443359
vt 0.810547 0.423828
vt 0.812012 0.442871
vt 0.811035 0.433105
vt 0.812012 0.452637
vt 0.811523 0.461426
vt 0.805176 0.452637
vt 0.804688 0.443848
vt 0.810547 0.469727
vt 0.804688 0.461426
vt 0.809570 0.478027
vt 0.803711 0.470215
vt 0.802734 0.452637
vt 0.802734 0.461914
vt 0.802734 0.479004
vt 0.802246 0.470703
vt 0.795410 0.462402
vt 0.802734 0.443848
vt 0.795410 0.453125
vt 0.794434 0.470703
vt 0.802246 0.434082
vt 0.800781 0.479004
vt 0.804199 0.433594
vt 0.803223 0.423828
vt 0.801270 0.423828
vt 0.801758 0.408691
vt 0.799805 0.408691
vt 0.798340 0.393555
vt 0.796387 0.380371
vt 0.791992 0.409668
vt 0.794922 0.371582
vt 0.790039 0.394531
vt 0.787109 0.380371
vt 0.785645 0.371094
vt 0.782227 0.368652
vt 0.775879 0.353027
vt 0.784668 0.380859
vt 0.787109 0.395020
vt 0.775879 0.381348
vt 0.772461 0.368652
vt 0.759277 0.353027
vt 0.779297 0.395508
vt 0.757812 0.369629
vt 0.743652 0.353516
vt 0.772949 0.381348
vt 0.769531 0.371094
vt 0.759277 0.381348
vt 0.743164 0.368652
vt 0.776367 0.395508
vt 0.745117 0.380371
vt 0.730469 0.367676
vt 0.729492 0.354492
vt 0.730957 0.379883
vt 0.718750 0.366699
vt 0.718262 0.355957
vt 0.717773 0.378418
vt 0.703125 0.362793
vt 0.704590 0.356445
vt 0.690918 0.356445
vt 0.703613 0.375488
vt 0.689453 0.359375
vt 0.685547 0.354492
vt 0.687500 0.360352
vt 0.689941 0.374023
vt 0.692383 0.374023
vt 0.689453 0.385254
vt 0.692383 0.385742
vt 0.687012 0.395996
vt 0.703125 0.388184
vt 0.689453 0.397461
vt 0.682129 0.407715
vt 0.716797 0.391113
vt 0.702148 0.401367
vt 0.684082 0.409180
vt 0.675781 0.418457
vt 0.731445 0.392578
vt 0.716309 0.404297
vt 0.746582 0.393555
vt 0.731934 0.406250
vt 0.699219 0.413574
vt 0.714355 0.417969
vt 0.748047 0.408691
vt 0.762695 0.395020
vt 0.730957 0.420898
vt 0.765625 0.411133
vt 0.748535 0.423828
vt 0.779297 0.411133
vt 0.767090 0.425781
vt 0.747070 0.440430
vt 0.782227 0.411133
vt 0.780762 0.425293
vt 0.789551 0.410645
vt 0.784180 0.425781
vt 0.767090 0.442871
vt 0.781738 0.434082
vt 0.791504 0.425293
vt 0.793945 0.424805
vt 0.794922 0.434570
vt 0.785645 0.435059
vt 0.792480 0.435059
vt 0.795410 0.444336
vt 0.782227 0.443848
vt 0.786621 0.444336
vt 0.793457 0.444336
vt 0.793457 0.453125
vt 0.787109 0.453125
vt 0.782715 0.453613
vt 0.786621 0.461914
vt 0.793457 0.461914
vt 0.792480 0.470215
vt 0.782227 0.461426
vt 0.765137 0.460938
vt 0.781738 0.469238
vt 0.785645 0.470215
vt 0.791016 0.478516
vt 0.792969 0.479004
vt 0.784180 0.478516
vt 0.780273 0.478027
vt 0.759277 0.476074
vt 0.778320 0.485352
vt 0.789062 0.487305
vt 0.782227 0.486816
vt 0.775391 0.493652
vt 0.791016 0.487793
vt 0.786621 0.496094
vt 0.779297 0.495605
vt 0.755859 0.488281
vt 0.771973 0.503174
vt 0.784180 0.504395
vt 0.776367 0.503906
vt 0.788574 0.497070
vt 0.780273 0.514160
vt 0.786133 0.505127
vt 0.796387 0.496582
vt 0.772461 0.513428
vt 0.793945 0.505127
vt 0.798828 0.487305
vt 0.800781 0.487793
vt 0.798340 0.497070
vt 0.808105 0.487305
vt 0.805664 0.496582
vt 0.809570 0.487305
vt 0.803711 0.504883
vt 0.795898 0.505127
vt 0.801270 0.514648
vt 0.792969 0.514893
vt 0.797363 0.525635
vt 0.793457 0.537354
vt 0.789062 0.525635
vt 0.790527 0.514893
vt 0.792480 0.554443
vt 0.782715 0.514893
vt 0.786621 0.525391
vt 0.784668 0.537109
vt 0.775879 0.524658
vt 0.778320 0.525146
vt 0.781738 0.536621
vt 0.783203 0.553711
vt 0.773438 0.536621
vt 0.780273 0.553955
vt 0.780762 0.580566
vt 0.770996 0.536133
vt 0.771484 0.553711
vt 0.777344 0.580566
vt 0.767090 0.524902
vt 0.769043 0.553467
vt 0.767578 0.512939
vt 0.761719 0.535889
vt 0.762207 0.524658
vt 0.750488 0.499512
vt 0.744141 0.510498
vt 0.755371 0.535156
vt 0.736816 0.520752
vt 0.728516 0.494629
vt 0.723145 0.505127
vt 0.734863 0.483398
vt 0.739258 0.472168
vt 0.712402 0.477051
vt 0.744141 0.457031
vt 0.718750 0.465820
vt 0.724121 0.451172
vt 0.728516 0.436035
vt 0.710449 0.432129
vt 0.704590 0.445801
vt 0.693359 0.427246
vt 0.697266 0.458008
vt 0.686035 0.439453
vt 0.678223 0.419922
vt 0.666992 0.431152
vt 0.668945 0.433105
vt 0.655762 0.444824
vt 0.676270 0.451172
vt 0.657715 0.446289
vt 0.649414 0.455078
vt 0.646973 0.453613
vt 0.664062 0.462402
vt 0.689453 0.469727
vt 0.642578 0.461914
vt 0.640625 0.460449
vt 0.707031 0.487793
vt 0.635254 0.468750
vt 0.632812 0.466797
vt 0.658691 0.473633
vt 0.683594 0.480469
vt 0.654297 0.483887
vt 0.626953 0.476074
vt 0.625488 0.474121
vt 0.701660 0.498047
vt 0.615234 0.484863
vt 0.614258 0.483887
vt 0.717285 0.514648
vt 0.679199 0.490723
vt 0.729004 0.533203
vt 0.697266 0.507812
vt 0.752930 0.552979
vt 0.709473 0.525146
vt 0.759766 0.553223
vt 0.675781 0.501221
vt 0.765625 0.580566
vt 0.651367 0.495117
vt 0.768555 0.580078
vt 0.756348 0.580322
vt 0.764160 0.600586
vt 0.761230 0.601318
vt 0.749023 0.580078
vt 0.773926 0.600586
vt 0.729492 0.551758
vt 0.777344 0.600830
vt 0.692871 0.555176
vt 0.774902 0.604980
vt 0.772949 0.603516
vt 0.783691 0.614990
vt 0.765625 0.603516
vt 0.769043 0.604492
vt 0.769531 0.606689
vt 0.763672 0.605225
vt 0.773438 0.615723
vt 0.764160 0.618408
vt 0.749023 0.601562
vt 0.772461 0.631836
vt 0.742188 0.600830
vt 0.777832 0.630127
vt 0.727051 0.579590
vt 0.784180 0.629639
vt 0.692383 0.575928
vt 0.790039 0.630127
vt 0.783691 0.642090
vt 0.789062 0.642090
vt 0.794434 0.642334
vt 0.792480 0.643311
vt 0.788086 0.643311
vt 0.795898 0.645020
vt 0.791992 0.644531
vt 0.783691 0.643066
vt 0.799316 0.645508
vt 0.798828 0.646973
vt 0.795898 0.646729
vt 0.795898 0.647949
vt 0.793457 0.647217
vt 0.793457 0.656250
vt 0.793457 0.647949
vt 0.791504 0.647217
vt 0.791504 0.647949
vt 0.791504 0.656250
vt 0.793457 0.664307
vt 0.793457 0.665283
vt 0.791504 0.664307
vt 0.791992 0.667480
vt 0.791504 0.665283
vt 0.789551 0.656250
vt 0.789551 0.664551
vt 0.789551 0.665527
vt 0.789551 0.647949
vt 0.787598 0.656250
vt 0.789551 0.646973
vt 0.787598 0.647705
vt 0.787598 0.664795
vt 0.785645 0.656250
vt 0.787598 0.646484
vt 0.787598 0.644531
vt 0.785645 0.646973
vt 0.785645 0.647949
vt 0.783691 0.644531
vt 0.783691 0.656250
vt 0.783691 0.647949
vt 0.783691 0.646973
vt 0.781738 0.646973
vt 0.779297 0.644531
vt 0.781738 0.647949
vt 0.779297 0.643311
vt 0.779785 0.646484
vt 0.778320 0.642090
vt 0.775391 0.644531
vt 0.774414 0.643311
vt 0.772949 0.642334
vt 0.777344 0.646973
vt 0.770020 0.643799
vt 0.777344 0.647949
vt 0.770996 0.645020
vt 0.779785 0.647705
vt 0.775391 0.647217
vt 0.779785 0.656250
vt 0.773438 0.646973
vt 0.781738 0.656250
vt 0.777344 0.656250
vt 0.779785 0.664795
vt 0.783691 0.664551
vt 0.781738 0.664551
vt 0.777344 0.664551
vt 0.779297 0.665771
vt 0.775391 0.656250
vt 0.775391 0.647949
vt 0.775391 0.664307
vt 0.773438 0.647949
vt 0.773438 0.656250
vt 0.771484 0.647705
vt 0.771484 0.656250
vt 0.773438 0.664307
vt 0.771484 0.646729
vt 0.775391 0.665283
vt 0.768555 0.646973
vt 0.777344 0.665527
vt 0.768066 0.645508
vt 0.768555 0.647949
vt 0.768066 0.647217
vt 0.767090 0.644287
vt 0.768555 0.656250
vt 0.768066 0.647949
vt 0.767090 0.646240
vt 0.766113 0.647705
vt 0.767578 0.656250
vt 0.766113 0.656250
vt 0.767578 0.664551
vt 0.771484 0.664551
vt 0.768555 0.664551
vt 0.773438 0.665283
vt 0.771484 0.665527
vt 0.775391 0.667725
vt 0.770996 0.667236
vt 0.768555 0.665283
vt 0.768066 0.665039
vt 0.768066 0.666748
vt 0.766113 0.664795
vt 0.766602 0.666016
vt 0.765137 0.656250
vt 0.765137 0.665527
vt 0.765137 0.646729
vt 0.762207 0.656494
vt 0.765625 0.645264
vt 0.761719 0.645508
vt 0.763672 0.643066
vt 0.762695 0.644043
vt 0.767578 0.642578
vt 0.759766 0.642090
vt 0.763184 0.637939
vt 0.767090 0.634277
vt 0.750000 0.628174
vt 0.756348 0.622559
vt 0.750488 0.612793
vt 0.748047 0.617920
vt 0.742188 0.610107
vt 0.741211 0.614746
vt 0.721680 0.611816
vt 0.736816 0.620117
vt 0.744629 0.624512
vt 0.732422 0.627930
vt 0.745605 0.634766
vt 0.739746 0.632080
vt 0.742676 0.642090
vt 0.757324 0.646729
vt 0.736816 0.640381
vt 0.755859 0.651855
vt 0.740723 0.649658
vt 0.734863 0.648926
vt 0.740723 0.657471
vt 0.755371 0.656982
vt 0.756348 0.662109
vt 0.762207 0.667236
vt 0.741699 0.665527
vt 0.765625 0.667236
vt 0.757812 0.666748
vt 0.763184 0.668945
vt 0.760742 0.671387
vt 0.744141 0.672852
vt 0.764160 0.669678
vt 0.767090 0.667969
vt 0.764160 0.675293
vt 0.770020 0.668457
vt 0.768066 0.669922
vt 0.774414 0.668945
vt 0.773438 0.670166
vt 0.768066 0.678223
vt 0.778320 0.670166
vt 0.772949 0.680420
vt 0.779297 0.669189
vt 0.779297 0.667725
vt 0.783691 0.670166
vt 0.781738 0.665527
vt 0.783691 0.669189
vt 0.783691 0.667969
vt 0.783691 0.665283
vt 0.785645 0.665527
vt 0.787598 0.667725
vt 0.785645 0.664551
vt 0.787598 0.665771
vt 0.788086 0.669189
vt 0.788574 0.669922
vt 0.793457 0.679688
vt 0.788574 0.681396
vt 0.799316 0.692139
vt 0.791504 0.694580
vt 0.792480 0.699951
vt 0.783203 0.695801
vt 0.783203 0.681885
vt 0.777832 0.681641
vt 0.783691 0.701660
vt 0.775391 0.695557
vt 0.773926 0.701416
vt 0.767578 0.693848
vt 0.764648 0.699463
vt 0.760254 0.690430
vt 0.755859 0.695312
vt 0.753906 0.685791
vt 0.748535 0.679688
vt 0.748535 0.689697
vt 0.750977 0.704590
vt 0.741699 0.697754
vt 0.743164 0.683350
vt 0.734375 0.689697
vt 0.723633 0.690918
vt 0.738770 0.675293
vt 0.729004 0.680176
vt 0.735840 0.666748
vt 0.725586 0.669678
vt 0.734375 0.657959
vt 0.724121 0.658203
vt 0.701660 0.669189
vt 0.702148 0.691162
vt 0.681152 0.713867
vt 0.681641 0.691650
vt 0.661133 0.713867
vt 0.681152 0.668701
vt 0.660645 0.691650
vt 0.639648 0.699219
vt 0.701660 0.653076
vt 0.660645 0.666504
vt 0.722168 0.653564
vt 0.680664 0.649658
vt 0.725098 0.646973
vt 0.691406 0.610352
vt 0.722656 0.628662
vt 0.728027 0.637207
vt 0.680664 0.605225
vt 0.683105 0.574463
vt 0.668457 0.599121
vt 0.686523 0.553223
vt 0.672363 0.571533
vt 0.659668 0.642578
vt 0.650391 0.589844
vt 0.690918 0.519043
vt 0.675293 0.550293
vt 0.670410 0.513184
vt 0.657715 0.566650
vt 0.661133 0.546875
vt 0.649414 0.508301
vt 0.635254 0.582031
vt 0.643066 0.561279
vt 0.645996 0.543701
vt 0.630371 0.490723
vt 0.628906 0.504883
vt 0.612305 0.502441
vt 0.630859 0.540039
vt 0.605957 0.492676
vt 0.604492 0.491211
vt 0.615723 0.536865
vt 0.597168 0.499512
vt 0.596191 0.497070
vt 0.599609 0.505859
vt 0.609375 0.536133
vt 0.592773 0.503418
vt 0.591309 0.501221
vt 0.590820 0.500732
vt 0.586914 0.503906
vt 0.591797 0.511230
vt 0.588867 0.506836
vt 0.587402 0.504639
vt 0.578613 0.512207
vt 0.575684 0.511230
vt 0.579590 0.513916
vt 0.570312 0.518799
vt 0.564453 0.516846
vt 0.571289 0.520752
vt 0.558105 0.526855
vt 0.552246 0.522461
vt 0.559570 0.528809
vt 0.585449 0.519775
vt 0.579102 0.531494
vt 0.546875 0.536865
vt 0.544922 0.534424
vt 0.539062 0.527344
vt 0.528809 0.531006
vt 0.575684 0.543945
vt 0.534668 0.539795
vt 0.518555 0.534424
vt 0.536621 0.542725
vt 0.524414 0.545166
vt 0.504395 0.538818
vt 0.526367 0.548828
vt 0.557129 0.554443
vt 0.544922 0.560547
vt 0.513184 0.550781
vt 0.492188 0.542725
vt 0.514648 0.554932
vt 0.500488 0.556885
vt 0.479736 0.546143
vt 0.501953 0.561523
vt 0.533691 0.566162
vt 0.520996 0.572021
vt 0.490479 0.567139
vt 0.488770 0.562744
vt 0.478027 0.568359
vt 0.467041 0.549561
vt 0.479492 0.572266
vt 0.506836 0.578125
vt 0.494873 0.583252
vt 0.464844 0.576416
vt 0.454346 0.550781
vt 0.454590 0.577393
vt 0.467041 0.577881
vt 0.466309 0.593994
vt 0.454346 0.595215
vt 0.482910 0.588623
vt 0.469238 0.593750
vt 0.469238 0.615967
vt 0.454346 0.617676
vt 0.472168 0.615234
vt 0.486572 0.610840
vt 0.473633 0.641357
vt 0.454346 0.645264
vt 0.476807 0.640137
vt 0.478760 0.667480
vt 0.454346 0.671875
vt 0.482178 0.665771
vt 0.491211 0.635986
vt 0.481201 0.671875
vt 0.484131 0.668945
vt 0.484131 0.675537
vt 0.488770 0.678955
vt 0.487061 0.671875
vt 0.496582 0.662354
vt 0.490723 0.674561
vt 0.494141 0.680908
vt 0.494873 0.675781
vt 0.500488 0.681152
vt 0.500488 0.675781
vt 0.512695 0.677979
vt 0.512695 0.673340
vt 0.527832 0.673828
vt 0.509277 0.658203
vt 0.526367 0.668945
vt 0.504395 0.632324
vt 0.523438 0.652832
vt 0.542969 0.663330
vt 0.499512 0.606445
vt 0.518066 0.627197
vt 0.512695 0.601807
vt 0.539062 0.647217
vt 0.532227 0.621826
vt 0.526367 0.596191
vt 0.552734 0.640869
vt 0.539551 0.589844
vt 0.545898 0.615967
vt 0.552246 0.583008
vt 0.559082 0.609863
vt 0.564941 0.635742
vt 0.566406 0.574463
vt 0.573242 0.603271
vt 0.578613 0.630127
vt 0.569824 0.653076
vt 0.583008 0.647949
vt 0.557617 0.657959
vt 0.544434 0.667969
vt 0.559082 0.662842
vt 0.561035 0.680908
vt 0.571777 0.658447
vt 0.582031 0.699219
vt 0.582520 0.675781
vt 0.601074 0.699219
vt 0.585449 0.653564
vt 0.598633 0.671875
vt 0.601074 0.702881
vt 0.595703 0.642578
vt 0.620117 0.702881
vt 0.619629 0.698975
vt 0.627441 0.702881
vt 0.626465 0.698730
vt 0.635742 0.701416
vt 0.632812 0.697754
vt 0.635742 0.696289
vt 0.637695 0.693115
vt 0.625977 0.667480
vt 0.619141 0.668701
vt 0.612793 0.669678
vt 0.598145 0.648926
vt 0.606445 0.645752
vt 0.604492 0.639648
vt 0.612305 0.644043
vt 0.611816 0.637695
vt 0.591797 0.625732
vt 0.602539 0.623779
vt 0.587402 0.606445
vt 0.601562 0.605957
vt 0.587402 0.589844
vt 0.581055 0.579590
vt 0.607422 0.566162
vt 0.602051 0.562012
vt 0.576660 0.570312
vt 0.599609 0.558838
vt 0.574707 0.560791
vt 0.598145 0.555176
vt 0.574707 0.552734
vt 0.598145 0.551514
vt 0.613281 0.550781
vt 0.599121 0.546875
vt 0.601074 0.542480
vt 0.603516 0.538330
vt 0.605469 0.536621
vt 0.628418 0.556396
vt 0.622070 0.575195
vt 0.620605 0.621338
vt 0.636719 0.631348
vt 0.617676 0.637695
vt 0.623047 0.638916
vt 0.616211 0.643555
vt 0.620117 0.644043
vt 0.623047 0.645508
vt 0.626953 0.641357
vt 0.631348 0.646484
vt 0.625488 0.648438
vt 0.628418 0.655029
vt 0.634277 0.653564
vt 0.631348 0.666992
vt 0.632812 0.666748
vt 0.639648 0.667236
vt 0.637207 0.682617
vt 0.643066 0.682861
vt 0.638184 0.687988
vt 0.643555 0.688965
vt 0.642090 0.695068
vt 0.092957 0.688721
vt 0.091919 0.698486
vt 0.085754 0.688477
vt 0.083313 0.697998
vt 0.085022 0.697754
vt 0.084351 0.707764
vt 0.075806 0.697998
vt 0.083130 0.708252
vt 0.075745 0.708008
vt 0.084290 0.717285
vt 0.075500 0.716797
vt 0.083008 0.717285
vt 0.075623 0.725586
vt 0.083252 0.726562
vt 0.084839 0.726074
vt 0.608398 0.016113
vt 0.625488 0.013672
vt 0.625488 0.015625
vt 0.640625 0.014160
vt 0.608887 0.018555
vt 0.589844 0.021484
vt 0.626465 0.027344
vt 0.590332 0.023438
vt 0.568848 0.030762
vt 0.611328 0.030762
vt 0.569336 0.033691
vt 0.559082 0.033203
vt 0.595215 0.036133
vt 0.553711 0.042969
vt 0.540039 0.047363
vt 0.578613 0.044434
vt 0.542969 0.050781
vt 0.563965 0.053223
vt 0.530762 0.062988
vt 0.527344 0.060059
vt 0.549316 0.065430
vt 0.520508 0.075684
vt 0.516113 0.074707
vt 0.536621 0.081543
vt 0.510742 0.092285
vt 0.507324 0.090820
vt 0.527344 0.097656
vt 0.504883 0.108398
vt 0.500977 0.106934
vt 0.496826 0.126953
vt 0.520996 0.113281
vt 0.500977 0.128418
vt 0.495605 0.150879
vt 0.516602 0.129395
vt 0.500488 0.151367
vt 0.498047 0.166992
vt 0.514160 0.144531
vt 0.503418 0.166016
vt 0.500488 0.178223
vt 0.515137 0.160645
vt 0.505371 0.177246
vt 0.509277 0.190918
vt 0.503418 0.191895
vt 0.510742 0.205566
vt 0.519531 0.180176
vt 0.515137 0.203613
vt 0.521973 0.223145
vt 0.526855 0.222168
vt 0.532715 0.236816
vt 0.528320 0.201172
vt 0.537109 0.234863
vt 0.541992 0.247559
vt 0.542480 0.215332
vt 0.546387 0.244141
vt 0.548340 0.252441
vt 0.554688 0.231934
vt 0.557129 0.252930
vt 0.554199 0.256836
vt 0.571289 0.263184
vt 0.568848 0.266602
vt 0.583496 0.274902
vt 0.567383 0.243164
vt 0.586914 0.272461
vt 0.599121 0.282715
vt 0.580566 0.254395
vt 0.601074 0.280273
vt 0.615723 0.290039
vt 0.594238 0.264160
vt 0.617188 0.288086
vt 0.629395 0.295898
vt 0.607910 0.272461
vt 0.631348 0.293457
vt 0.642578 0.301758
vt 0.623535 0.280273
vt 0.646973 0.299316
vt 0.660645 0.308105
vt 0.637207 0.286133
vt 0.633301 0.267578
vt 0.663086 0.304688
vt 0.676758 0.312988
vt 0.651367 0.291016
vt 0.645996 0.272949
vt 0.678711 0.308594
vt 0.693848 0.315918
vt 0.666504 0.296387
vt 0.694824 0.312500
vt 0.711426 0.318359
vt 0.681641 0.300293
vt 0.697266 0.303711
vt 0.711914 0.315430
vt 0.729492 0.319336
vt 0.713379 0.306152
vt 0.729492 0.316406
vt 0.729492 0.307129
vt 0.747070 0.315430
vt 0.747559 0.318359
vt 0.729492 0.292480
vt 0.764160 0.312500
vt 0.765137 0.315918
vt 0.745605 0.306152
vt 0.780273 0.309082
vt 0.782227 0.312988
vt 0.761719 0.303711
vt 0.744141 0.291992
vt 0.795898 0.304688
vt 0.798340 0.308594
vt 0.777344 0.300293
vt 0.758789 0.289551
vt 0.812012 0.299316
vt 0.816406 0.301758
vt 0.792480 0.296387
vt 0.827637 0.293945
vt 0.829590 0.296387
vt 0.807617 0.291504
vt 0.821777 0.286133
vt 0.841797 0.288086
vt 0.843262 0.290527
vt 0.835449 0.280273
vt 0.857910 0.280762
vt 0.859863 0.282715
vt 0.851074 0.272461
vt 0.825684 0.268066
vt 0.872070 0.272949
vt 0.875488 0.274902
vt 0.864746 0.264160
vt 0.887695 0.263184
vt 0.890137 0.267090
vt 0.904785 0.257324
vt 0.878418 0.254883
vt 0.840332 0.261230
vt 0.901855 0.252930
vt 0.910645 0.252930
vt 0.891602 0.243652
vt 0.912598 0.244141
vt 0.916992 0.247559
vt 0.904297 0.232422
vt 0.921875 0.235352
vt 0.926270 0.237305
vt 0.888184 0.224609
vt 0.932129 0.222168
vt 0.937012 0.223633
vt 0.916992 0.215820
vt 0.943848 0.204102
vt 0.948242 0.205566
vt 0.930664 0.201660
vt 0.949707 0.190918
vt 0.955566 0.191895
vt 0.958984 0.178711
vt 0.939453 0.180664
vt 0.954102 0.177246
vt 0.956055 0.166504
vt 0.960938 0.167480
vt 0.943848 0.160645
vt 0.958496 0.151367
vt 0.963379 0.150879
vt 0.958008 0.128418
vt 0.962402 0.126953
vt 0.944824 0.145020
vt 0.954102 0.108398
vt 0.958008 0.106934
vt 0.952148 0.091309
vt 0.942383 0.129883
vt 0.948242 0.092773
vt 0.943359 0.074707
vt 0.938477 0.113281
vt 0.938477 0.076172
vt 0.932129 0.060059
vt 0.932129 0.097656
vt 0.928711 0.062988
vt 0.919434 0.047363
vt 0.922852 0.082031
vt 0.916504 0.103516
vt 0.916016 0.050781
vt 0.922363 0.117676
vt 0.905762 0.042969
vt 0.899902 0.033203
vt 0.909668 0.065430
vt 0.895020 0.053223
vt 0.890137 0.033691
vt 0.890625 0.031250
vt 0.884766 0.065430
vt 0.868652 0.023438
vt 0.869141 0.021484
vt 0.897461 0.076172
vt 0.850098 0.018555
vt 0.851074 0.016113
vt 0.907715 0.088867
vt 0.833496 0.015625
vt 0.833496 0.014160
vt 0.818848 0.014648
vt 0.833008 0.027344
vt 0.848145 0.030762
vt 0.863770 0.036621
vt 0.844238 0.044434
vt 0.880859 0.044434
vt 0.857910 0.049316
vt 0.871582 0.056641
vt 0.863281 0.068359
vt 0.874512 0.076172
vt 0.851074 0.062012
vt 0.885254 0.085938
vt 0.864746 0.086426
vt 0.894531 0.097168
vt 0.874023 0.095215
vt 0.901855 0.109375
vt 0.882324 0.105469
vt 0.907715 0.122559
vt 0.888672 0.116211
vt 0.870117 0.112305
vt 0.875977 0.122559
vt 0.894043 0.128418
vt 0.926758 0.132812
vt 0.911621 0.136719
vt 0.928711 0.147949
vt 0.897461 0.140625
vt 0.928223 0.164062
vt 0.913574 0.150879
vt 0.925293 0.181641
vt 0.913574 0.165527
vt 0.899414 0.153809
vt 0.919922 0.199219
vt 0.910645 0.181152
vt 0.897949 0.210938
vt 0.905273 0.196777
vt 0.891602 0.194824
vt 0.899414 0.167480
vt 0.896973 0.181152
vt 0.880859 0.206543
vt 0.880859 0.193848
vt 0.884277 0.181641
vt 0.873047 0.218262
vt 0.863770 0.203125
vt 0.868652 0.192871
vt 0.877930 0.235840
vt 0.863281 0.229004
vt 0.865234 0.246094
vt 0.853027 0.254395
vt 0.852051 0.237305
vt 0.857422 0.212891
vt 0.848145 0.220703
vt 0.840820 0.244141
vt 0.837891 0.227051
vt 0.845215 0.207520
vt 0.836426 0.212891
vt 0.851562 0.199707
vt 0.856445 0.191406
vt 0.840332 0.195312
vt 0.846191 0.188477
vt 0.860840 0.181641
vt 0.833496 0.200684
vt 0.872070 0.182129
vt 0.850586 0.180664
vt 0.885742 0.168945
vt 0.874023 0.170898
vt 0.885742 0.156738
vt 0.874023 0.159668
vt 0.862793 0.171875
vt 0.863281 0.161621
vt 0.884277 0.145020
vt 0.872559 0.148438
vt 0.880859 0.133301
vt 0.869629 0.137695
vt 0.864746 0.127930
vt 0.859375 0.141602
vt 0.862305 0.151367
vt 0.854980 0.132812
vt 0.854492 0.163086
vt 0.859375 0.119141
vt 0.853516 0.153809
vt 0.850586 0.145996
vt 0.853516 0.172363
vt 0.849609 0.156250
vt 0.850098 0.163574
vt 0.849121 0.171875
vt 0.847168 0.147949
vt 0.837402 0.158691
vt 0.837891 0.164551
vt 0.846191 0.179688
vt 0.836426 0.169922
vt 0.841797 0.186523
vt 0.834473 0.174805
vt 0.812988 0.159668
vt 0.830566 0.179199
vt 0.826660 0.181641
vt 0.835938 0.192871
vt 0.822754 0.183105
vt 0.829102 0.197266
vt 0.826172 0.204102
vt 0.816895 0.184570
vt 0.821289 0.200195
vt 0.827637 0.216797
vt 0.817383 0.206543
vt 0.810059 0.184082
vt 0.813965 0.202148
vt 0.818848 0.219238
vt 0.809570 0.207520
vt 0.806641 0.203125
vt 0.828125 0.231934
vt 0.810059 0.221680
vt 0.818359 0.235840
vt 0.802246 0.208496
vt 0.798340 0.223145
vt 0.829590 0.250000
vt 0.805664 0.239746
vt 0.815918 0.255371
vt 0.789062 0.223145
vt 0.795410 0.243164
vt 0.804199 0.259277
vt 0.791992 0.208008
vt 0.775391 0.220703
vt 0.800293 0.204102
vt 0.783203 0.207520
vt 0.801758 0.182129
vt 0.790527 0.203613
vt 0.794434 0.179688
vt 0.788086 0.177246
vt 0.788086 0.170898
vt 0.780762 0.184570
vt 0.777344 0.176270
vt 0.781250 0.203125
vt 0.775879 0.184570
vt 0.772461 0.207520
vt 0.770996 0.202148
vt 0.772949 0.175781
vt 0.765137 0.202637
vt 0.774902 0.166992
vt 0.765625 0.208496
vt 0.787598 0.164062
vt 0.761719 0.216309
vt 0.774902 0.160645
vt 0.758789 0.210938
vt 0.770996 0.167480
vt 0.775391 0.154785
vt 0.770508 0.158691
vt 0.788086 0.158691
vt 0.776855 0.148438
vt 0.770996 0.152344
vt 0.789062 0.153320
vt 0.779297 0.142578
vt 0.772461 0.145508
vt 0.790527 0.148926
vt 0.776855 0.137207
vt 0.783691 0.136719
vt 0.793945 0.144043
vt 0.782227 0.131348
vt 0.789062 0.131836
vt 0.798340 0.141113
vt 0.788086 0.126953
vt 0.795410 0.128418
vt 0.802246 0.139160
vt 0.794922 0.124023
vt 0.800781 0.126465
vt 0.806152 0.137695
vt 0.801758 0.122070
vt 0.807129 0.125000
vt 0.809570 0.137695
vt 0.808594 0.120605
vt 0.813477 0.125000
vt 0.812988 0.137695
vt 0.815430 0.121094
vt 0.819336 0.125488
vt 0.816406 0.138184
vt 0.820801 0.139648
vt 0.826172 0.127930
vt 0.824219 0.141113
vt 0.822266 0.122070
vt 0.828613 0.144043
vt 0.832031 0.130859
vt 0.828613 0.124512
vt 0.832520 0.147461
vt 0.837891 0.135254
vt 0.835449 0.152344
vt 0.843262 0.140625
vt 0.846191 0.138672
vt 0.840820 0.132324
vt 0.849121 0.125488
vt 0.834961 0.127930
vt 0.842773 0.119141
vt 0.852539 0.111816
vt 0.835938 0.114746
vt 0.862793 0.103516
vt 0.844727 0.105957
vt 0.854004 0.096191
vt 0.854492 0.079590
vt 0.844727 0.090820
vt 0.843262 0.074219
vt 0.836426 0.101074
vt 0.835449 0.086426
vt 0.839355 0.057129
vt 0.828613 0.111816
vt 0.827637 0.098145
vt 0.820801 0.109863
vt 0.825195 0.083984
vt 0.812988 0.109375
vt 0.818848 0.096680
vt 0.805176 0.110352
vt 0.810059 0.096680
vt 0.815430 0.083008
vt 0.797363 0.111816
vt 0.801270 0.097168
vt 0.805664 0.083496
vt 0.789551 0.114746
vt 0.792480 0.099609
vt 0.796387 0.084961
vt 0.781738 0.118652
vt 0.783691 0.102539
vt 0.787109 0.087402
vt 0.774414 0.123535
vt 0.775391 0.105957
vt 0.777832 0.090332
vt 0.767578 0.128906
vt 0.767578 0.110352
vt 0.769531 0.091797
vt 0.763184 0.143066
vt 0.760254 0.113770
vt 0.760742 0.152344
vt 0.760254 0.128418
vt 0.763672 0.159180
vt 0.761230 0.093262
vt 0.752930 0.115234
vt 0.754883 0.130859
vt 0.758301 0.143555
vt 0.753906 0.146484
vt 0.747070 0.117188
vt 0.753906 0.155762
vt 0.748047 0.131836
vt 0.748047 0.146973
vt 0.750977 0.095215
vt 0.743652 0.117676
vt 0.762207 0.077148
vt 0.745117 0.096191
vt 0.750000 0.079102
vt 0.771484 0.075195
vt 0.749512 0.065918
vt 0.780762 0.073730
vt 0.763184 0.062500
vt 0.772949 0.059570
vt 0.790527 0.071289
vt 0.783203 0.057129
vt 0.800293 0.069336
vt 0.793457 0.055176
vt 0.810547 0.068848
vt 0.803711 0.054199
vt 0.821289 0.068848
vt 0.814941 0.053711
vt 0.832520 0.070801
vt 0.826660 0.054688
vt 0.830566 0.041016
vt 0.817871 0.039062
vt 0.819336 0.025391
vt 0.806152 0.039062
vt 0.807129 0.024902
vt 0.805664 0.014648
vt 0.806152 0.013184
vt 0.795410 0.012207
vt 0.794922 0.016113
vt 0.784668 0.011230
vt 0.795410 0.025879
vt 0.783203 0.018066
vt 0.772461 0.009766
vt 0.794922 0.040527
vt 0.783691 0.027832
vt 0.771484 0.020996
vt 0.761230 0.007812
vt 0.783691 0.042480
vt 0.772461 0.031250
vt 0.773438 0.045898
vt 0.758789 0.024414
vt 0.762695 0.036621
vt 0.763184 0.049805
vt 0.750000 0.031250
vt 0.746582 0.003906
vt 0.749023 0.055176
vt 0.750000 0.041504
vt 0.741211 0.032715
vt 0.729492 0.001953
vt 0.738770 0.055176
vt 0.741211 0.041016
vt 0.729492 0.034180
vt 0.718262 0.032715
vt 0.712891 0.003906
vt 0.729492 0.041992
vt 0.717773 0.041016
vt 0.708984 0.031250
vt 0.698242 0.007324
vt 0.709473 0.041504
vt 0.720215 0.055176
vt 0.729492 0.055176
vt 0.729492 0.067871
vt 0.738770 0.072754
vt 0.734375 0.069336
vt 0.742188 0.081055
vt 0.735840 0.075684
vt 0.741699 0.096680
vt 0.738770 0.081543
vt 0.740723 0.118652
vt 0.732910 0.072266
vt 0.744629 0.132324
vt 0.738770 0.097168
vt 0.744629 0.146973
vt 0.741211 0.132812
vt 0.735840 0.119629
vt 0.735840 0.082031
vt 0.741699 0.146973
vt 0.734375 0.097168
vt 0.734375 0.077148
vt 0.736328 0.133789
vt 0.732910 0.082520
vt 0.731934 0.075195
vt 0.732422 0.078125
vt 0.729492 0.097656
vt 0.729492 0.082520
vt 0.729492 0.078125
vt 0.729492 0.070801
vt 0.729492 0.074707
vt 0.727051 0.075195
vt 0.727051 0.078125
vt 0.726562 0.072266
vt 0.724609 0.069336
vt 0.723633 0.075684
vt 0.725098 0.077148
vt 0.726074 0.082520
vt 0.720703 0.072754
vt 0.720703 0.081543
vt 0.723633 0.082031
vt 0.724609 0.097168
vt 0.720703 0.097168
vt 0.729492 0.120117
vt 0.723145 0.119629
vt 0.717285 0.096680
vt 0.729492 0.133789
vt 0.716797 0.081055
vt 0.718750 0.118652
vt 0.714355 0.096191
vt 0.708984 0.079102
vt 0.715332 0.117676
vt 0.709961 0.065918
vt 0.708008 0.094727
vt 0.709961 0.055176
vt 0.696777 0.077148
vt 0.696289 0.062500
vt 0.695801 0.049805
vt 0.696289 0.036621
vt 0.686035 0.059570
vt 0.700195 0.024414
vt 0.685547 0.045898
vt 0.686523 0.031250
vt 0.687988 0.020996
vt 0.687012 0.009766
vt 0.675293 0.042480
vt 0.676270 0.018066
vt 0.674805 0.011230
vt 0.675781 0.027832
vt 0.664551 0.015625
vt 0.664062 0.012207
vt 0.664062 0.025879
vt 0.653320 0.014648
vt 0.653320 0.013184
vt 0.652344 0.024902
vt 0.640137 0.025391
vt 0.652832 0.039062
vt 0.641113 0.039062
vt 0.628418 0.041016
vt 0.664062 0.040527
vt 0.644531 0.053711
vt 0.655762 0.053711
vt 0.666016 0.054688
vt 0.632324 0.054199
vt 0.648438 0.068359
vt 0.637695 0.068848
vt 0.620117 0.057129
vt 0.659180 0.069336
vt 0.626953 0.070312
vt 0.615234 0.043945
vt 0.601074 0.049316
vt 0.607910 0.061523
vt 0.587402 0.056152
vt 0.596191 0.067871
vt 0.615723 0.074219
vt 0.604980 0.079590
vt 0.574219 0.064941
vt 0.584473 0.076172
vt 0.561523 0.076172
vt 0.594727 0.086426
vt 0.551270 0.088379
vt 0.573730 0.085938
vt 0.542969 0.103027
vt 0.564453 0.097168
vt 0.584961 0.094727
vt 0.536621 0.117676
vt 0.557129 0.109375
vt 0.532227 0.132812
vt 0.551270 0.122559
vt 0.577148 0.104980
vt 0.570312 0.116211
vt 0.530273 0.147949
vt 0.547363 0.136230
vt 0.564941 0.127930
vt 0.530762 0.163574
vt 0.545410 0.150879
vt 0.561523 0.140625
vt 0.534180 0.181152
vt 0.545410 0.165039
vt 0.559570 0.153809
vt 0.539062 0.198730
vt 0.548340 0.180664
vt 0.561035 0.210938
vt 0.553711 0.196289
vt 0.570801 0.224609
vt 0.567383 0.194336
vt 0.581543 0.235840
vt 0.585938 0.218262
vt 0.578613 0.206543
vt 0.562012 0.180664
vt 0.578125 0.193359
vt 0.595215 0.203125
vt 0.559570 0.166992
vt 0.574707 0.181152
vt 0.590332 0.192383
vt 0.573242 0.168945
vt 0.586914 0.181641
vt 0.573242 0.156738
vt 0.574707 0.144531
vt 0.584961 0.159180
vt 0.578125 0.133301
vt 0.586426 0.148438
vt 0.589844 0.137695
vt 0.583008 0.122070
vt 0.594238 0.127930
vt 0.589355 0.112305
vt 0.600098 0.141602
vt 0.596680 0.103516
vt 0.600098 0.118652
vt 0.604980 0.096191
vt 0.606934 0.111816
vt 0.604492 0.132812
vt 0.609863 0.125488
vt 0.614258 0.105469
vt 0.614258 0.090332
vt 0.616211 0.119141
vt 0.624023 0.086426
vt 0.622559 0.101074
vt 0.633789 0.083984
vt 0.631348 0.098145
vt 0.623047 0.114746
vt 0.630371 0.111816
vt 0.640137 0.096680
vt 0.643555 0.083008
vt 0.638184 0.109863
vt 0.653320 0.083008
vt 0.649414 0.096191
vt 0.645996 0.109375
vt 0.637207 0.122070
vt 0.643555 0.120605
vt 0.654297 0.110352
vt 0.630371 0.124512
vt 0.658203 0.097168
vt 0.624023 0.127930
vt 0.662598 0.084473
vt 0.618164 0.132324
vt 0.668945 0.071289
vt 0.612793 0.138672
vt 0.676270 0.057129
vt 0.678223 0.073730
vt 0.672363 0.086914
vt 0.687988 0.075195
vt 0.681152 0.090332
vt 0.689453 0.091309
vt 0.666504 0.099121
vt 0.675293 0.102539
vt 0.662109 0.111816
vt 0.669922 0.114746
vt 0.683594 0.105957
vt 0.677246 0.118652
vt 0.664062 0.124023
vt 0.670898 0.126953
vt 0.684570 0.123535
vt 0.657227 0.121582
vt 0.691895 0.109863
vt 0.650391 0.120605
vt 0.652344 0.125000
vt 0.645508 0.124512
vt 0.658203 0.126465
vt 0.649902 0.137207
vt 0.664062 0.128418
vt 0.653320 0.137695
vt 0.656738 0.139160
vt 0.645996 0.137695
vt 0.661133 0.141113
vt 0.639648 0.125488
vt 0.669922 0.131836
vt 0.632812 0.127930
vt 0.677246 0.131348
vt 0.626953 0.130371
vt 0.682617 0.136719
vt 0.621094 0.134766
vt 0.634766 0.140625
vt 0.616211 0.140625
vt 0.630371 0.143555
vt 0.626465 0.147461
vt 0.638184 0.139160
vt 0.643066 0.138184
vt 0.645996 0.159668
vt 0.623535 0.152344
vt 0.611816 0.147461
vt 0.621582 0.158691
vt 0.608398 0.145996
vt 0.605469 0.153809
vt 0.609375 0.156250
vt 0.596680 0.151367
vt 0.604492 0.163086
vt 0.608887 0.163574
vt 0.595703 0.161133
vt 0.621582 0.164551
vt 0.605469 0.171875
vt 0.609863 0.171875
vt 0.622559 0.169922
vt 0.608398 0.180664
vt 0.612793 0.179688
vt 0.596191 0.171387
vt 0.584961 0.170410
vt 0.598633 0.181641
vt 0.602539 0.190918
vt 0.613281 0.188477
vt 0.607422 0.199707
vt 0.601562 0.212891
vt 0.619141 0.195312
vt 0.595703 0.229004
vt 0.613770 0.207520
vt 0.593750 0.245605
vt 0.610840 0.220703
vt 0.606934 0.237305
vt 0.605957 0.254395
vt 0.621094 0.227051
vt 0.618652 0.261230
vt 0.618164 0.244141
vt 0.629395 0.250000
vt 0.643066 0.255371
vt 0.654785 0.259277
vt 0.653320 0.239258
vt 0.663574 0.242676
vt 0.640625 0.235840
vt 0.630859 0.231934
vt 0.660645 0.223145
vt 0.648926 0.221680
vt 0.631348 0.216309
vt 0.669922 0.223145
vt 0.640137 0.219238
vt 0.622559 0.212891
vt 0.625488 0.200195
vt 0.633301 0.204102
vt 0.641602 0.206543
vt 0.649414 0.207520
vt 0.656738 0.208008
vt 0.645508 0.202148
vt 0.666992 0.208008
vt 0.652344 0.203125
vt 0.658691 0.203613
vt 0.637695 0.200195
vt 0.648926 0.184082
vt 0.657227 0.182129
vt 0.629883 0.197266
vt 0.642090 0.184570
vt 0.623047 0.192383
vt 0.636719 0.183105
vt 0.632324 0.181641
vt 0.617188 0.186523
vt 0.628418 0.178711
vt 0.625000 0.174805
vt 0.665039 0.179688
vt 0.668945 0.203613
vt 0.670898 0.177246
vt 0.675781 0.207520
vt 0.670898 0.170898
vt 0.678223 0.184570
vt 0.682129 0.176270
vt 0.677734 0.203125
vt 0.683105 0.184570
vt 0.684082 0.166992
vt 0.686523 0.207520
vt 0.686523 0.175781
vt 0.671387 0.164062
vt 0.687988 0.202148
vt 0.684082 0.160645
vt 0.683594 0.220703
vt 0.687988 0.166992
vt 0.674316 0.246582
vt 0.691895 0.168457
vt 0.666016 0.263672
vt 0.688477 0.175781
vt 0.658691 0.277344
vt 0.696289 0.184570
vt 0.672363 0.282227
vt 0.678223 0.268066
vt 0.686035 0.286133
vt 0.690918 0.271973
vt 0.685547 0.250977
vt 0.696777 0.254883
vt 0.695801 0.231445
vt 0.704590 0.236328
vt 0.707520 0.258789
vt 0.712891 0.239258
vt 0.703613 0.275391
vt 0.721191 0.241211
vt 0.700195 0.289551
vt 0.718262 0.260742
vt 0.716309 0.277344
vt 0.714844 0.291992
vt 0.729492 0.278320
vt 0.729492 0.261719
vt 0.742676 0.277344
vt 0.729492 0.241699
vt 0.740723 0.260742
vt 0.755371 0.275391
vt 0.772461 0.286133
vt 0.751465 0.258789
vt 0.786621 0.282227
vt 0.768066 0.271973
vt 0.737793 0.241211
vt 0.800293 0.277344
vt 0.729492 0.234375
vt 0.812988 0.272949
vt 0.792969 0.263672
vt 0.780762 0.268066
vt 0.784668 0.246582
vt 0.773438 0.250977
vt 0.762207 0.255371
vt 0.763184 0.231445
vt 0.754395 0.236328
vt 0.746094 0.239258
vt 0.750488 0.228516
vt 0.736816 0.232910
vt 0.744141 0.230957
vt 0.729492 0.226562
vt 0.736816 0.225586
vt 0.743652 0.224121
vt 0.755371 0.224609
vt 0.749023 0.222168
vt 0.752930 0.218750
vt 0.750000 0.206543
vt 0.743652 0.208008
vt 0.755859 0.200684
vt 0.747559 0.191895
vt 0.736328 0.208984
vt 0.739258 0.193359
vt 0.729492 0.208984
vt 0.729492 0.193848
vt 0.745605 0.179688
vt 0.722168 0.225586
vt 0.737793 0.180176
vt 0.752441 0.189453
vt 0.762207 0.195801
vt 0.766602 0.194336
vt 0.758789 0.186523
vt 0.749023 0.177734
vt 0.762695 0.184570
vt 0.770508 0.175781
vt 0.754395 0.175293
vt 0.758301 0.172852
vt 0.767090 0.168457
vt 0.755859 0.164062
vt 0.750977 0.165527
vt 0.746582 0.166992
vt 0.749023 0.156250
vt 0.745117 0.156738
vt 0.743652 0.168457
vt 0.742188 0.157715
vt 0.736816 0.148438
vt 0.737305 0.168945
vt 0.736816 0.158203
vt 0.729492 0.148926
vt 0.729492 0.158203
vt 0.729492 0.169434
vt 0.729492 0.180176
vt 0.721191 0.180176
vt 0.721680 0.168945
vt 0.722168 0.158203
vt 0.722656 0.148438
vt 0.716797 0.157715
vt 0.722656 0.133789
vt 0.717285 0.146973
vt 0.717773 0.132812
vt 0.714355 0.132324
vt 0.714355 0.146973
vt 0.710938 0.131836
vt 0.713867 0.156738
vt 0.710938 0.146973
vt 0.712402 0.117188
vt 0.705078 0.146484
vt 0.706055 0.115234
vt 0.704102 0.130859
vt 0.697754 0.093262
vt 0.698730 0.113770
vt 0.698730 0.128418
vt 0.691895 0.128906
vt 0.695801 0.143066
vt 0.701172 0.143066
vt 0.687012 0.145508
vt 0.698242 0.152344
vt 0.687988 0.152344
vt 0.679688 0.142578
vt 0.682129 0.147949
vt 0.675293 0.136719
vt 0.665039 0.144043
vt 0.668457 0.148926
vt 0.669922 0.153320
vt 0.670898 0.158203
vt 0.683594 0.154785
vt 0.688477 0.158691
vt 0.695801 0.158691
vt 0.705078 0.155762
vt 0.703613 0.164062
vt 0.710449 0.156250
vt 0.708008 0.165527
vt 0.712402 0.166992
vt 0.704590 0.175293
vt 0.700684 0.172852
vt 0.715332 0.168457
vt 0.710449 0.177734
vt 0.700684 0.186523
vt 0.713379 0.179688
vt 0.692383 0.194336
vt 0.706543 0.189453
vt 0.696777 0.195801
vt 0.693848 0.202637
vt 0.703125 0.200684
vt 0.693359 0.208008
vt 0.700684 0.210938
vt 0.697266 0.216309
vt 0.711426 0.191895
vt 0.708984 0.206543
vt 0.706055 0.218750
vt 0.703613 0.224609
vt 0.708496 0.228516
vt 0.709961 0.222168
vt 0.715332 0.208008
vt 0.715332 0.224121
vt 0.714844 0.230957
vt 0.720215 0.193359
vt 0.722656 0.208984
vt 0.722168 0.232910
vt 0.980469 0.423828
vt 0.982910 0.438965
vt 0.973633 0.434570
vt 0.973145 0.424316
vt 0.973145 0.447754
vt 0.985352 0.457520
vt 0.966797 0.434570
vt 0.973145 0.460938
vt 0.987793 0.476074
vt 0.966797 0.447754
vt 0.966797 0.425293
vt 0.973145 0.475098
vt 0.964844 0.423828
vt 0.971680 0.417480
vt 0.962891 0.420410
vt 0.964355 0.434082
vt 0.944336 0.423828
vt 0.944336 0.421387
vt 0.925781 0.420410
vt 0.964355 0.447266
vt 0.944336 0.434082
vt 0.923828 0.423828
vt 0.916992 0.417480
vt 0.915527 0.424316
vt 0.924316 0.434082
vt 0.921875 0.425293
vt 0.921875 0.434570
vt 0.924316 0.447266
vt 0.944336 0.447266
vt 0.915039 0.434570
vt 0.908203 0.423828
vt 0.905762 0.438965
vt 0.915527 0.447754
vt 0.903320 0.457520
vt 0.921875 0.447754
vt 0.915527 0.460938
vt 0.900879 0.476074
vt 0.924805 0.460449
vt 0.922363 0.460449
vt 0.915527 0.475098
vt 0.915527 0.489258
vt 0.899414 0.495605
vt 0.922363 0.475098
vt 0.916016 0.503174
vt 0.897949 0.516113
vt 0.922363 0.489258
vt 0.924805 0.475098
vt 0.916016 0.517822
vt 0.896973 0.531982
vt 0.922852 0.503174
vt 0.924805 0.489258
vt 0.944336 0.460449
vt 0.944336 0.475098
vt 0.963867 0.460449
vt 0.963867 0.475098
vt 0.966309 0.460449
vt 0.966309 0.475098
vt 0.963867 0.489258
vt 0.973145 0.489258
vt 0.989258 0.495605
vt 0.966309 0.489258
vt 0.972656 0.503174
vt 0.990723 0.516113
vt 0.965820 0.503174
vt 0.972656 0.517822
vt 0.991699 0.531982
vt 0.963867 0.503174
vt 0.972168 0.532715
vt 0.965820 0.517822
vt 0.972168 0.547852
vt 0.991699 0.549316
vt 0.965820 0.532715
vt 0.972168 0.563232
vt 0.992188 0.572021
vt 0.965332 0.547852
vt 0.963379 0.517822
vt 0.963379 0.532715
vt 0.965332 0.563232
vt 0.971680 0.578613
vt 0.992676 0.589600
vt 0.962891 0.547852
vt 0.971680 0.593994
vt 0.992676 0.609375
vt 0.964844 0.578613
vt 0.971191 0.609131
vt 0.993164 0.624268
vt 0.964844 0.593994
vt 0.962891 0.563232
vt 0.962891 0.578613
vt 0.944336 0.547852
vt 0.944336 0.563232
vt 0.962402 0.593750
vt 0.944336 0.532715
vt 0.944336 0.578613
vt 0.944336 0.517822
vt 0.925781 0.547852
vt 0.944336 0.503174
vt 0.925293 0.532715
vt 0.925293 0.517822
vt 0.944336 0.489258
vt 0.924805 0.503174
vt 0.922852 0.517822
vt 0.922852 0.532715
vt 0.916504 0.532715
vt 0.923340 0.547852
vt 0.916504 0.547852
vt 0.896973 0.549316
vt 0.916504 0.563232
vt 0.896484 0.572021
vt 0.923340 0.563232
vt 0.916992 0.578613
vt 0.895996 0.589600
vt 0.925781 0.563232
vt 0.923828 0.578613
vt 0.916992 0.593994
vt 0.895996 0.609375
vt 0.925781 0.578613
vt 0.923828 0.593994
vt 0.917480 0.609131
vt 0.895508 0.624268
vt 0.926270 0.593750
vt 0.924316 0.609131
vt 0.944336 0.593750
vt 0.926758 0.608887
vt 0.961914 0.608887
vt 0.944336 0.608887
vt 0.964355 0.609131
vt 0.961426 0.624023
vt 0.927246 0.624023
vt 0.970703 0.624268
vt 0.963867 0.624268
vt 0.970703 0.638184
vt 0.992676 0.638916
vt 0.961426 0.638184
vt 0.970215 0.652344
vt 0.992188 0.657471
vt 0.963867 0.638184
vt 0.970215 0.666504
vt 0.991211 0.688965
vt 0.963379 0.652588
vt 0.961426 0.652344
vt 0.944336 0.624023
vt 0.944336 0.638184
vt 0.927246 0.638184
vt 0.924805 0.624268
vt 0.927734 0.652344
vt 0.917969 0.624268
vt 0.924805 0.638184
vt 0.917969 0.638184
vt 0.895996 0.638916
vt 0.918457 0.652344
vt 0.896484 0.657471
vt 0.925293 0.652588
vt 0.918457 0.666504
vt 0.897461 0.688965
vt 0.927734 0.666504
vt 0.918945 0.680664
vt 0.925293 0.666504
vt 0.918945 0.694824
vt 0.898438 0.708984
vt 0.925781 0.680664
vt 0.928223 0.680664
vt 0.944336 0.652344
vt 0.944336 0.666504
vt 0.960938 0.666504
vt 0.944336 0.680664
vt 0.963379 0.666504
vt 0.960449 0.680664
vt 0.969727 0.680664
vt 0.962891 0.680664
vt 0.969727 0.694824
vt 0.990234 0.708984
vt 0.960449 0.694824
vt 0.962891 0.694824
vt 0.969238 0.709961
vt 0.969238 0.725342
vt 0.989258 0.728027
vt 0.962402 0.709961
vt 0.959961 0.709717
vt 0.968750 0.740723
vt 0.988770 0.746094
vt 0.962402 0.725342
vt 0.968750 0.756104
vt 0.987305 0.766357
vt 0.961914 0.740723
vt 0.959961 0.725098
vt 0.959961 0.740479
vt 0.961914 0.756104
vt 0.968262 0.771484
vt 0.985840 0.786133
vt 0.959473 0.755859
vt 0.967773 0.785522
vt 0.961426 0.771484
vt 0.958984 0.771362
vt 0.968262 0.799683
vt 0.982910 0.805420
vt 0.961426 0.785645
vt 0.967773 0.811157
vt 0.979980 0.824219
vt 0.961426 0.799805
vt 0.958984 0.785522
vt 0.958984 0.799683
vt 0.960938 0.811401
vt 0.958984 0.811279
vt 0.967773 0.822754
vt 0.967773 0.833008
vt 0.975586 0.842529
vt 0.960938 0.822998
vt 0.958496 0.822998
vt 0.968262 0.843384
vt 0.973145 0.853638
vt 0.967773 0.854004
vt 0.961426 0.852783
vt 0.966309 0.859131
vt 0.960938 0.843384
vt 0.958984 0.853760
vt 0.958984 0.856567
vt 0.944336 0.855957
vt 0.960938 0.833130
vt 0.958496 0.843506
vt 0.958496 0.833130
vt 0.944336 0.853882
vt 0.944336 0.833252
vt 0.944336 0.843628
vt 0.929688 0.853760
vt 0.929688 0.856567
vt 0.922363 0.859131
vt 0.930176 0.843506
vt 0.927246 0.852783
vt 0.920898 0.854004
vt 0.927734 0.843384
vt 0.920410 0.843384
vt 0.915527 0.853638
vt 0.912598 0.842529
vt 0.920898 0.833008
vt 0.908691 0.824219
vt 0.927734 0.833130
vt 0.930176 0.833130
vt 0.927734 0.822998
vt 0.920898 0.822754
vt 0.920898 0.811157
vt 0.905762 0.805420
vt 0.927734 0.811401
vt 0.930176 0.822998
vt 0.944336 0.822998
vt 0.944336 0.811401
vt 0.929688 0.811279
vt 0.944336 0.799683
vt 0.927246 0.799805
vt 0.929688 0.799683
vt 0.944336 0.785522
vt 0.920410 0.799683
vt 0.902832 0.786133
vt 0.944336 0.771362
vt 0.920898 0.785522
vt 0.927246 0.785645
vt 0.920410 0.771484
vt 0.901367 0.766357
vt 0.927246 0.771484
vt 0.929688 0.785522
vt 0.929688 0.771362
vt 0.926758 0.756104
vt 0.919922 0.756104
vt 0.899902 0.745850
vt 0.944336 0.755859
vt 0.929199 0.755859
vt 0.944336 0.740479
vt 0.926758 0.740723
vt 0.928711 0.740479
vt 0.944336 0.725098
vt 0.919922 0.740723
vt 0.899414 0.728027
vt 0.926270 0.725342
vt 0.919434 0.725342
vt 0.928711 0.725098
vt 0.926270 0.709961
vt 0.919434 0.709961
vt 0.925781 0.694824
vt 0.928711 0.709717
vt 0.944336 0.709717
vt 0.928223 0.694824
vt 0.944336 0.694824
vt 0.577148 0.292480
vt 0.567383 0.290527
vt 0.577148 0.290039
vt 0.586426 0.290527
vt 0.567871 0.292969
vt 0.558105 0.291992
vt 0.585938 0.292969
vt 0.595703 0.291992
vt 0.558594 0.293945
vt 0.548828 0.293945
vt 0.595215 0.293945
vt 0.604980 0.293945
vt 0.549805 0.296387
vt 0.540039 0.296875
vt 0.604492 0.296387
vt 0.613770 0.296875
vt 0.541016 0.299316
vt 0.531250 0.300781
vt 0.612793 0.299316
vt 0.622559 0.300781
vt 0.532715 0.303223
vt 0.523438 0.305664
vt 0.621582 0.303223
vt 0.630371 0.305664
vt 0.524414 0.307617
vt 0.515625 0.311035
vt 0.629395 0.307617
vt 0.638184 0.311035
vt 0.517090 0.312988
vt 0.508789 0.316895
vt 0.636719 0.312988
vt 0.645020 0.316895
vt 0.510254 0.318848
vt 0.502441 0.323730
vt 0.643555 0.318848
vt 0.651367 0.323730
vt 0.503906 0.325195
vt 0.496582 0.331055
vt 0.649902 0.325195
vt 0.657227 0.331055
vt 0.498535 0.332520
vt 0.491699 0.338867
vt 0.655273 0.332520
vt 0.662109 0.338867
vt 0.493652 0.340332
vt 0.487549 0.347168
vt 0.660156 0.340332
vt 0.666016 0.347168
vt 0.489746 0.348145
vt 0.484375 0.355957
vt 0.664062 0.348145
vt 0.669434 0.355957
vt 0.486572 0.356445
vt 0.481934 0.364746
vt 0.666992 0.356445
vt 0.671875 0.364746
vt 0.484375 0.365234
vt 0.480713 0.373535
vt 0.669434 0.365234
vt 0.673340 0.373535
vt 0.482910 0.374023
vt 0.480225 0.382812
vt 0.670898 0.374023
vt 0.673828 0.382812
vt 0.482422 0.382812
vt 0.671387 0.382812
vt 0.482910 0.391602
vt 0.480713 0.392090
vt 0.670898 0.391602
vt 0.673340 0.392090
vt 0.484375 0.400391
vt 0.481934 0.400879
vt 0.669434 0.400391
vt 0.671875 0.400879
vt 0.486572 0.409180
vt 0.484375 0.409668
vt 0.667480 0.409180
vt 0.669434 0.409668
vt 0.489258 0.416992
vt 0.487061 0.417969
vt 0.664551 0.416992
vt 0.666504 0.417969
vt 0.492188 0.424316
vt 0.490234 0.425293
vt 0.661621 0.424316
vt 0.663574 0.425293
vt 0.496826 0.432617
vt 0.494873 0.434082
vt 0.657227 0.432617
vt 0.658691 0.434082
vt 0.501465 0.440430
vt 0.500488 0.442383
vt 0.503906 0.444824
vt 0.652344 0.440430
vt 0.653809 0.442383
vt 0.649902 0.444824
vt 0.504395 0.442383
vt 0.514648 0.444336
vt 0.649414 0.442383
vt 0.639160 0.444336
vt 0.514648 0.442871
vt 0.523438 0.445312
vt 0.639160 0.442871
vt 0.630371 0.445312
vt 0.523438 0.443848
vt 0.531250 0.446777
vt 0.630371 0.443848
vt 0.622559 0.446777
vt 0.531738 0.444824
vt 0.537109 0.448242
vt 0.622070 0.444824
vt 0.616699 0.448242
vt 0.538086 0.446289
vt 0.616211 0.446289
vt 0.542480 0.447266
vt 0.541992 0.449707
vt 0.611328 0.447266
vt 0.611816 0.449707
vt 0.547363 0.448730
vt 0.546387 0.450684
vt 0.606445 0.448730
vt 0.607422 0.450684
vt 0.551758 0.450195
vt 0.551270 0.452148
vt 0.602051 0.450195
vt 0.602539 0.452148
vt 0.557129 0.452148
vt 0.556641 0.454102
vt 0.596680 0.452148
vt 0.597168 0.454102
vt 0.562012 0.453613
vt 0.561523 0.455566
vt 0.591797 0.453613
vt 0.592285 0.455566
vt 0.568848 0.454102
vt 0.568848 0.456543
vt 0.584961 0.454102
vt 0.584961 0.456543
vt 0.577148 0.454590
vt 0.577148 0.457031
vt 0.577148 0.382812
vt 0.869141 0.788696
vt 0.869629 0.793579
vt 0.866699 0.791138
vt 0.864258 0.788330
vt 0.874023 0.791992
vt 0.873047 0.795288
vt 0.876465 0.796387
vt 0.865723 0.783691
vt 0.862793 0.785034
vt 0.861328 0.781494
vt 0.871094 0.786621
vt 0.879883 0.793213
vt 0.879883 0.796631
vt 0.883789 0.796387
vt 0.875488 0.789307
vt 0.885742 0.791992
vt 0.887207 0.795288
vt 0.890625 0.793579
vt 0.879883 0.790283
vt 0.890625 0.788818
vt 0.893066 0.791260
vt 0.895508 0.788452
vt 0.884766 0.789307
vt 0.888672 0.786743
vt 0.894043 0.783813
vt 0.897461 0.785278
vt 0.898926 0.778076
vt 0.895508 0.778076
vt 0.897461 0.770874
vt 0.891602 0.782715
vt 0.894043 0.772217
vt 0.893555 0.764771
vt 0.892578 0.778076
vt 0.891113 0.767212
vt 0.887207 0.760742
vt 0.891602 0.773315
vt 0.888672 0.769287
vt 0.885742 0.763916
vt 0.880371 0.759277
vt 0.886230 0.771729
vt 0.880371 0.762817
vt 0.873047 0.760620
vt 0.884766 0.766602
vt 0.883301 0.769775
vt 0.888184 0.774658
vt 0.883789 0.774292
vt 0.889160 0.778076
vt 0.884766 0.776001
vt 0.888184 0.781372
vt 0.885254 0.777954
vt 0.886230 0.784302
vt 0.884766 0.780029
vt 0.883301 0.786133
vt 0.883789 0.781738
vt 0.879883 0.777954
vt 0.881836 0.782837
vt 0.879883 0.786865
vt 0.879883 0.783203
vt 0.876465 0.786133
vt 0.877930 0.782837
vt 0.876465 0.781616
vt 0.873535 0.784180
vt 0.868652 0.782593
vt 0.871582 0.781372
vt 0.875000 0.779907
vt 0.867676 0.777832
vt 0.864746 0.777832
vt 0.861328 0.777832
vt 0.861816 0.774170
vt 0.871094 0.777954
vt 0.866211 0.771973
vt 0.862793 0.770630
vt 0.864746 0.767334
vt 0.875000 0.777954
vt 0.875000 0.775879
vt 0.872070 0.774536
vt 0.876465 0.774292
vt 0.868652 0.773193
vt 0.874023 0.771606
vt 0.871582 0.769165
vt 0.869141 0.767090
vt 0.866699 0.764648
vt 0.869629 0.762207
vt 0.874512 0.763916
vt 0.875488 0.766602
vt 0.876465 0.769775
vt 0.880371 0.765625
vt 0.877930 0.773071
vt 0.879883 0.769043
vt 0.879883 0.772705
vt 0.882324 0.773071
vt 0.869629 0.830811
vt 0.869629 0.835693
vt 0.866699 0.833252
vt 0.864746 0.830566
vt 0.874512 0.834106
vt 0.873047 0.837280
vt 0.866211 0.825928
vt 0.862793 0.827271
vt 0.861816 0.823730
vt 0.871582 0.828735
vt 0.880371 0.835083
vt 0.880371 0.838623
vt 0.875488 0.831421
vt 0.886230 0.833862
vt 0.887695 0.837158
vt 0.880371 0.832275
vt 0.891113 0.830566
vt 0.893555 0.833008
vt 0.884766 0.831177
vt 0.888672 0.828491
vt 0.894043 0.825562
vt 0.897461 0.826782
vt 0.895020 0.819702
vt 0.898926 0.819580
vt 0.891602 0.824463
vt 0.894043 0.813965
vt 0.896973 0.812500
vt 0.895508 0.809326
vt 0.892578 0.819702
vt 0.890625 0.809082
vt 0.893066 0.806519
vt 0.890137 0.804199
vt 0.891602 0.815063
vt 0.888672 0.811157
vt 0.885742 0.805786
vt 0.887207 0.802490
vt 0.883301 0.801514
vt 0.886230 0.813599
vt 0.879883 0.804688
vt 0.879883 0.801147
vt 0.875977 0.801514
vt 0.884766 0.808472
vt 0.883301 0.811646
vt 0.888184 0.816406
vt 0.883789 0.816162
vt 0.879883 0.811035
vt 0.881836 0.815063
vt 0.884766 0.817871
vt 0.879883 0.807617
vt 0.875000 0.808594
vt 0.874023 0.805908
vt 0.872559 0.802734
vt 0.869629 0.804443
vt 0.869141 0.809326
vt 0.866699 0.806763
vt 0.864258 0.809570
vt 0.871094 0.811279
vt 0.865723 0.814209
vt 0.862793 0.812866
vt 0.861328 0.816406
vt 0.876465 0.811768
vt 0.864746 0.820068
vt 0.861328 0.820068
vt 0.868652 0.815308
vt 0.868652 0.824707
vt 0.867676 0.820068
vt 0.873535 0.813721
vt 0.871582 0.816650
vt 0.876465 0.816284
vt 0.877930 0.815063
vt 0.875000 0.817993
vt 0.879883 0.814697
vt 0.879883 0.819946
vt 0.871094 0.820068
vt 0.875000 0.819946
vt 0.872070 0.823486
vt 0.875000 0.822021
vt 0.874023 0.826294
vt 0.876465 0.823730
vt 0.876953 0.828125
vt 0.877930 0.824829
vt 0.880371 0.828857
vt 0.879883 0.825195
vt 0.883789 0.828125
vt 0.882324 0.824707
vt 0.886230 0.826172
vt 0.883789 0.823608
vt 0.888184 0.823242
vt 0.884766 0.821899
vt 0.885254 0.819824
vt 0.889160 0.819824
vt 0.846680 0.760742
vt 0.848145 0.762573
vt 0.842773 0.764648
vt 0.845215 0.759521
vt 0.848633 0.764648
vt 0.842773 0.759155
vt 0.848145 0.766724
vt 0.840820 0.759521
vt 0.846680 0.768433
vt 0.838867 0.760742
vt 0.845215 0.769653
vt 0.837891 0.762573
vt 0.842773 0.770020
vt 0.837402 0.764648
vt 0.840820 0.769653
vt 0.837891 0.766724
vt 0.838867 0.768433
vt 0.846680 0.760742
vt 0.842773 0.764648
vt 0.848145 0.762573
vt 0.845215 0.759521
vt 0.848633 0.764648
vt 0.842773 0.759155
vt 0.848145 0.766724
vt 0.840820 0.759521
vt 0.846680 0.768433
vt 0.838867 0.760742
vt 0.845215 0.769653
vt 0.837891 0.762573
vt 0.842773 0.770020
vt 0.837402 0.764648
vt 0.840820 0.769653
vt 0.837891 0.766724
vt 0.838867 0.768433
vt 0.861328 0.382324
vt 0.878906 0.383301
vt 0.870117 0.392578
vt 0.881348 0.401367
vt 0.871582 0.374512
vt 0.854980 0.370605
vt 0.887695 0.391113
vt 0.893555 0.408203
vt 0.866211 0.365234
vt 0.850586 0.358398
vt 0.898438 0.396484
vt 0.907715 0.412598
vt 0.862793 0.354980
vt 0.849121 0.345215
vt 0.910645 0.400391
vt 0.922363 0.414062
vt 0.861816 0.344238
vt 0.850098 0.332031
vt 0.870605 0.354004
vt 0.862793 0.333496
vt 0.854004 0.319336
vt 0.869629 0.344238
vt 0.865723 0.323242
vt 0.859863 0.307129
vt 0.870605 0.333984
vt 0.870605 0.313477
vt 0.868652 0.295898
vt 0.873047 0.324219
vt 0.881348 0.335938
vt 0.877930 0.304688
vt 0.883301 0.327637
vt 0.877930 0.314941
vt 0.887207 0.320312
vt 0.887207 0.296875
vt 0.879883 0.286621
vt 0.884277 0.306152
vt 0.892578 0.313477
vt 0.897949 0.291016
vt 0.893066 0.279297
vt 0.892578 0.299316
vt 0.898926 0.308105
vt 0.910156 0.287109
vt 0.907227 0.274902
vt 0.901367 0.293945
vt 0.906250 0.304199
vt 0.922852 0.286133
vt 0.922852 0.272949
vt 0.937988 0.274902
vt 0.912109 0.290527
vt 0.914551 0.301270
vt 0.935059 0.287109
vt 0.952637 0.279297
vt 0.922852 0.289551
vt 0.947266 0.291016
vt 0.965332 0.286621
vt 0.933594 0.291016
vt 0.922852 0.300781
vt 0.943848 0.293945
vt 0.931152 0.301758
vt 0.922852 0.312988
vt 0.953125 0.299316
vt 0.938965 0.304199
vt 0.958008 0.296875
vt 0.976562 0.295898
vt 0.928711 0.313477
vt 0.967285 0.304688
vt 0.960938 0.306152
vt 0.946289 0.308105
vt 0.974609 0.313477
vt 0.985352 0.306641
vt 0.967773 0.314453
vt 0.953125 0.313477
vt 0.934570 0.315430
vt 0.939941 0.317871
vt 0.958496 0.320312
vt 0.933594 0.317383
vt 0.944336 0.322266
vt 0.938477 0.319824
vt 0.942871 0.323730
vt 0.928223 0.315430
vt 0.937012 0.322754
vt 0.932617 0.320312
vt 0.940430 0.325684
vt 0.927734 0.318848
vt 0.936035 0.323730
vt 0.922852 0.314941
vt 0.932129 0.321777
vt 0.927246 0.320312
vt 0.922852 0.318359
vt 0.917480 0.315918
vt 0.917969 0.318848
vt 0.922852 0.319824
vt 0.916992 0.313477
vt 0.911133 0.315430
vt 0.912109 0.317383
vt 0.905762 0.317871
vt 0.906738 0.319824
vt 0.913086 0.320312
vt 0.908691 0.322754
vt 0.901367 0.322266
vt 0.902832 0.323730
vt 0.904785 0.325684
vt 0.897461 0.326660
vt 0.898926 0.328125
vt 0.894531 0.332031
vt 0.896484 0.333008
vt 0.901855 0.329590
vt 0.899414 0.333984
vt 0.895020 0.338379
vt 0.906250 0.326660
vt 0.892578 0.337891
vt 0.897949 0.338867
vt 0.894531 0.343750
vt 0.880371 0.344238
vt 0.892578 0.343750
vt 0.895020 0.349609
vt 0.893066 0.350098
vt 0.881348 0.352539
vt 0.897949 0.343750
vt 0.896484 0.354492
vt 0.897949 0.348633
vt 0.899414 0.339355
vt 0.895020 0.355469
vt 0.900879 0.334473
vt 0.899414 0.343750
vt 0.903320 0.330566
vt 0.902344 0.335449
vt 0.904297 0.331543
vt 0.907227 0.328125
vt 0.901367 0.339355
vt 0.904297 0.335938
vt 0.908691 0.329590
vt 0.910645 0.325195
vt 0.909668 0.323730
vt 0.913574 0.321777
vt 0.917969 0.320312
vt 0.914551 0.323242
vt 0.915039 0.325195
vt 0.918457 0.322266
vt 0.912598 0.333496
vt 0.922852 0.321777
vt 0.922852 0.323730
vt 0.927246 0.321777
vt 0.931152 0.323242
vt 0.930664 0.325195
vt 0.935059 0.325195
vt 0.917480 0.330566
vt 0.939453 0.326660
vt 0.938477 0.328125
vt 0.943848 0.329590
vt 0.942383 0.330566
vt 0.937012 0.329590
vt 0.946289 0.327637
vt 0.945801 0.333984
vt 0.940918 0.331543
vt 0.948242 0.326660
vt 0.949219 0.333008
vt 0.944824 0.334473
vt 0.947266 0.338867
vt 0.950684 0.332031
vt 0.942871 0.335449
vt 0.961914 0.327637
vt 0.950684 0.338379
vt 0.972656 0.323730
vt 0.945801 0.339355
vt 0.979980 0.323242
vt 0.991699 0.319336
vt 0.975098 0.334473
vt 0.982910 0.333496
vt 0.995605 0.332031
vt 0.964355 0.335938
vt 0.983887 0.344238
vt 0.996582 0.345215
vt 0.976074 0.344727
vt 0.982910 0.354980
vt 0.995117 0.358398
vt 0.952637 0.337891
vt 0.979492 0.365234
vt 0.990723 0.371094
vt 0.975098 0.354980
vt 0.973633 0.375000
vt 0.983887 0.382812
vt 0.971680 0.364746
vt 0.964355 0.352539
vt 0.966309 0.383789
vt 0.975098 0.393066
vt 0.963867 0.401855
vt 0.966797 0.374023
vt 0.961914 0.360352
vt 0.958008 0.367676
vt 0.960449 0.382324
vt 0.957520 0.391113
vt 0.951172 0.409180
vt 0.952637 0.374512
vt 0.946777 0.396484
vt 0.937012 0.413086
vt 0.952637 0.388672
vt 0.946289 0.379395
vt 0.943359 0.394043
vt 0.935059 0.400391
vt 0.922852 0.401367
vt 0.933594 0.396973
vt 0.938965 0.383789
vt 0.922852 0.397949
vt 0.931152 0.385742
vt 0.934570 0.372070
vt 0.912109 0.396973
vt 0.922852 0.386719
vt 0.901367 0.393555
vt 0.914551 0.385742
vt 0.906738 0.383301
vt 0.892090 0.387695
vt 0.899414 0.379395
vt 0.884277 0.380859
vt 0.911133 0.372070
vt 0.877930 0.372559
vt 0.893066 0.374023
vt 0.905762 0.369629
vt 0.887695 0.367676
vt 0.873535 0.363281
vt 0.883789 0.360352
vt 0.897949 0.360840
vt 0.901367 0.365234
vt 0.899414 0.359375
vt 0.902832 0.363770
vt 0.906738 0.367676
vt 0.899902 0.353516
vt 0.901855 0.357910
vt 0.905273 0.361816
vt 0.912109 0.370117
vt 0.908691 0.364746
vt 0.903320 0.356934
vt 0.906250 0.360840
vt 0.913086 0.367188
vt 0.900879 0.353027
vt 0.917480 0.372070
vt 0.899414 0.348633
vt 0.902832 0.352051
vt 0.901367 0.348145
vt 0.900879 0.343750
vt 0.904785 0.355957
vt 0.902832 0.343750
vt 0.904297 0.351562
vt 0.908691 0.343750
vt 0.907227 0.359375
vt 0.908691 0.357910
vt 0.910645 0.362305
vt 0.909668 0.349121
vt 0.912598 0.354004
vt 0.914551 0.347168
vt 0.909668 0.338379
vt 0.914062 0.343750
vt 0.914551 0.340332
vt 0.916504 0.337402
vt 0.922852 0.343750
vt 0.919434 0.335449
vt 0.922852 0.329102
vt 0.922852 0.334961
vt 0.928223 0.330566
vt 0.926270 0.335449
vt 0.933105 0.333496
vt 0.929199 0.337402
vt 0.931152 0.340332
vt 0.936035 0.338379
vt 0.941406 0.335938
vt 0.931641 0.343750
vt 0.937012 0.343750
vt 0.944336 0.339355
vt 0.930664 0.347168
vt 0.942871 0.343750
vt 0.936035 0.349121
vt 0.933105 0.354004
vt 0.944824 0.343750
vt 0.929199 0.350098
vt 0.941406 0.351562
vt 0.944336 0.348145
vt 0.946289 0.343750
vt 0.942871 0.352539
vt 0.947754 0.343750
vt 0.945801 0.348633
vt 0.947266 0.348633
vt 0.951172 0.343750
vt 0.950684 0.349609
vt 0.953125 0.343750
vt 0.964844 0.344238
vt 0.952637 0.350098
vt 0.950684 0.355469
vt 0.948730 0.354980
vt 0.948242 0.360840
vt 0.946289 0.359863
vt 0.945801 0.353516
vt 0.944336 0.365723
vt 0.944824 0.353027
vt 0.943848 0.357910
vt 0.942871 0.364258
vt 0.940918 0.355957
vt 0.942383 0.356934
vt 0.940430 0.361816
vt 0.938477 0.367676
vt 0.939941 0.369629
vt 0.933594 0.370117
vt 0.936523 0.364746
vt 0.939453 0.360840
vt 0.937988 0.359375
vt 0.936035 0.363770
vt 0.937012 0.357910
vt 0.935059 0.362305
vt 0.928223 0.356934
vt 0.930176 0.362305
vt 0.931152 0.364258
vt 0.926270 0.352051
vt 0.922852 0.363770
vt 0.922852 0.357910
vt 0.922852 0.352539
vt 0.919434 0.352051
vt 0.916504 0.350098
vt 0.917480 0.356934
vt 0.915039 0.362305
vt 0.914551 0.364258
vt 0.918457 0.365234
vt 0.909668 0.363770
vt 0.913574 0.365723
vt 0.917969 0.368652
vt 0.918457 0.367188
vt 0.922852 0.365723
vt 0.922852 0.369141
vt 0.927246 0.365723
vt 0.922852 0.367676
vt 0.927246 0.367188
vt 0.931641 0.365723
vt 0.927734 0.368652
vt 0.932129 0.367188
vt 0.922852 0.372559
vt 0.928223 0.372070
vt 0.922852 0.374512
vt 0.928711 0.374023
vt 0.916992 0.374023
vt 0.878906 0.383301
vt 0.861328 0.382324
vt 0.870117 0.392578
vt 0.881348 0.401367
vt 0.871582 0.374512
vt 0.854980 0.370605
vt 0.887695 0.391113
vt 0.893555 0.408203
vt 0.866211 0.365234
vt 0.850586 0.358398
vt 0.898438 0.396484
vt 0.907715 0.412598
vt 0.862793 0.354980
vt 0.849121 0.345215
vt 0.910645 0.400391
vt 0.922363 0.414062
vt 0.861816 0.344238
vt 0.850098 0.332031
vt 0.870605 0.354004
vt 0.862793 0.333496
vt 0.854004 0.319336
vt 0.869629 0.344238
vt 0.865723 0.323242
vt 0.859863 0.307129
vt 0.870605 0.333984
vt 0.870605 0.313477
vt 0.868652 0.295898
vt 0.873047 0.324219
vt 0.881348 0.335938
vt 0.877930 0.304688
vt 0.880371 0.344238
vt 0.877930 0.314941
vt 0.887207 0.296875
vt 0.879883 0.286621
vt 0.884277 0.306152
vt 0.897949 0.291016
vt 0.893066 0.279297
vt 0.892578 0.299316
vt 0.910156 0.287109
vt 0.907227 0.274902
vt 0.901367 0.293945
vt 0.898926 0.308105
vt 0.922852 0.286133
vt 0.922852 0.272949
vt 0.937988 0.274902
vt 0.912109 0.290527
vt 0.906250 0.304199
vt 0.914551 0.301270
vt 0.922852 0.289551
vt 0.922852 0.300781
vt 0.933594 0.291016
vt 0.935059 0.287109
vt 0.952637 0.279297
vt 0.931152 0.301758
vt 0.947266 0.291016
vt 0.965332 0.286621
vt 0.943848 0.293945
vt 0.958008 0.296875
vt 0.976562 0.295898
vt 0.953125 0.299316
vt 0.938965 0.304199
vt 0.967285 0.304688
vt 0.960938 0.306152
vt 0.946289 0.308105
vt 0.974609 0.313477
vt 0.985352 0.306641
vt 0.967773 0.314453
vt 0.953125 0.313477
vt 0.979980 0.323242
vt 0.991699 0.319336
vt 0.972656 0.323730
vt 0.982910 0.333496
vt 0.995605 0.332031
vt 0.975098 0.334473
vt 0.958496 0.320312
vt 0.961914 0.327637
vt 0.983887 0.344238
vt 0.996582 0.345215
vt 0.976074 0.344727
vt 0.982910 0.354980
vt 0.995117 0.358398
vt 0.964355 0.335938
vt 0.979492 0.365234
vt 0.990723 0.371094
vt 0.975098 0.354980
vt 0.973633 0.375000
vt 0.983887 0.382812
vt 0.971680 0.364746
vt 0.966309 0.383789
vt 0.975098 0.393066
vt 0.963867 0.401855
vt 0.966797 0.374023
vt 0.957520 0.391113
vt 0.951172 0.409180
vt 0.960449 0.382324
vt 0.946777 0.396484
vt 0.937012 0.413086
vt 0.952637 0.388672
vt 0.935059 0.400391
vt 0.943359 0.394043
vt 0.946289 0.379395
vt 0.922852 0.401367
vt 0.933594 0.396973
vt 0.938965 0.383789
vt 0.922852 0.397949
vt 0.931152 0.385742
vt 0.912109 0.396973
vt 0.901367 0.393555
vt 0.914551 0.385742
vt 0.892090 0.387695
vt 0.906738 0.383301
vt 0.899414 0.379395
vt 0.884277 0.380859
vt 0.911133 0.372070
vt 0.877930 0.372559
vt 0.893066 0.374023
vt 0.905762 0.369629
vt 0.887695 0.367676
vt 0.873535 0.363281
vt 0.901367 0.365234
vt 0.881348 0.352539
vt 0.883789 0.360352
vt 0.897949 0.360840
vt 0.895020 0.355469
vt 0.893066 0.350098
vt 0.902832 0.363770
vt 0.899414 0.359375
vt 0.896484 0.354492
vt 0.906738 0.367676
vt 0.901855 0.357910
vt 0.912109 0.370117
vt 0.905273 0.361816
vt 0.908691 0.364746
vt 0.899902 0.353516
vt 0.903320 0.356934
vt 0.900879 0.353027
vt 0.897949 0.348633
vt 0.906250 0.360840
vt 0.895020 0.349609
vt 0.899414 0.348633
vt 0.892578 0.343750
vt 0.897949 0.343750
vt 0.892578 0.337891
vt 0.894531 0.343750
vt 0.899414 0.343750
vt 0.894531 0.332031
vt 0.895020 0.338379
vt 0.897949 0.338867
vt 0.883301 0.327637
vt 0.896484 0.333008
vt 0.897461 0.326660
vt 0.887207 0.320312
vt 0.898926 0.328125
vt 0.892578 0.313477
vt 0.901367 0.322266
vt 0.905762 0.317871
vt 0.902832 0.323730
vt 0.899414 0.333984
vt 0.911133 0.315430
vt 0.906738 0.319824
vt 0.916992 0.313477
vt 0.912109 0.317383
vt 0.904785 0.325684
vt 0.922852 0.312988
vt 0.908691 0.322754
vt 0.917480 0.315918
vt 0.913086 0.320312
vt 0.909668 0.323730
vt 0.901855 0.329590
vt 0.906250 0.326660
vt 0.903320 0.330566
vt 0.900879 0.334473
vt 0.907227 0.328125
vt 0.899414 0.339355
vt 0.904297 0.331543
vt 0.902344 0.335449
vt 0.901367 0.339355
vt 0.904297 0.335938
vt 0.908691 0.329590
vt 0.910645 0.325195
vt 0.913574 0.321777
vt 0.914551 0.323242
vt 0.917969 0.320312
vt 0.915039 0.325195
vt 0.918457 0.322266
vt 0.917969 0.318848
vt 0.922852 0.319824
vt 0.922852 0.314941
vt 0.922852 0.318359
vt 0.922852 0.321777
vt 0.927734 0.318848
vt 0.922852 0.323730
vt 0.927246 0.321777
vt 0.927246 0.320312
vt 0.928223 0.315430
vt 0.932617 0.320312
vt 0.928711 0.313477
vt 0.933594 0.317383
vt 0.934570 0.315430
vt 0.937012 0.322754
vt 0.939941 0.317871
vt 0.938477 0.319824
vt 0.944336 0.322266
vt 0.942871 0.323730
vt 0.948242 0.326660
vt 0.946289 0.327637
vt 0.940430 0.325684
vt 0.943848 0.329590
vt 0.950684 0.332031
vt 0.949219 0.333008
vt 0.945801 0.333984
vt 0.952637 0.337891
vt 0.950684 0.338379
vt 0.947266 0.338867
vt 0.964844 0.344238
vt 0.951172 0.343750
vt 0.964355 0.352539
vt 0.953125 0.343750
vt 0.952637 0.350098
vt 0.950684 0.349609
vt 0.947754 0.343750
vt 0.948730 0.354980
vt 0.947266 0.348633
vt 0.950684 0.355469
vt 0.961914 0.360352
vt 0.946289 0.359863
vt 0.958008 0.367676
vt 0.948242 0.360840
vt 0.952637 0.374512
vt 0.944336 0.365723
vt 0.939941 0.369629
vt 0.942871 0.364258
vt 0.938477 0.367676
vt 0.934570 0.372070
vt 0.933594 0.370117
vt 0.940430 0.361816
vt 0.936523 0.364746
vt 0.943848 0.357910
vt 0.945801 0.353516
vt 0.942383 0.356934
vt 0.944824 0.353027
vt 0.945801 0.348633
vt 0.939453 0.360840
vt 0.940918 0.355957
vt 0.937988 0.359375
vt 0.936035 0.363770
vt 0.935059 0.362305
vt 0.937012 0.357910
vt 0.942871 0.352539
vt 0.941406 0.351562
vt 0.944336 0.348145
vt 0.946289 0.343750
vt 0.944824 0.343750
vt 0.945801 0.339355
vt 0.944336 0.339355
vt 0.942871 0.343750
vt 0.942871 0.335449
vt 0.944824 0.334473
vt 0.941406 0.335938
vt 0.940918 0.331543
vt 0.942383 0.330566
vt 0.938477 0.328125
vt 0.939453 0.326660
vt 0.937012 0.329590
vt 0.935059 0.325195
vt 0.936035 0.323730
vt 0.932129 0.321777
vt 0.931152 0.323242
vt 0.930664 0.325195
vt 0.933105 0.333496
vt 0.928223 0.330566
vt 0.936035 0.338379
vt 0.929199 0.337402
vt 0.937012 0.343750
vt 0.931152 0.340332
vt 0.931641 0.343750
vt 0.936035 0.349121
vt 0.930664 0.347168
vt 0.933105 0.354004
vt 0.929199 0.350098
vt 0.928223 0.356934
vt 0.922852 0.343750
vt 0.926270 0.352051
vt 0.930176 0.362305
vt 0.922852 0.357910
vt 0.931152 0.364258
vt 0.922852 0.352539
vt 0.919434 0.352051
vt 0.922852 0.363770
vt 0.917480 0.356934
vt 0.927246 0.365723
vt 0.931641 0.365723
vt 0.932129 0.367188
vt 0.927246 0.367188
vt 0.928223 0.372070
vt 0.927734 0.368652
vt 0.928711 0.374023
vt 0.922852 0.372559
vt 0.922852 0.386719
vt 0.922852 0.374512
vt 0.916992 0.374023
vt 0.917480 0.372070
vt 0.922852 0.369141
vt 0.917969 0.368652
vt 0.913086 0.367188
vt 0.922852 0.367676
vt 0.909668 0.363770
vt 0.918457 0.367188
vt 0.922852 0.365723
vt 0.913574 0.365723
vt 0.918457 0.365234
vt 0.914551 0.364258
vt 0.915039 0.362305
vt 0.910645 0.362305
vt 0.908691 0.357910
vt 0.907227 0.359375
vt 0.904785 0.355957
vt 0.902832 0.352051
vt 0.904297 0.351562
vt 0.901367 0.348145
vt 0.912598 0.354004
vt 0.900879 0.343750
vt 0.902832 0.343750
vt 0.909668 0.349121
vt 0.908691 0.343750
vt 0.914551 0.347168
vt 0.916504 0.350098
vt 0.914062 0.343750
vt 0.909668 0.338379
vt 0.914551 0.340332
vt 0.912598 0.333496
vt 0.916504 0.337402
vt 0.917480 0.330566
vt 0.919434 0.335449
vt 0.922852 0.329102
vt 0.922852 0.334961
vt 0.926270 0.335449
vt 0.857910 0.788818
vt 0.854980 0.783813
vt 0.856934 0.783203
vt 0.853516 0.778320
vt 0.855957 0.788818
vt 0.856445 0.794556
vt 0.852539 0.779541
vt 0.854980 0.793823
vt 0.853516 0.799316
vt 0.847656 0.786865
vt 0.848145 0.788818
vt 0.846680 0.785156
vt 0.847656 0.790771
vt 0.846680 0.792358
vt 0.848145 0.776611
vt 0.845215 0.783936
vt 0.848633 0.775024
vt 0.843262 0.775513
vt 0.843262 0.783569
vt 0.843262 0.773804
vt 0.841309 0.783813
vt 0.837402 0.774902
vt 0.837891 0.776489
vt 0.839355 0.784912
vt 0.832520 0.778076
vt 0.833984 0.779297
vt 0.831055 0.783447
vt 0.829102 0.782837
vt 0.838379 0.786499
vt 0.828125 0.788452
vt 0.830078 0.788452
vt 0.837891 0.788452
vt 0.829102 0.794189
vt 0.838379 0.790405
vt 0.831055 0.793457
vt 0.832520 0.799072
vt 0.839355 0.792114
vt 0.833496 0.797729
vt 0.836914 0.802246
vt 0.840820 0.793335
vt 0.837891 0.800659
vt 0.842773 0.803467
vt 0.842773 0.801758
vt 0.842773 0.793701
vt 0.844727 0.793457
vt 0.847656 0.800781
vt 0.848633 0.802368
vt 0.852051 0.797974
vt 0.854980 0.783813
vt 0.857910 0.788818
vt 0.856934 0.783203
vt 0.853516 0.778320
vt 0.855957 0.788818
vt 0.856445 0.794556
vt 0.852539 0.779541
vt 0.854980 0.793823
vt 0.853516 0.799316
vt 0.847656 0.786865
vt 0.848145 0.788818
vt 0.846680 0.785156
vt 0.847656 0.790771
vt 0.846680 0.792358
vt 0.848145 0.776611
vt 0.845215 0.783936
vt 0.848633 0.775024
vt 0.852051 0.797974
vt 0.844727 0.793457
vt 0.848633 0.802368
vt 0.847656 0.800781
vt 0.842773 0.803467
vt 0.842773 0.801758
vt 0.842773 0.793701
vt 0.840820 0.793335
vt 0.837891 0.800659
vt 0.836914 0.802246
vt 0.833496 0.797729
vt 0.839355 0.792114
vt 0.832520 0.799072
vt 0.831055 0.793457
vt 0.838379 0.790405
vt 0.829102 0.794189
vt 0.830078 0.788452
vt 0.837891 0.788452
vt 0.828125 0.788452
vt 0.838379 0.786499
vt 0.831055 0.783447
vt 0.829102 0.782837
vt 0.839355 0.784912
vt 0.832520 0.778076
vt 0.833984 0.779297
vt 0.837891 0.776489
vt 0.841309 0.783813
vt 0.837402 0.774902
vt 0.843262 0.775513
vt 0.843262 0.783569
vt 0.843262 0.773804
vt 0.293213 0.722900
vt 0.330078 0.707520
vt 0.297852 0.732178
vt 0.328369 0.702393
vt 0.290039 0.712891
vt 0.332520 0.712158
vt 0.303711 0.740967
vt 0.327393 0.697266
vt 0.287842 0.702637
vt 0.330322 0.701904
vt 0.327148 0.692139
vt 0.287109 0.692139
vt 0.329346 0.697021
vt 0.329102 0.692139
vt 0.327393 0.686768
vt 0.287842 0.681641
vt 0.329346 0.687012
vt 0.328369 0.681641
vt 0.289795 0.671387
vt 0.330322 0.682129
vt 0.330078 0.676758
vt 0.293213 0.661621
vt 0.331787 0.677490
vt 0.332520 0.672119
vt 0.297852 0.652100
vt 0.334229 0.672852
vt 0.335449 0.667725
vt 0.303711 0.643311
vt 0.336914 0.668701
vt 0.338867 0.663574
vt 0.310547 0.635498
vt 0.340088 0.665039
vt 0.342773 0.660156
vt 0.318359 0.628662
vt 0.343994 0.661621
vt 0.347168 0.657227
vt 0.327148 0.622803
vt 0.348145 0.658936
vt 0.351807 0.655029
vt 0.336670 0.618164
vt 0.352539 0.656738
vt 0.356934 0.653320
vt 0.346436 0.614746
vt 0.357422 0.655029
vt 0.362061 0.652344
vt 0.356689 0.612793
vt 0.362305 0.654053
vt 0.367188 0.651855
vt 0.367188 0.612061
vt 0.367188 0.653809
vt 0.372559 0.652344
vt 0.377686 0.612793
vt 0.372314 0.654053
vt 0.377686 0.653320
vt 0.387939 0.614746
vt 0.377197 0.655029
vt 0.382568 0.655029
vt 0.397949 0.618164
vt 0.381836 0.656738
vt 0.387451 0.657227
vt 0.407227 0.622803
vt 0.386475 0.658936
vt 0.391846 0.660156
vt 0.416016 0.628418
vt 0.390625 0.661621
vt 0.395752 0.663574
vt 0.423828 0.635498
vt 0.394287 0.665039
vt 0.399170 0.667725
vt 0.430664 0.643311
vt 0.397705 0.668701
vt 0.402100 0.672119
vt 0.436523 0.652100
vt 0.400391 0.672852
vt 0.404297 0.676758
vt 0.441162 0.661377
vt 0.402588 0.677490
vt 0.406006 0.681641
vt 0.444580 0.671387
vt 0.404297 0.682129
vt 0.407227 0.686768
vt 0.446777 0.681641
vt 0.405273 0.687012
vt 0.407471 0.692139
vt 0.447266 0.692139
vt 0.405518 0.692139
vt 0.407227 0.697266
vt 0.446777 0.702393
vt 0.405273 0.697021
vt 0.406006 0.702393
vt 0.444580 0.712891
vt 0.404297 0.701904
vt 0.404297 0.707520
vt 0.441406 0.722656
vt 0.402588 0.706787
vt 0.402100 0.712158
vt 0.436768 0.732178
vt 0.400391 0.711182
vt 0.399170 0.716553
vt 0.430908 0.740723
vt 0.397705 0.715332
vt 0.395752 0.720459
vt 0.424072 0.748779
vt 0.394287 0.719238
vt 0.391846 0.723877
vt 0.416016 0.755615
vt 0.390625 0.722412
vt 0.387451 0.726807
vt 0.407471 0.761475
vt 0.386475 0.725342
vt 0.382568 0.729248
vt 0.397949 0.766113
vt 0.381836 0.727539
vt 0.377686 0.730957
vt 0.388184 0.769409
vt 0.377197 0.729004
vt 0.372559 0.731934
vt 0.377686 0.771484
vt 0.372314 0.729980
vt 0.367188 0.732178
vt 0.367432 0.772217
vt 0.367188 0.730469
vt 0.362061 0.731934
vt 0.356934 0.771484
vt 0.362305 0.729980
vt 0.356934 0.730957
vt 0.346680 0.769531
vt 0.357422 0.729004
vt 0.351807 0.729248
vt 0.336670 0.766113
vt 0.352539 0.727539
vt 0.347168 0.726807
vt 0.327393 0.761475
vt 0.348145 0.725342
vt 0.342773 0.723877
vt 0.318604 0.755737
vt 0.343994 0.722412
vt 0.338867 0.720459
vt 0.310791 0.748779
vt 0.340088 0.719238
vt 0.335449 0.716553
vt 0.336914 0.715332
vt 0.334229 0.711182
vt 0.331787 0.706787
vt 0.367188 0.692139
vn -0.0118 0.9999 0.0039
vn 0.0991 -0.8441 -0.5270
vn -0.3691 -0.7104 -0.5993
vn -0.6639 -0.5208 -0.5367
vn -0.0912 -0.8447 -0.5274
vn 0.6683 -0.5180 -0.5338
vn 0.3759 -0.7083 -0.5975
vn 0.0039 -0.9577 -0.2877
vn 0.0040 -0.9494 -0.3139
vn 0.2964 -0.9129 -0.2806
vn 0.3758 -0.9205 -0.1067
vn 0.6036 -0.7930 -0.0828
vn 0.6279 -0.7778 0.0276
vn 0.8295 -0.5544 0.0670
vn 0.7868 -0.5754 0.2231
vn 0.9592 -0.1918 0.2075
vn 0.7031 -0.4908 0.5146
vn 0.7847 -0.1911 0.5896
vn 0.8273 -0.0353 0.5607
vn 0.6300 0.1448 0.7630
vn 0.6272 0.0741 0.7754
vn 0.3626 0.2380 0.9010
vn 0.2707 0.1767 0.9463
vn 0.0039 0.4983 0.8670
vn 0.0038 0.0118 0.9999
vn -0.2635 0.1771 0.9483
vn -0.3559 0.2386 0.9035
vn -0.6252 0.1454 0.7668
vn -0.6225 0.0744 0.7791
vn -0.8247 -0.0355 0.5644
vn -0.7817 -0.1924 0.5932
vn -0.9586 -0.1933 0.2092
vn -0.6990 -0.4935 0.5175
vn -0.7838 -0.5790 0.2245
vn -0.8270 -0.5581 0.0675
vn -0.6230 -0.7817 0.0277
vn -0.5985 -0.7968 -0.0832
vn -0.3690 -0.9233 -0.1070
vn -0.2892 -0.9150 -0.2813
vn 0.0040 -0.9577 -0.2877
vn -0.2891 -0.9150 -0.2813
vn -0.9586 -0.1934 0.2090
vn -0.7817 -0.1923 0.5933
vn -0.8248 -0.0355 0.5643
vn -0.6252 0.1455 0.7668
vn -0.6224 0.0744 0.7791
vn -0.3559 0.2386 0.9036
vn -0.2635 0.1770 0.9483
vn 0.0039 0.0118 0.9999
vn 0.6299 0.1447 0.7631
vn 0.7847 -0.1913 0.5896
vn 0.9592 -0.1919 0.2074
vn 0.8295 -0.5545 0.0670
vn 0.6278 -0.7778 0.0276
vn 0.3758 -0.9205 -0.1066
vn 0.2965 -0.9129 -0.2806
vn 0.0039 -0.6155 0.7881
vn -0.0589 -0.1610 0.9852
vn 0.0039 0.3949 0.9187
vn -0.0981 0.3730 0.9226
vn 0.0039 0.2855 0.9584
vn -0.5000 -0.2165 0.8385
vn -0.1134 0.2621 0.9584
vn 0.0039 0.1139 0.9935
vn -0.2317 0.3889 0.8917
vn -0.0978 0.5439 0.8334
vn 0.0039 0.7948 0.6069
vn -0.1294 0.1215 0.9841
vn -0.2465 0.2543 0.9352
vn -0.2474 0.1139 0.9622
vn -0.1452 0.7341 0.6634
vn -0.2461 0.6369 0.7306
vn -0.4202 0.1217 0.8992
vn -0.2792 0.7354 0.6174
vn -0.4266 0.5205 0.7397
vn -0.3960 0.2549 0.8822
vn -0.5924 0.1216 0.7964
vn -0.3893 0.7354 0.5546
vn -0.5067 0.6403 0.5774
vn -0.5617 0.2475 0.7895
vn -0.3803 0.3803 0.8430
vn -0.5388 0.3815 0.7511
vn -0.7263 0.1060 0.6792
vn -0.4912 0.7349 0.4676
vn -0.6076 0.6311 0.4822
vn -0.7123 0.2243 0.6651
vn -0.8324 0.1223 0.5405
vn -0.6614 0.6223 0.4188
vn -0.6873 0.3574 0.6323
vn -0.8151 0.2638 0.5158
vn -0.9957 0.0197 0.0905
vn -0.6551 0.7415 0.1452
vn -0.8340 0.5494 -0.0514
vn -0.9941 -0.0594 -0.0911
vn -0.9977 0.0513 -0.0434
vn -0.5929 0.7735 0.2238
vn -0.9958 -0.0912 0.0040
vn -0.9781 -0.0752 -0.1940
vn -0.9362 0.1620 0.3121
vn -0.6748 0.7143 0.1855
vn -0.9690 -0.2096 -0.1305
vn -0.9863 -0.1466 0.0753
vn -0.8016 0.3593 0.4778
vn -0.9469 -0.3209 0.0198
vn -0.9586 -0.2091 0.1933
vn -0.9121 -0.3830 0.1461
vn -0.6506 0.4613 0.6033
vn -0.8689 0.3578 0.3421
vn -0.5136 0.4822 0.7097
vn -0.7503 0.4675 0.4675
vn -0.3566 0.4898 0.7955
vn -0.6007 0.5614 0.5692
vn -0.4664 0.5682 0.6779
vn -0.2545 0.4895 0.8341
vn -0.7759 0.3269 0.5396
vn -0.3346 0.5786 0.7439
vn -0.2472 0.5845 0.7728
vn -0.8455 0.3185 0.4286
vn -0.4337 0.6526 0.6213
vn -0.2945 0.6558 0.6951
vn -0.2465 0.6533 0.7159
vn -0.8707 0.3191 0.3743
vn -0.8455 0.3815 0.3736
vn -0.2853 0.7230 0.6292
vn -0.7766 0.5007 0.3824
vn -0.2627 0.7961 0.5451
vn -0.7686 0.5400 0.3429
vn -0.4049 0.7272 0.5543
vn -0.2400 0.8460 0.4761
vn -0.7600 0.5789 0.2953
vn -0.3575 0.7895 0.4988
vn -0.5562 0.6509 0.5168
vn -0.2148 0.8864 0.4100
vn -0.8342 0.5100 0.2095
vn -0.3104 0.8447 0.4361
vn -0.2309 0.9199 0.3170
vn -0.8313 0.5319 0.1615
vn -0.2783 0.8820 0.3802
vn -0.4508 0.7879 0.4194
vn -0.3962 0.8356 0.3805
vn -0.5087 0.7218 0.4693
vn -0.3326 0.8882 0.3170
vn -0.5368 0.7718 0.3408
vn -0.5926 0.7181 0.3650
vn -0.6469 0.6469 0.4038
vn -0.7031 0.5617 0.4360
vn -0.7172 0.6389 0.2783
vn -0.8236 0.4689 0.3192
vn -0.7768 0.5560 0.2957
vn -0.6556 0.7106 0.2552
vn -0.8166 0.5563 0.1539
vn -0.8721 0.4617 0.1618
vn -0.7606 0.6345 0.1379
vn -0.9155 0.3575 0.1847
vn -0.8789 0.4769 0.0039
vn -0.9204 0.3911 0.0040
vn -0.8216 0.5700 0.0039
vn -0.6892 0.7128 0.1300
vn -0.7601 0.6498 0.0039
vn -0.8176 0.5569 -0.1461
vn -0.7614 0.6351 -0.1302
vn -0.4611 0.8394 0.2877
vn -0.5232 0.8301 0.1928
vn -0.3960 0.8822 0.2549
vn -0.2949 0.9162 0.2713
vn -0.6191 0.7769 0.1144
vn -0.2152 0.9508 0.2230
vn -0.6737 0.7288 0.1221
vn -0.3246 0.9192 0.2230
vn -0.2550 0.9535 0.1608
vn -0.4598 0.8686 0.1847
vn -0.3641 0.9200 0.1448
vn -0.2000 0.9763 0.0824
vn -0.6578 0.7524 0.0355
vn -0.2932 0.9502 0.1056
vn -0.5610 0.8200 0.1138
vn -0.4746 0.8747 0.0981
vn -0.3900 0.9178 0.0748
vn -0.3015 0.9516 0.0587
vn -0.2080 0.9775 0.0353
vn -0.3816 0.9243 0.0039
vn -0.1840 0.9829 0.0039
vn -0.8216 0.5700 0.0118
vn -0.2877 0.9577 0.0039
vn -0.2080 0.9772 -0.0432
vn -0.6860 0.7252 -0.0588
vn -0.3112 0.9494 -0.0433
vn -0.2791 0.9552 -0.0983
vn -0.3902 0.9183 -0.0670
vn -0.4613 0.8872 0.0040
vn -0.2483 0.9577 -0.1458
vn -0.7608 0.6426 -0.0907
vn -0.5556 0.8314 0.0039
vn -0.4750 0.8753 -0.0903
vn -0.3645 0.9210 -0.1372
vn -0.6281 0.7782 0.0040
vn -0.5615 0.8207 -0.1060
vn -0.4605 0.8698 -0.1771
vn -0.6952 0.7188 0.0039
vn -0.6197 0.7776 -0.1066
vn -0.6899 0.7135 -0.1222
vn -0.5224 0.8288 -0.2003
vn -0.5852 0.7816 -0.2160
vn -0.6569 0.7120 -0.2478
vn -0.7188 0.6402 -0.2710
vn -0.5320 0.7842 -0.3192
vn -0.5942 0.7202 -0.3581
vn -0.4683 0.8382 -0.2794
vn -0.4119 0.8748 -0.2550
vn -0.3986 0.8405 -0.3670
vn -0.3327 0.9199 -0.2075
vn -0.3488 0.8818 -0.3174
vn -0.3027 0.9160 -0.2634
vn -0.2234 0.9523 -0.2077
vn -0.7626 0.6283 -0.1541
vn -0.2389 0.9204 -0.3094
vn -0.6898 0.6741 -0.2641
vn -0.2791 0.8846 -0.3735
vn -0.2163 0.8847 -0.4129
vn -0.8332 0.5015 -0.2330
vn -0.3114 0.8476 -0.4297
vn -0.2326 0.8476 -0.4770
vn -0.7680 0.5553 -0.3190
vn -0.4524 0.7905 -0.4128
vn -0.3589 0.7926 -0.4930
vn -0.2628 0.7961 -0.5451
vn -0.7750 0.5153 -0.3659
vn -0.5106 0.7244 -0.4631
vn -0.4066 0.7304 -0.5488
vn -0.2865 0.7338 -0.6161
vn -0.8426 0.4075 -0.3521
vn -0.6489 0.6489 -0.3972
vn -0.5585 0.6535 -0.5109
vn -0.4359 0.6557 -0.6165
vn -0.2874 0.6654 -0.6890
vn -0.8670 0.3444 -0.3602
vn -0.7150 0.4227 -0.5570
vn -0.3350 0.5871 -0.7369
vn -0.6033 0.5639 -0.5639
vn -0.2330 0.5015 -0.8332
vn -0.5735 -0.0277 -0.8187
vn -0.4688 0.5713 -0.6737
vn -0.3657 0.4915 -0.7904
vn -0.5165 0.4849 -0.7057
vn -0.1148 0.4709 -0.8747
vn -0.0752 -0.2890 -0.9544
vn 0.0040 0.1381 -0.9904
vn 0.0039 0.4675 -0.8840
vn -0.2261 0.4085 -0.8843
vn -0.0827 0.4058 -0.9102
vn 0.0039 0.3977 -0.9175
vn 0.0040 -0.2248 -0.9744
vn -0.1230 -0.0913 -0.9882
vn -0.0832 -0.3763 -0.9228
vn 0.0039 -0.3043 -0.9526
vn 0.0040 0.1855 -0.9826
vn -0.2650 -0.2255 -0.9375
vn -0.3898 0.3976 -0.8307
vn -0.2487 -0.3039 -0.9197
vn -0.4146 -0.3277 -0.8490
vn -0.5403 0.3904 -0.7454
vn -0.1149 0.1704 -0.9787
vn 0.0040 0.5017 -0.8651
vn -0.0433 0.7911 -0.6101
vn -0.1377 0.6804 -0.7198
vn -0.2729 0.1780 -0.9454
vn -0.2159 0.7575 -0.6162
vn -0.4017 -0.1948 -0.8948
vn -0.4391 0.1701 -0.8822
vn -0.3121 0.6913 -0.6518
vn -0.3590 0.6982 -0.6193
vn -0.5367 -0.3141 -0.7832
vn -0.5898 0.1781 -0.7877
vn -0.3588 0.7926 -0.4929
vn -0.4776 0.6986 -0.5328
vn -0.5980 -0.2416 -0.7643
vn -0.7108 -0.2343 -0.6632
vn -0.7249 0.1624 -0.6694
vn -0.4514 0.7905 -0.4139
vn -0.5154 0.7672 -0.3817
vn -0.8348 0.1622 -0.5262
vn -0.5244 0.7925 -0.3115
vn -0.7327 0.5822 -0.3525
vn -0.9192 0.1617 -0.3590
vn -0.5711 0.7917 -0.2166
vn -0.6939 0.6940 -0.1921
vn -0.8142 -0.3138 -0.4885
vn -0.6956 -0.3696 -0.6161
vn -0.9691 0.1622 -0.1859
vn -0.5296 0.8434 -0.0902
vn -0.7137 0.6979 -0.0592
vn -0.8911 -0.3129 -0.3287
vn -0.8243 -0.2485 -0.5088
vn -0.6846 0.3680 -0.6292
vn -0.9053 -0.2491 -0.3440
vn -0.6537 0.4635 -0.5982
vn -0.7888 0.3845 -0.4796
vn -0.7530 0.4770 -0.4534
vn -0.8665 0.3759 -0.3284
vn -0.7055 0.5636 -0.4296
vn -0.8256 0.4701 -0.3121
vn -0.7786 0.5573 -0.2885
vn -0.8732 0.4623 -0.1541
vn -0.9126 0.3753 -0.1620
vn -0.9878 -0.1547 0.0198
vn -0.9521 -0.2489 -0.1778
vn -0.9362 -0.3120 -0.1619
vn -0.9059 -0.4233 -0.0119
vn -0.9866 0.1625 0.0119
vn -0.7227 0.6911 0.0119
vn -0.7051 0.7051 0.0748
vn -0.9449 -0.2965 0.1384
vn -0.9664 0.1696 0.1933
vn -0.5883 0.8016 0.1066
vn -0.9316 -0.3290 0.1546
vn -0.9320 -0.2895 0.2181
vn -0.9500 -0.2168 0.2247
vn -0.8992 -0.3921 0.1941
vn -0.9191 -0.3432 0.1933
vn 0.0667 -0.1609 0.9847
vn 0.1059 0.3727 0.9219
vn 0.5058 -0.2157 0.8352
vn 0.1211 0.2618 0.9575
vn 0.2392 0.3881 0.8900
vn 0.1056 0.5435 0.8328
vn 0.1371 0.1214 0.9831
vn 0.2539 0.2538 0.9333
vn 0.2547 0.1137 0.9603
vn 0.1523 0.7332 0.6628
vn 0.2535 0.6356 0.7292
vn 0.4266 0.1213 0.8963
vn 0.2864 0.7338 0.6160
vn 0.4329 0.5188 0.7372
vn 0.4026 0.2541 0.8794
vn 0.5974 0.1211 0.7927
vn 0.3960 0.7332 0.5528
vn 0.5125 0.6377 0.5751
vn 0.5670 0.2464 0.7860
vn 0.3869 0.3792 0.8405
vn 0.5443 0.3798 0.7480
vn 0.7161 0.2231 0.6614
vn 0.7300 0.1054 0.6753
vn 0.4972 0.7320 0.4658
vn 0.6125 0.6281 0.4799
vn 0.8348 0.1215 0.5369
vn 0.6658 0.6190 0.4166
vn 0.6914 0.3555 0.6289
vn 0.8177 0.2621 0.5125
vn 0.9958 0.0195 0.0898
vn 0.6596 0.7376 0.1444
vn 0.8364 0.5458 -0.0510
vn 0.9942 -0.0589 -0.0904
vn 0.9978 0.0509 -0.0430
vn 0.5980 0.7699 0.2228
vn 0.9959 -0.0905 0.0039
vn 0.9784 -0.0747 -0.1926
vn 0.9371 0.1608 0.3098
vn 0.6791 0.7105 0.1845
vn 0.9695 -0.2080 -0.1295
vn 0.9865 -0.1454 0.0747
vn 0.8044 0.3571 0.4748
vn 0.9477 -0.3185 0.0197
vn 0.9592 -0.2075 0.1918
vn 0.9134 -0.3803 0.1450
vn 0.6551 0.4589 0.6002
vn 0.8708 0.3554 0.3397
vn 0.5194 0.4803 0.7068
vn 0.7537 0.4647 0.4647
vn 0.6056 0.5588 0.5666
vn 0.3634 0.4885 0.7933
vn 0.4724 0.5661 0.6755
vn 0.2618 0.4885 0.8324
vn 0.7790 0.3249 0.5363
vn 0.3415 0.5770 0.7419
vn 0.2545 0.5834 0.7713
vn 0.8477 0.3164 0.4258
vn 0.4400 0.6503 0.6192
vn 0.3017 0.6543 0.6935
vn 0.2538 0.6520 0.7145
vn 0.8726 0.3169 0.3717
vn 0.8477 0.3790 0.3711
vn 0.2924 0.7214 0.6278
vn 0.7797 0.4976 0.3801
vn 0.2700 0.7945 0.5440
vn 0.7718 0.5367 0.3409
vn 0.4114 0.7249 0.5525
vn 0.2475 0.8444 0.4752
vn 0.7633 0.5754 0.2936
vn 0.3643 0.7873 0.4974
vn 0.5616 0.6480 0.5145
vn 0.2222 0.8849 0.4093
vn 0.8366 0.5067 0.2082
vn 0.3175 0.8426 0.4350
vn 0.2383 0.9182 0.3165
vn 0.8337 0.5284 0.1605
vn 0.2855 0.8801 0.3794
vn 0.2226 0.9491 0.2226
vn 0.6780 0.7250 0.1215
vn 0.3395 0.8859 0.3161
vn 0.3021 0.9140 0.2707
vn 0.4028 0.8330 0.3793
vn 0.4570 0.7852 0.4179
vn 0.4673 0.8364 0.2866
vn 0.5146 0.7188 0.4674
vn 0.5423 0.7686 0.3394
vn 0.5976 0.7148 0.3633
vn 0.6514 0.6436 0.4018
vn 0.7071 0.5586 0.4336
vn 0.7210 0.6353 0.2767
vn 0.8261 0.4659 0.3171
vn 0.7799 0.5526 0.2940
vn 0.6601 0.7070 0.2539
vn 0.8192 0.5527 0.1529
vn 0.5980 0.7700 0.2228
vn 0.7639 0.6306 0.1371
vn 0.6933 0.7090 0.1293
vn 0.5289 0.8267 0.1920
vn 0.6240 0.7731 0.1138
vn 0.7634 0.6459 0.0039
vn 0.4026 0.8794 0.2541
vn 0.3316 0.9168 0.2224
vn 0.4660 0.8654 0.1841
vn 0.2623 0.9515 0.1606
vn 0.3709 0.9174 0.1445
vn 0.5664 0.8163 0.1133
vn 0.4807 0.8714 0.0977
vn 0.3004 0.9480 0.1053
vn 0.2075 0.9748 0.0822
vn 0.6622 0.7485 0.0353
vn 0.3966 0.9150 0.0746
vn 0.3086 0.9494 0.0586
vn 0.2155 0.9759 0.0353
vn 0.1916 0.9815 0.0039
vn 0.8241 0.5663 0.0117
vn 0.2949 0.9555 0.0039
vn 0.2155 0.9756 -0.0431
vn 0.6901 0.7213 -0.0585
vn 0.3882 0.9216 0.0039
vn 0.3183 0.9470 -0.0432
vn 0.2863 0.9531 -0.0981
vn 0.4675 0.8840 0.0039
vn 0.3968 0.9155 -0.0668
vn 0.5610 0.8278 0.0039
vn 0.4810 0.8721 -0.0900
vn 0.3713 0.9184 -0.1368
vn 0.2557 0.9558 -0.1455
vn 0.7641 0.6387 -0.0901
vn 0.4666 0.8667 -0.1765
vn 0.2309 0.9506 -0.2074
vn 0.7659 0.6245 -0.1532
vn 0.3397 0.9175 -0.2069
vn 0.2463 0.9187 -0.3088
vn 0.6939 0.6704 -0.2627
vn 0.3098 0.9138 -0.2628
vn 0.4184 0.8720 -0.2541
vn 0.3556 0.8794 -0.3166
vn 0.2864 0.8827 -0.3727
vn 0.2238 0.8832 -0.4122
vn 0.8356 0.4982 -0.2315
vn 0.4052 0.8379 -0.3658
vn 0.2400 0.8460 -0.4761
vn 0.7712 0.5520 -0.3171
vn 0.3185 0.8455 -0.4287
vn 0.2700 0.7944 -0.5440
vn 0.7781 0.5122 -0.3636
vn 0.3657 0.7904 -0.4916
vn 0.2936 0.7321 -0.6147
vn 0.8449 0.4048 -0.3498
vn 0.4132 0.7280 -0.5470
vn 0.4585 0.7877 -0.4115
vn 0.5165 0.7215 -0.4613
vn 0.2946 0.6638 -0.6874
vn 0.8689 0.3420 -0.3578
vn 0.7188 0.4203 -0.5538
vn 0.4422 0.6535 -0.6144
vn 0.3419 0.5856 -0.7349
vn 0.2404 0.5006 -0.8316
vn 0.5788 -0.0276 -0.8150
vn 0.4749 0.5691 -0.6712
vn 0.1226 0.4705 -0.8738
vn 0.0831 -0.2889 -0.9537
vn 0.3725 0.4901 -0.7881
vn 0.2336 0.4077 -0.8827
vn 0.0906 0.4055 -0.9096
vn 0.1308 -0.0912 -0.9872
vn 0.0910 -0.3760 -0.9221
vn 0.2724 -0.2250 -0.9355
vn 0.3964 0.3964 -0.8281
vn 0.1227 0.1702 -0.9777
vn 0.0511 0.7908 -0.6099
vn 0.1454 0.6797 -0.7190
vn 0.2561 -0.3033 -0.9178
vn 0.2803 0.1776 -0.9433
vn 0.2233 0.7561 -0.6151
vn 0.4211 -0.3266 -0.8462
vn 0.4083 -0.1942 -0.8920
vn 0.4455 0.1695 -0.8791
vn 0.3192 0.6895 -0.6501
vn 0.3658 0.6963 -0.6176
vn 0.5423 -0.3127 -0.7798
vn 0.5949 0.1773 -0.7840
vn 0.3657 0.7904 -0.4915
vn 0.4836 0.6959 -0.5308
vn 0.7286 0.1615 -0.6656
vn 0.5212 0.7641 -0.3801
vn 0.7147 -0.2330 -0.6594
vn 0.8371 0.1611 -0.5227
vn 0.5300 0.7892 -0.3102
vn 0.7363 0.5788 -0.3505
vn 0.6030 -0.2404 -0.7606
vn 0.9204 0.1606 -0.3564
vn 0.5764 0.7882 -0.2157
vn 0.6979 0.6902 -0.1911
vn 0.8168 -0.3118 -0.4854
vn 0.6996 -0.3676 -0.6127
vn 0.9696 0.1609 -0.1845
vn 0.5352 0.8399 -0.0899
vn 0.7175 0.6940 -0.0588
vn 0.8927 -0.3107 -0.3264
vn 0.8268 -0.2469 -0.5055
vn 0.6888 0.3660 -0.6258
vn 0.5459 0.3888 -0.7422
vn 0.7917 0.3821 -0.4766
vn 0.5222 0.4830 -0.7028
vn 0.6582 0.4611 -0.5951
vn 0.6083 0.5612 -0.5612
vn 0.7563 0.4742 -0.4507
vn 0.5639 0.6506 -0.5087
vn 0.7094 0.5605 -0.4272
vn 0.6535 0.6456 -0.3952
vn 0.5993 0.7168 -0.3564
vn 0.7817 0.5539 -0.2868
vn 0.5376 0.7810 -0.3179
vn 0.7225 0.6366 -0.2695
vn 0.6614 0.7084 -0.2466
vn 0.4744 0.8351 -0.2784
vn 0.5903 0.7780 -0.2150
vn 0.5281 0.8254 -0.1995
vn 0.6940 0.7097 -0.1215
vn 0.5668 0.8170 -0.1056
vn 0.6245 0.7738 -0.1061
vn 0.6328 0.7743 0.0039
vn 0.6992 0.7149 0.0039
vn 0.7646 0.6313 -0.1294
vn 0.8241 0.5664 0.0039
vn 0.8202 0.5533 -0.1452
vn 0.8807 0.4736 0.0039
vn 0.8751 0.4591 -0.1531
vn 0.8740 0.4586 0.1607
vn 0.9216 0.3882 0.0039
vn 0.9167 0.3550 0.1834
vn 0.9139 0.3726 -0.1608
vn 0.8281 0.4670 -0.3101
vn 0.8685 0.3733 -0.3262
vn 0.9880 -0.1535 0.0197
vn 0.9528 -0.2470 -0.1765
vn 0.9068 -0.2473 -0.3415
vn 0.9371 -0.3098 -0.1608
vn 0.9073 -0.4203 -0.0118
vn 0.9869 0.1612 0.0117
vn 0.7264 0.6872 0.0118
vn 0.7090 0.7012 0.0744
vn 0.9458 -0.2943 0.1373
vn 0.9669 0.1683 0.1918
vn 0.5935 0.7978 0.1061
vn 0.9326 -0.3266 0.1535
vn 0.9330 -0.2874 0.2165
vn 0.9508 -0.2152 0.2230
vn 0.9007 -0.3894 0.1927
vn 0.9204 -0.3408 0.1919
vn -0.7117 0.5308 -0.4601
vn -0.6509 0.5168 -0.5562
vn -0.7139 0.3116 -0.6271
vn -0.6498 0.2639 -0.7128
vn -0.7140 0.0513 -0.6982
vn -0.6506 0.5639 -0.5087
vn -0.7414 -0.0357 -0.6701
vn -0.5584 -0.2337 -0.7960
vn -0.6520 0.3280 -0.6836
vn 0.5634 0.5477 -0.6186
vn -0.5128 -0.3140 -0.7990
vn -0.6066 -0.4401 -0.6621
vn -0.5161 0.0512 -0.8550
vn -0.6525 -0.2491 -0.7157
vn -0.8332 -0.3069 -0.4601
vn 0.5617 0.2710 -0.7817
vn 0.4452 -0.0434 -0.8944
vn 0.5601 0.3721 -0.7402
vn 0.5631 0.6261 -0.5394
vn -0.5560 0.5718 -0.6033
vn 0.6409 0.0354 -0.7668
vn -0.5594 0.2976 -0.7736
vn -0.4762 0.6178 -0.6257
vn 0.7273 -0.2241 -0.6487
vn -0.6364 -0.0277 -0.7708
vn -0.6602 0.2728 -0.6998
vn 0.5607 0.3169 -0.7650
vn 0.7711 0.4502 -0.4502
vn -0.4387 0.0514 -0.8972
vn 0.4464 -0.2568 -0.8572
vn -0.4408 -0.3217 -0.8380
vn 0.5619 -0.4597 -0.6877
vn 0.4460 -0.4697 -0.7618
vn -0.5095 -0.5016 -0.6991
vn 0.5561 -0.5877 -0.5877
vn -0.8333 -0.3910 -0.3909
vn -0.4145 -0.6435 -0.6435
vn -0.7115 -0.4968 -0.4969
vn -0.6066 -0.6621 -0.4401
vn -0.8331 -0.4620 -0.3040
vn -0.4162 -0.7571 -0.5035
vn -0.5107 -0.7878 -0.3444
vn -0.5560 -0.7768 -0.2957
vn -0.8342 -0.5092 -0.2116
vn -0.6460 -0.7491 -0.1467
vn -0.8339 -0.5415 -0.1066
vn -0.5555 -0.8313 -0.0196
vn -0.5108 -0.8592 0.0276
vn -0.6053 -0.7793 0.1622
vn -0.4161 -0.8917 -0.1783
vn -0.8314 -0.5556 0.0039
vn -0.8332 -0.5410 0.1145
vn -0.4140 -0.8399 0.3510
vn -0.7074 -0.6521 0.2726
vn -0.6045 -0.6598 0.4465
vn -0.4161 -0.8917 0.1783
vn -0.8328 -0.5092 0.2171
vn -0.8311 -0.4626 0.3086
vn -0.4124 -0.6403 0.6481
vn -0.7087 -0.4949 0.5029
vn -0.6034 -0.4378 0.6665
vn -0.4146 -0.7541 0.5093
vn -0.8307 -0.3898 0.3976
vn -0.8301 -0.3029 0.4682
vn -0.5093 -0.3514 0.7856
vn -0.5547 -0.3029 0.7750
vn -0.4137 -0.5005 0.7605
vn -0.6468 -0.1451 0.7487
vn -0.8304 -0.1062 0.5470
vn -0.8270 -0.2176 0.5184
vn -0.5520 -0.0039 0.8339
vn -0.5072 0.0354 0.8611
vn -0.6016 0.1612 0.7824
vn -0.4132 -0.1771 0.8933
vn -0.8253 0.0105 0.5646
vn -0.8296 0.1140 0.5465
vn -0.4113 0.3486 0.8422
vn -0.7038 0.2713 0.6566
vn -0.6013 0.4441 0.6642
vn -0.4126 0.1847 0.8920
vn -0.8295 0.2128 0.5164
vn -0.8281 0.3117 0.4660
vn -0.4104 0.6448 0.6449
vn -0.7059 0.5009 0.5008
vn -0.6013 0.6643 0.4440
vn -0.4121 0.5063 0.7575
vn -0.8281 0.3970 0.3957
vn -0.8281 0.4663 0.3111
vn -0.4121 0.8595 0.3022
vn -0.8313 0.5240 0.1851
vn -0.7101 0.7023 0.0510
vn -0.4121 0.7575 0.5063
vn -0.7375 0.6744 -0.0355
vn -0.7123 0.6651 -0.2243
vn -0.8279 0.5297 0.1844
vn -0.5138 0.7727 -0.3726
vn -0.7359 0.6415 -0.2165
vn -0.5127 0.8571 0.0509
vn 0.5584 0.7459 -0.3632
vn 0.5603 0.8267 -0.0509
vn 0.5571 0.7831 0.2766
vn 0.5594 0.7863 -0.2621
vn 0.5601 0.8264 0.0587
vn -0.5558 0.7608 -0.3351
vn -0.5555 0.8313 -0.0197
vn -0.5573 0.7786 -0.2885
vn -0.5554 0.8311 0.0276
vn 0.7409 0.6076 -0.2862
vn 0.6574 0.5707 -0.4920
vn 0.5186 0.8539 -0.0429
vn 0.7159 0.4656 -0.5203
vn 0.7159 0.6298 -0.3013
vn 0.5194 0.8083 -0.2773
vn 0.7142 0.6986 -0.0430
vn 0.7409 0.6703 0.0432
vn 0.7083 0.6771 0.1995
vn 0.7382 0.6445 0.1992
vn 0.5141 0.7966 0.3179
vn 0.6063 0.6611 0.4419
vn -0.6258 0.7282 0.2795
vn 0.8305 0.4640 0.3082
vn 0.4186 0.7550 0.5047
vn 0.4168 0.6427 0.6428
vn 0.7098 0.4981 0.4980
vn 0.6063 0.4420 0.6611
vn 0.8305 0.3945 0.3932
vn 0.8305 0.3097 0.4629
vn 0.4178 0.3475 0.8395
vn 0.7077 0.2698 0.6530
vn 0.6065 0.1604 0.7787
vn 0.4186 0.5047 0.7550
vn 0.8319 0.2114 0.5130
vn 0.8321 0.1133 0.5430
vn 0.5130 0.0352 0.8577
vn 0.5574 -0.0039 0.8302
vn 0.4191 0.1841 0.8891
vn 0.6513 -0.1443 0.7449
vn 0.8328 -0.1055 0.5435
vn 0.8278 0.0105 0.5610
vn 0.5601 -0.3016 0.7716
vn 0.5151 -0.3500 0.7824
vn 0.6084 -0.4357 0.6633
vn 0.4197 -0.1765 0.8904
vn 0.8295 -0.2162 0.5150
vn 0.8325 -0.3010 0.4651
vn 0.4189 -0.6382 0.6459
vn 0.7126 -0.4921 0.5001
vn 0.6095 -0.6566 0.4443
vn 0.4203 -0.4988 0.7580
vn 0.8331 -0.3872 0.3950
vn 0.8335 -0.4596 0.3066
vn 0.4205 -0.8371 0.3498
vn 0.7113 -0.6485 0.2711
vn 0.6103 -0.7756 0.1614
vn 0.4211 -0.7517 0.5077
vn 0.8352 -0.5059 0.2156
vn 0.8356 -0.5374 0.1138
vn 0.5166 -0.8558 0.0275
vn 0.5609 -0.8276 -0.0195
vn 0.4226 -0.8887 0.1777
vn 0.6506 -0.7452 -0.1460
vn 0.8363 -0.5379 -0.1059
vn 0.8339 -0.5520 0.0039
vn 0.5614 -0.7734 -0.2944
vn 0.5165 -0.7846 -0.3430
vn 0.6116 -0.6589 -0.4380
vn 0.4227 -0.8887 -0.1777
vn 0.8366 -0.5059 -0.2102
vn 0.8356 -0.4589 -0.3020
vn 0.4210 -0.6414 -0.6414
vn 0.7154 -0.4940 -0.4941
vn 0.6116 -0.4380 -0.6589
vn 0.4228 -0.7546 -0.5018
vn 0.8356 -0.3879 -0.3889
vn 0.8355 -0.3049 -0.4571
vn 0.4224 -0.2961 -0.8567
vn 0.7161 -0.2255 -0.6606
vn 0.7181 -0.0432 -0.6946
vn 0.4228 -0.5018 -0.7546
vn 0.7448 0.0433 -0.6659
vn 0.7186 0.2317 -0.6557
vn 0.8349 -0.1764 -0.5213
vn 0.6566 0.3420 -0.6723
vn 0.5221 -0.0432 -0.8518
vn -0.5563 -0.2722 -0.7851
vn -0.5565 -0.4618 -0.6907
vn -0.7238 -0.3837 -0.5735
vn -0.5506 -0.5903 -0.5903
vn -0.3595 -0.6598 -0.6598
vn 0.5561 -0.5876 -0.5877
vn -0.5565 -0.6907 -0.4618
vn 0.5619 -0.6876 -0.4598
vn -0.7238 -0.5735 -0.3836
vn -0.5499 -0.7714 -0.3204
vn -0.3617 -0.8626 -0.3538
vn -0.5556 -0.8156 -0.1615
vn -0.7244 -0.6769 -0.1306
vn -0.5501 -0.8351 0.0040
vn 0.5610 -0.8120 -0.1608
vn -0.5548 -0.8146 0.1692
vn 0.5553 -0.7680 -0.3190
vn -0.3611 -0.9325 0.0040
vn -0.7236 -0.6762 0.1384
vn -0.5499 -0.7713 0.3204
vn 0.5602 -0.8110 0.1685
vn -0.5545 -0.6882 0.4680
vn 0.5556 -0.8315 0.0039
vn -0.3607 -0.8601 0.3607
vn -0.7216 -0.5718 0.3903
vn -0.5480 -0.5875 0.5954
vn 0.5599 -0.6852 0.4659
vn -0.5535 -0.4592 0.6948
vn 0.5553 -0.7680 0.3191
vn -0.3577 -0.6564 0.6643
vn -0.7205 -0.3819 0.5788
vn -0.5485 -0.3275 0.7694
vn 0.5589 -0.4573 0.6918
vn -0.5556 -0.1615 0.8156
vn 0.5535 -0.5850 0.5928
vn -0.3572 -0.3651 0.8597
vn -0.7205 -0.1299 0.6811
vn -0.5465 0.0118 0.8374
vn 0.5610 -0.1608 0.8120
vn -0.5513 0.1681 0.8172
vn 0.5539 -0.3261 0.7661
vn -0.3584 0.0118 0.9335
vn -0.7198 0.1377 0.6804
vn -0.5465 0.3185 0.7745
vn 0.5567 0.1674 0.8137
vn -0.5515 0.4655 0.6923
vn 0.5519 0.0117 0.8338
vn -0.3583 0.3583 0.8621
vn -0.7183 0.3886 0.5770
vn -0.5455 0.5926 0.5926
vn -0.5515 0.6923 0.4654
vn -0.7183 0.5770 0.3886
vn -0.3558 0.6608 0.6608
vn -0.3565 0.8815 0.3095
vn 0.5571 0.7830 0.2766
vn 0.5569 0.6893 0.4634
vn 0.5510 0.5901 0.5901
vn 0.5568 0.4634 0.6893
vn 0.5569 0.4634 0.6893
vn 0.5520 0.3171 0.7712
vn 0.5520 0.0117 0.8338
vn 0.5610 -0.1608 0.8121
vn 0.5536 -0.5849 0.5928
vn 0.5553 -0.7680 0.3190
vn 0.5603 -0.8110 0.1685
vn 0.5556 -0.8314 0.0040
vn 0.5619 -0.6874 -0.4601
vn -0.6496 0.6574 -0.3819
vn -0.6894 0.5239 -0.5003
vn -0.7833 -0.3937 -0.4811
vn -0.5661 0.6532 -0.5028
vn -0.7012 -0.4714 -0.5348
vn -0.6240 -0.5526 -0.5526
vn -0.5558 0.5637 -0.6110
vn -0.5820 -0.6058 -0.5425
vn -0.4872 -0.7722 -0.4079
vn -0.6015 -0.2669 -0.7529
vn -0.7098 -0.0595 -0.7019
vn -0.4635 -0.7647 -0.4477
vn -0.8369 -0.1944 -0.5117
vn -0.6692 -0.3682 -0.6454
vn -0.7982 -0.2899 -0.5281
vn -0.8346 -0.0356 -0.5498
vn -0.6515 -0.0829 -0.7541
vn -0.7294 0.0513 -0.6821
vn -0.8496 0.0435 -0.5256
vn -0.8760 0.0515 -0.4796
vn -0.6051 0.0435 -0.7950
vn -0.7019 0.0594 -0.7098
vn -0.8665 0.0673 -0.4946
vn -0.7180 0.2578 -0.6466
vn -0.8485 0.0671 -0.5249
vn -0.7935 0.4224 -0.4382
vn -0.7618 0.5802 -0.2881
vn -0.8674 0.4159 -0.2733
vn -0.8877 0.4142 -0.2012
vn -0.8776 0.3581 -0.3188
vn -0.9382 0.1781 -0.2969
vn -0.7318 0.5973 -0.3283
vn -0.9122 0.1224 -0.3910
vn -0.9242 -0.0992 -0.3689
vn -0.8657 0.3123 -0.3913
vn -0.7150 0.5569 -0.4227
vn -0.7263 0.5614 -0.3965
vn -0.8931 0.0913 -0.4406
vn -0.8327 0.2802 -0.4775
vn -0.6694 0.5743 -0.4713
vn -0.7521 0.4292 -0.5001
vn -0.8099 0.0830 -0.5807
vn -0.7664 0.2502 -0.5917
vn -0.7764 0.0670 -0.6267
vn -0.6423 0.4926 -0.5872
vn -0.7959 0.4079 -0.4474
vn -0.8956 0.1618 -0.4143
vn -0.8194 0.1306 -0.5581
vn -0.8095 0.1303 -0.5725
vn -0.8056 0.1945 -0.5596
vn -0.6126 -0.3360 -0.7154
vn -0.3670 -0.8328 -0.4144
vn -0.6948 -0.3137 -0.6472
vn -0.5577 -0.5418 -0.6288
vn -0.4700 -0.6122 -0.6359
vn -0.3680 -0.7874 -0.4946
vn -0.7305 0.1777 -0.6594
vn -0.5824 -0.2971 -0.7567
vn -0.2879 -0.8163 -0.5008
vn -0.4381 0.6512 -0.6197
vn -0.4717 -0.4242 -0.7730
vn -0.3751 0.6515 -0.6594
vn -0.3440 -0.5890 -0.7313
vn -0.2720 0.7370 -0.6188
vn -0.2491 0.5179 -0.8184
vn -0.3045 -0.3599 -0.8819
vn -0.1533 0.6330 -0.7588
vn -0.1467 -0.6544 -0.7417
vn -0.2729 -0.6683 -0.6920
vn -0.0671 0.6438 -0.7622
vn -0.0674 -0.6305 -0.7733
vn 0.0039 0.8278 -0.5610
vn 0.0039 -0.7851 -0.6194
vn 0.0750 0.6434 -0.7618
vn 0.1610 0.6322 -0.7579
vn 0.0753 -0.6301 -0.7728
vn 0.2565 0.5169 -0.8167
vn 0.1545 -0.6537 -0.7408
vn 0.2792 0.7354 -0.6174
vn 0.3116 -0.3590 -0.8798
vn 0.3819 0.6496 -0.6574
vn 0.3509 -0.5874 -0.7293
vn 0.4444 0.6490 -0.6175
vn 0.4779 -0.4225 -0.7701
vn 0.5612 0.5612 -0.6083
vn 0.4761 -0.6099 -0.6335
vn 0.5715 0.6503 -0.5005
vn 0.6541 0.6541 -0.3799
vn 0.6935 0.5211 -0.4976
vn 0.7863 -0.3912 -0.4781
vn 0.7052 -0.4688 -0.5318
vn 0.6288 -0.5498 -0.5498
vn 0.5872 -0.6030 -0.5400
vn 0.4931 -0.7692 -0.4063
vn 0.5630 -0.5395 -0.6261
vn 0.3738 -0.8304 -0.4132
vn 0.4697 -0.7618 -0.4461
vn 0.6066 -0.2656 -0.7493
vn 0.7137 -0.0591 -0.6979
vn 0.6735 -0.3663 -0.6420
vn 0.6176 -0.3343 -0.7119
vn 0.7331 0.0510 -0.6782
vn 0.8393 -0.1931 -0.5083
vn 0.8010 -0.2880 -0.5248
vn 0.8369 -0.0354 -0.5461
vn 0.6560 -0.0825 -0.7503
vn 0.8518 0.0432 -0.5221
vn 0.8778 0.0512 -0.4763
vn 0.6101 0.0433 -0.7912
vn 0.7059 0.0592 -0.7059
vn 0.8685 0.0668 -0.4912
vn 0.7218 0.2564 -0.6429
vn 0.8507 0.0667 -0.5214
vn 0.7964 0.4198 -0.4354
vn 0.7651 0.5767 -0.2864
vn 0.8693 0.4130 -0.2714
vn 0.8893 0.4114 -0.1998
vn 0.8794 0.3557 -0.3166
vn 0.9391 0.1768 -0.2947
vn 0.7354 0.5938 -0.3264
vn 0.9135 0.1215 -0.3882
vn 0.9253 -0.0984 -0.3662
vn 0.8676 0.3101 -0.3887
vn 0.7188 0.5538 -0.4203
vn 0.7300 0.5583 -0.3943
vn 0.8946 0.0906 -0.4375
vn 0.8351 0.2784 -0.4744
vn 0.6737 0.5712 -0.4689
vn 0.7555 0.4267 -0.4971
vn 0.8125 0.0824 -0.5771
vn 0.7696 0.2487 -0.5881
vn 0.7795 0.0666 -0.6228
vn 0.6469 0.4901 -0.5842
vn 0.7988 0.4053 -0.4446
vn 0.8972 0.1606 -0.4114
vn 0.8220 0.1298 -0.5546
vn 0.8121 0.1295 -0.5689
vn 0.8084 0.1932 -0.5560
vn 0.6989 -0.3119 -0.6436
vn 0.7342 0.1767 -0.6556
vn 0.3748 -0.7851 -0.4932
vn 0.5876 -0.2958 -0.7532
vn 0.2951 -0.8144 -0.4997
vn 0.4634 0.1386 -0.8753
vn 0.4685 -0.2244 -0.8545
vn 0.2808 -0.7869 -0.5496
vn 0.4227 -0.4069 -0.8098
vn 0.4141 0.1144 -0.9030
vn 0.5388 -0.1848 -0.8219
vn 0.2802 -0.6668 -0.6906
vn 0.3973 0.1298 -0.9085
vn 0.0433 -0.2562 -0.9657
vn 0.3833 0.0751 -0.9206
vn -0.1306 -0.7244 -0.6769
vn -0.1704 0.1149 -0.9787
vn -0.6448 -0.5894 -0.4866
vn 0.5157 0.0669 -0.8542
vn 0.3740 0.0669 -0.9250
vn 0.3347 0.1300 -0.9333
vn 0.4852 0.0671 -0.8718
vn 0.4529 0.1536 -0.8782
vn 0.3344 0.1377 -0.9323
vn 0.2562 0.1301 -0.9578
vn 0.7529 0.2010 -0.6267
vn 0.3037 0.1381 -0.9427
vn 0.4549 0.1701 -0.8742
vn 0.8141 0.2163 -0.5389
vn 0.4833 0.1611 -0.8605
vn 0.6827 0.2802 -0.6748
vn 0.6343 0.4058 -0.6580
vn 0.3599 0.1463 -0.9215
vn 0.6352 0.2012 -0.7457
vn 0.2871 0.1377 -0.9479
vn 0.6898 0.1931 -0.6977
vn 0.5736 0.1622 -0.8030
vn 0.6490 0.0511 -0.7591
vn 0.4696 0.1381 -0.8720
vn 0.5780 0.0590 -0.8139
vn 0.4855 0.0592 -0.8722
vn 0.3675 0.1304 -0.9208
vn 0.3830 0.0829 -0.9200
vn 0.2799 0.1380 -0.9501
vn 0.2882 0.1066 -0.9516
vn 0.2169 0.1380 -0.9664
vn 0.2096 0.1305 -0.9690
vn 0.1853 0.1301 -0.9740
vn 0.4603 0.0669 -0.8852
vn 0.4541 0.0671 -0.8884
vn 0.3738 0.0748 -0.9245
vn 0.3902 0.0670 -0.9183
vn -0.2009 0.1143 -0.9729
vn -0.1779 0.1225 -0.9764
vn -0.8271 0.0673 -0.5580
vn -0.8209 0.0674 -0.5671
vn -0.1781 0.1147 -0.9773
vn -0.6841 0.0910 -0.7237
vn -0.8921 0.0595 -0.4480
vn -0.8125 -0.0198 -0.5826
vn -0.7042 -0.3063 -0.6405
vn 0.0039 -0.0513 -0.9987
vn -0.3594 -0.5805 -0.7306
vn 0.0040 0.1304 -0.9915
vn 0.0040 -0.6145 -0.7889
vn 0.3662 -0.5789 -0.7285
vn 0.6494 -0.5864 -0.4841
vn 0.6883 0.0905 -0.7198
vn 0.1384 -0.7236 -0.6762
vn 0.8296 0.0668 -0.5544
vn -0.0355 -0.2563 -0.9660
vn 0.1781 0.1147 -0.9773
vn -0.3906 0.1302 -0.9113
vn -0.3765 0.0753 -0.9234
vn -0.5331 -0.1856 -0.8254
vn -0.2735 -0.7886 -0.5508
vn -0.4161 -0.4082 -0.8125
vn -0.4624 -0.2252 -0.8576
vn -0.4075 0.1147 -0.9060
vn -0.4571 0.1391 -0.8785
vn -0.5098 0.0672 -0.8577
vn -0.3277 0.1303 -0.9358
vn -0.4466 0.1541 -0.8814
vn -0.3671 0.0671 -0.9277
vn -0.4792 0.0673 -0.8751
vn -0.3273 0.1380 -0.9348
vn 0.2084 0.1140 -0.9714
vn -0.2488 0.1303 -0.9597
vn -0.4466 0.1541 -0.8813
vn -0.2965 0.1384 -0.9449
vn -0.7494 0.2022 -0.6304
vn -0.4486 0.1707 -0.8773
vn -0.8115 0.2177 -0.5423
vn -0.4773 0.1617 -0.8638
vn -0.6785 0.2817 -0.6785
vn -0.6296 0.4078 -0.6613
vn -0.3530 0.1468 -0.9241
vn -0.4634 0.1386 -0.8753
vn -0.5682 0.1629 -0.8066
vn -0.6305 0.2022 -0.7494
vn -0.6857 0.1942 -0.7015
vn -0.5727 0.0592 -0.8176
vn -0.6444 0.0514 -0.7630
vn -0.7813 0.0436 -0.6226
vn -0.4794 0.0594 -0.8756
vn -0.7106 0.0357 -0.7027
vn -0.7010 -0.1307 -0.7010
vn -0.7644 -0.1703 -0.6218
vn -0.6468 -0.1389 -0.7499
vn -0.6544 -0.4402 -0.6148
vn -0.5731 -0.1226 -0.8103
vn -0.5912 -0.4483 -0.6705
vn -0.7082 -0.4708 -0.5262
vn -0.5505 -0.4000 -0.7327
vn -0.8312 -0.1709 -0.5290
vn -0.5042 -0.1310 -0.8536
vn -0.8525 0.0595 -0.5194
vn -0.8732 -0.1541 -0.4623
vn -0.7586 -0.4647 -0.4567
vn -0.9007 -0.1230 -0.4166
vn -0.7901 -0.4566 -0.4090
vn -0.8144 -0.4409 -0.3774
vn -0.8212 -0.4483 -0.3531
vn -0.5975 -0.7242 -0.3443
vn -0.6272 -0.7297 -0.2722
vn -0.6406 -0.7202 -0.2666
vn -0.6203 -0.7230 -0.3042
vn -0.4549 -0.8742 -0.1701
vn -0.5610 -0.7281 -0.3939
vn -0.4391 -0.8822 -0.1701
vn -0.5190 -0.7330 -0.4398
vn -0.2885 -0.9524 -0.0988
vn -0.2816 -0.9559 -0.0833
vn -0.4490 -0.8702 -0.2026
vn -0.2882 -0.9516 -0.1066
vn -0.1069 -0.9943 -0.0039
vn -0.0991 -0.9951 -0.0040
vn -0.1303 -0.9913 -0.0198
vn -0.5039 -0.8451 -0.1785
vn -0.7506 -0.6236 -0.2184
vn -0.5281 -0.8139 -0.2422
vn -0.8599 -0.3447 -0.3765
vn -0.8758 -0.3923 -0.2813
vn -0.7952 -0.3917 -0.4628
vn -0.0991 -0.9949 -0.0198
vn -0.5891 -0.7235 -0.3598
vn -0.7485 -0.3921 -0.5347
vn -0.2802 -0.9511 -0.1303
vn -0.1069 -0.9939 -0.0277
vn -0.5588 -0.7173 -0.4161
vn -0.6863 -0.4007 -0.6070
vn -0.4310 -0.8738 -0.2254
vn -0.5126 -0.7113 -0.4808
vn -0.6201 -0.3990 -0.6755
vn -0.4007 -0.8768 -0.2658
vn -0.2573 -0.9539 -0.1544
vn -0.3676 -0.8815 -0.2965
vn -0.2414 -0.9539 -0.1781
vn -0.1146 -0.9921 -0.0514
vn -0.1144 -0.9906 -0.0750
vn -0.2179 -0.9548 -0.2021
vn -0.4633 -0.7008 -0.5424
vn -0.5523 -0.3933 -0.7351
vn -0.1064 -0.9894 -0.0985
vn -0.4155 -0.6926 -0.5897
vn -0.4796 -0.4004 -0.7808
vn -0.1944 -0.9563 -0.2183
vn -0.3124 -0.7633 -0.5655
vn -0.3989 -0.3990 -0.8256
vn -0.0991 -0.9874 -0.1230
vn -0.2890 -0.6690 -0.6848
vn -0.3215 -0.3930 -0.8615
vn -0.0830 -0.9846 -0.1542
vn -0.2105 -0.6792 -0.7031
vn -0.2492 -0.3996 -0.8822
vn -0.0752 -0.9852 -0.1543
vn -0.0672 -0.9845 -0.1621
vn 0.0119 -0.7070 -0.7071
vn -0.1704 -0.3447 -0.9231
vn -0.0119 -0.9866 -0.1625
vn -0.1069 -0.9624 -0.2495
vn -0.0909 -0.9600 -0.2647
vn -0.1306 -0.9616 -0.2414
vn -0.1618 -0.9590 -0.2328
vn -0.2106 -0.9018 -0.3774
vn -0.2487 -0.8963 -0.3672
vn -0.2896 -0.8927 -0.3452
vn -0.3293 -0.8849 -0.3294
vn -0.4722 -0.7341 -0.4880
vn -0.4322 -0.7257 -0.5353
vn -0.3600 -0.7478 -0.5579
vn -0.4792 -0.4316 -0.7643
vn -0.3062 -0.7515 -0.5845
vn -0.4156 -0.0752 -0.9064
vn -0.4096 -0.4096 -0.8152
vn -0.3763 0.0831 -0.9228
vn -0.3209 -0.0198 -0.9469
vn -0.3607 0.1308 -0.9235
vn -0.2810 0.1068 -0.9537
vn -0.2726 0.1383 -0.9521
vn -0.2799 0.1380 -0.9501
vn -0.2094 0.1383 -0.9680
vn -0.2021 0.1308 -0.9706
vn -0.2020 0.1307 -0.9706
vn -0.1777 0.1303 -0.9754
vn -0.4541 0.0671 -0.8884
vn -0.4478 0.0674 -0.8916
vn -0.3669 0.0750 -0.9272
vn -0.3835 0.0672 -0.9211
vn 0.1855 0.1223 -0.9750
vn 0.8235 0.0670 -0.5634
vn 0.1857 0.1146 -0.9759
vn 0.8152 -0.0197 -0.5789
vn 0.8936 0.0591 -0.4449
vn 0.7082 -0.3046 -0.6369
vn 0.0040 -0.6704 -0.7420
vn 0.7036 -0.6093 -0.3655
vn -0.6996 -0.6127 -0.3676
vn 0.0040 -0.9413 -0.3377
vn 0.8029 0.0744 -0.5914
vn 0.3192 -0.5320 -0.7842
vn -0.3121 -0.5334 -0.7862
vn 0.0040 -0.5737 -0.8191
vn -0.8001 0.0749 -0.5951
vn 0.5794 0.1064 -0.8081
vn -0.5742 0.1069 -0.8117
vn 0.8234 0.0670 -0.5634
vn 0.8061 0.0826 -0.5859
vn 0.2403 0.1063 -0.9649
vn -0.3437 0.0750 -0.9361
vn 0.2100 0.1149 -0.9709
vn -0.4380 0.0750 -0.8958
vn -0.4385 0.0593 -0.8968
vn -0.1624 0.1307 -0.9780
vn -0.3760 0.0910 -0.9221
vn -0.1625 0.1229 -0.9790
vn -0.2248 0.0118 -0.9743
vn -0.4156 0.0752 -0.9064
vn -0.1852 0.0591 -0.9809
vn -0.3284 -0.3759 -0.8665
vn -0.2497 -0.3370 -0.9078
vn -0.2409 -0.7466 -0.6202
vn -0.1699 -0.9046 -0.3910
vn -0.1225 -0.9051 -0.4071
vn -0.1939 -0.7321 -0.6530
vn -0.0515 -0.9627 -0.2655
vn -0.0988 -0.9046 -0.4147
vn -0.2332 -0.3123 -0.9209
vn 0.1541 -0.9839 -0.0909
vn 0.2023 -0.9716 -0.1229
vn 0.1544 -0.9619 -0.2256
vn 0.6272 -0.7692 0.1223
vn 0.7130 -0.6972 0.0749
vn 0.5870 -0.7917 0.1693
vn 0.3676 -0.8891 -0.2727
vn -0.1624 -0.6140 -0.7724
vn 0.3584 -0.9334 -0.0197
vn 0.3506 -0.9335 -0.0748
vn -0.0909 -0.6207 -0.7788
vn -0.0673 -0.3997 -0.9142
vn 0.5143 -0.8520 -0.0982
vn -0.0435 -0.9539 -0.2969
vn 0.0040 -0.6280 -0.7782
vn 0.0040 -0.4006 -0.9162
vn 0.0751 -0.3995 -0.9137
vn -0.0437 -0.9183 -0.3935
vn 0.0988 -0.6202 -0.7782
vn 0.1780 -0.3442 -0.9219
vn 0.0039 -0.9502 -0.3115
vn 0.0514 -0.9536 -0.2968
vn 0.1701 -0.6132 -0.7714
vn -0.3436 -0.9361 -0.0750
vn 0.0517 -0.9179 -0.3934
vn -0.0040 -0.7071 -0.7071
vn 0.2566 -0.3987 -0.8804
vn -0.5085 -0.8554 -0.0985
vn 0.0040 -0.9090 -0.4168
vn -0.5730 -0.7943 -0.2016
vn 0.0435 -0.8730 -0.4859
vn -0.0355 -0.8732 -0.4860
vn 0.0040 -0.8596 -0.5110
vn 0.5783 -0.7908 -0.2007
vn 0.7671 -0.6413 -0.0197
vn 0.7313 -0.6285 -0.2649
vn -0.0277 -0.8124 -0.5825
vn 0.2810 -0.9223 -0.2652
vn 0.7579 -0.6322 -0.1610
vn -0.0275 -0.9268 -0.3747
vn 0.3120 -0.8728 -0.3752
vn 0.9029 -0.3982 -0.1617
vn -0.0594 -0.8670 -0.4948
vn 0.5082 -0.6895 -0.5161
vn 0.3758 -0.8029 -0.4628
vn 0.6511 -0.5327 -0.5406
vn -0.1787 -0.7268 -0.6632
vn -0.0754 -0.7657 -0.6387
vn -0.1791 -0.5612 -0.8080
vn 0.8697 -0.3896 -0.3030
vn 0.3841 -0.7167 -0.5821
vn 0.2091 -0.6036 -0.7694
vn -0.2015 -0.3753 -0.9047
vn 0.8538 -0.2951 -0.4288
vn 0.1308 -0.4162 -0.8998
vn -0.2888 -0.1939 -0.9376
vn -0.3446 -0.0040 -0.9387
vn 0.1225 -0.3043 -0.9446
vn -0.4159 0.0673 -0.9069
vn 0.0119 -0.1226 -0.9924
vn -0.4229 0.0435 -0.9051
vn -0.2098 0.0198 -0.9775
vn 0.1221 0.0906 -0.9884
vn 0.5930 0.0189 -0.8050
vn 0.7833 0.0669 -0.6180
vn 0.9088 0.0590 -0.4131
vn 0.7935 0.0750 -0.6040
vn 0.7750 0.0905 -0.6255
vn 0.6946 0.2786 -0.6633
vn 0.7092 0.6543 -0.2626
vn 0.7905 -0.0590 -0.6096
vn 0.7541 -0.1934 -0.6277
vn 0.5397 -0.2088 -0.8155
vn 0.8226 -0.2558 -0.5078
vn 0.6835 -0.6598 -0.3121
vn 0.8524 -0.3496 -0.3889
vn 0.5492 -0.3042 -0.7783
vn -0.0277 -0.6619 -0.7491
vn 0.0039 -0.8685 -0.4957
vn 0.0039 -0.1778 -0.9841
vn -0.0277 -0.4071 -0.9130
vn -0.6115 0.0986 -0.7851
vn -0.0355 -0.6277 -0.7777
vn 0.0040 -0.3280 -0.9447
vn -0.0436 -0.7560 -0.6531
vn 0.0040 -0.5917 -0.8061
vn 0.0040 -0.7419 -0.6705
vn 0.0040 -0.8127 -0.5827
vn 0.0434 -0.6275 -0.7774
vn 0.0356 -0.8121 -0.5824
vn 0.0514 -0.7557 -0.6528
vn -0.7276 -0.6322 -0.2664
vn -0.5023 -0.6922 -0.5182
vn -0.6465 -0.5355 -0.5434
vn -0.9015 -0.4011 -0.1628
vn 0.0356 -0.4070 -0.9128
vn -0.5436 -0.3055 -0.7817
vn 0.0357 -0.6617 -0.7489
vn 0.0039 -0.7454 -0.6666
vn -0.8678 -0.3923 -0.3051
vn -0.8502 -0.3520 -0.3915
vn -0.6793 -0.6634 -0.3138
vn -0.8517 -0.2971 -0.4317
vn -0.8201 -0.2575 -0.5111
vn -0.6285 -0.2648 -0.7313
vn -0.7506 -0.1946 -0.6314
vn -0.7875 -0.0594 -0.6134
vn -0.1148 -0.3046 -0.9455
vn -0.0040 -0.1226 -0.9925
vn -0.1230 -0.4166 -0.9007
vn 0.2960 -0.1934 -0.9354
vn -0.5878 0.0197 -0.8088
vn -0.2016 -0.6046 -0.7706
vn 0.2091 -0.3747 -0.9033
vn -0.3773 -0.7189 -0.5838
vn 0.1868 -0.5604 -0.8069
vn -0.3689 -0.8053 -0.4641
vn 0.0833 -0.7652 -0.6383
vn -0.3049 -0.8750 -0.3761
vn 0.0673 -0.8665 -0.4946
vn 0.1864 -0.7257 -0.6623
vn 0.2407 -0.3117 -0.9192
vn 0.1066 -0.9038 -0.4144
vn 0.3516 -0.0039 -0.9362
vn 0.2015 -0.7310 -0.6520
vn 0.2173 0.0198 -0.9759
vn 0.1928 0.0590 -0.9795
vn 0.4224 0.0671 -0.9039
vn -0.1143 0.0907 -0.9893
vn 0.4294 0.0433 -0.9021
vn 0.4221 0.0750 -0.9034
vn 0.4449 0.0591 -0.8936
vn -0.7802 0.0673 -0.6218
vn -0.2024 0.1151 -0.9725
vn -0.8104 0.2885 -0.5100
vn -0.9074 0.0594 -0.4160
vn 0.0040 0.6058 -0.7956
vn -0.7052 0.6580 -0.2640
vn 0.0039 0.9926 -0.1215
vn 0.3249 0.7320 -0.5989
vn -0.3178 0.7338 -0.6004
vn 0.0039 0.1303 -0.9915
vn 0.0039 0.7813 -0.6242
vn -0.7718 0.0910 -0.6293
vn -0.8034 0.0831 -0.5897
vn -0.8209 0.0675 -0.5671
vn -0.8209 0.0672 -0.5671
vn -0.2328 0.1065 -0.9667
vn 0.3506 0.0748 -0.9335
vn 0.4444 0.0747 -0.8927
vn 0.3828 0.0908 -0.9194
vn 0.1700 0.1305 -0.9768
vn 0.1702 0.1227 -0.9777
vn 0.2323 0.0118 -0.9726
vn 0.3280 -0.0198 -0.9445
vn 0.2572 -0.3363 -0.9060
vn 0.3354 -0.3749 -0.8643
vn 0.2484 -0.7451 -0.6190
vn 0.4221 -0.0750 -0.9034
vn 0.4161 -0.4082 -0.8125
vn 0.3133 -0.7496 -0.5830
vn 0.1303 -0.9042 -0.4067
vn 0.1775 -0.9033 -0.3905
vn 0.3669 -0.7456 -0.5563
vn 0.2181 -0.9003 -0.3768
vn 0.0987 -0.9593 -0.2645
vn 0.4852 -0.4300 -0.7614
vn 0.1148 -0.9616 -0.2493
vn 0.5101 -0.1305 -0.8502
vn 0.5560 -0.3983 -0.7295
vn 0.5784 -0.1220 -0.8066
vn 0.4386 -0.7232 -0.5335
vn 0.5963 -0.4462 -0.6673
vn 0.6513 -0.1382 -0.7461
vn 0.2561 -0.8945 -0.3665
vn 0.7050 -0.1300 -0.6972
vn 0.1384 -0.9606 -0.2412
vn 0.7145 0.0355 -0.6987
vn 0.6589 -0.4380 -0.6116
vn 0.7677 -0.1693 -0.6181
vn 0.7844 0.0434 -0.6188
vn 0.4783 -0.7313 -0.4862
vn 0.8546 0.0591 -0.5159
vn 0.8337 -0.1699 -0.5255
vn 0.8751 -0.1530 -0.4591
vn 0.7120 -0.4682 -0.5233
vn 0.7619 -0.4619 -0.4540
vn 0.9022 -0.1221 -0.4137
vn 0.7931 -0.4537 -0.4064
vn 0.8170 -0.4381 -0.3749
vn 0.8238 -0.4454 -0.3508
vn 0.6026 -0.7207 -0.3426
vn 0.6319 -0.7262 -0.2708
vn 0.6452 -0.7165 -0.2652
vn 0.6251 -0.7195 -0.3027
vn 0.4611 -0.8710 -0.1695
vn 0.5664 -0.7249 -0.3921
vn 0.4455 -0.8791 -0.1695
vn 0.5248 -0.7299 -0.4379
vn 0.4553 -0.8671 -0.2019
vn 0.2957 -0.9502 -0.0985
vn 0.2889 -0.9537 -0.0831
vn 0.2954 -0.9494 -0.1064
vn 0.4374 -0.8708 -0.2246
vn 0.2874 -0.9489 -0.1300
vn 0.4073 -0.8740 -0.2650
vn 0.2646 -0.9520 -0.1541
vn 0.3744 -0.8789 -0.2956
vn 0.2489 -0.9521 -0.1778
vn 0.3364 -0.8826 -0.3285
vn 0.2254 -0.9532 -0.2017
vn 0.2969 -0.8906 -0.3444
vn 0.2021 -0.9548 -0.2179
vn 0.1695 -0.9577 -0.2325
vn 0.1142 -0.9886 -0.0984
vn 0.0909 -0.9839 -0.1541
vn 0.1070 -0.9866 -0.1228
vn 0.0830 -0.9845 -0.1542
vn 0.3195 -0.7614 -0.5641
vn 0.0751 -0.9839 -0.1620
vn 0.2962 -0.6674 -0.6832
vn 0.4221 -0.6903 -0.5877
vn 0.4056 -0.3977 -0.8230
vn 0.4857 -0.3988 -0.7779
vn 0.3286 -0.3920 -0.8593
vn 0.5577 -0.3916 -0.7318
vn 0.2181 -0.6781 -0.7019
vn 0.4694 -0.6983 -0.5404
vn 0.6250 -0.3970 -0.6722
vn 0.0198 -0.9865 -0.1625
vn 0.5185 -0.7084 -0.4789
vn 0.6905 -0.3985 -0.6037
vn 0.1222 -0.9897 -0.0749
vn 0.1224 -0.9911 -0.0513
vn 0.5642 -0.7142 -0.4143
vn 0.7520 -0.3898 -0.5315
vn 0.1147 -0.9930 -0.0277
vn 0.5942 -0.7202 -0.3581
vn 0.7981 -0.3892 -0.4600
vn 0.1069 -0.9941 -0.0198
vn 0.5338 -0.8105 -0.2412
vn 0.8619 -0.3424 -0.3739
vn 0.1381 -0.9902 -0.0197
vn 0.7541 -0.6198 -0.2171
vn 0.8776 -0.3895 -0.2794
vn 0.1148 -0.9934 -0.0040
vn 0.1070 -0.9943 -0.0039
vn 0.5098 -0.8417 -0.1778
vn 0.0594 -0.9623 -0.2653
vn -0.1464 -0.9850 -0.0910
vn -0.1467 -0.9631 -0.2259
vn -0.1946 -0.9731 -0.1231
vn -0.5818 -0.7954 0.1701
vn -0.6223 -0.7731 0.1229
vn -0.3607 -0.8917 -0.2735
vn -0.3515 -0.9360 -0.0198
vn -0.7091 -0.7011 0.0753
vn -0.7638 -0.6451 -0.0198
vn -0.7545 -0.6360 -0.1620
vn -0.2737 -0.9244 -0.2658
vn 0.0355 -0.9265 -0.3746
vn -0.0588 0.6231 0.7799
vn 0.0039 0.6156 0.7881
vn 0.0039 -0.4424 0.8968
vn -0.1530 0.6159 0.7728
vn -0.1140 -0.3656 0.9238
vn -0.0904 -0.5856 0.8056
vn 0.0039 -0.2081 0.9781
vn -0.1856 -0.5331 0.8254
vn -0.2321 0.6177 0.7514
vn -0.1059 -0.3727 0.9219
vn 0.0039 -0.6281 0.7781
vn -0.3096 0.6153 0.7250
vn -0.3028 -0.3736 0.8768
vn -0.3484 0.7008 0.6225
vn -0.3666 -0.4612 0.8081
vn -0.2643 -0.5009 0.8242
vn -0.1929 -0.3032 0.9332
vn -0.2006 -0.4523 0.8690
vn -0.3832 -0.3437 0.8573
vn -0.2940 -0.4508 0.8428
vn -0.1770 -0.3972 0.9005
vn -0.4530 -0.4530 0.7679
vn -0.0823 -0.3803 0.9212
vn 0.0039 -0.3490 0.9371
vn 0.0039 0.2618 0.9651
vn -0.4530 0.6184 0.6421
vn -0.1298 0.2635 0.9559
vn -0.5626 0.5312 0.6335
vn -0.5323 -0.4297 0.7294
vn -0.4598 -0.4206 0.7821
vn -0.5639 -0.5086 0.6506
vn -0.5401 -0.4060 0.7372
vn -0.5865 0.6180 0.5235
vn -0.6645 -0.3971 0.6330
vn -0.5812 -0.4863 0.6524
vn -0.6328 0.6171 0.4677
vn -0.7285 -0.3662 0.5789
vn -0.6953 -0.3104 0.6482
vn -0.6861 0.5998 0.4117
vn -0.7929 -0.3353 0.5089
vn -0.6342 0.7209 0.2797
vn -0.8296 -0.3578 0.4286
vn -0.7458 -0.3275 0.5801
vn -0.8162 -0.2248 0.5323
vn -0.8467 -0.4174 0.3300
vn -0.7992 0.5236 0.2953
vn -0.7283 0.6575 0.1929
vn -0.9149 -0.2970 0.2733
vn -0.7430 0.6566 0.1297
vn -0.9089 -0.3738 0.1849
vn -0.7515 0.6571 0.0590
vn -0.9234 -0.3686 0.1070
vn -0.8491 -0.4700 0.2409
vn -0.9495 -0.2639 0.1694
vn -0.9202 -0.2014 0.3357
vn -0.9635 0.1150 0.2419
vn -0.8770 -0.2320 0.4208
vn -0.9357 0.1303 0.3277
vn -0.9806 0.0985 0.1693
vn -0.9727 0.0827 0.2166
vn -0.8841 0.1454 0.4440
vn -0.9449 0.0672 0.3203
vn -0.5795 -0.1537 0.8003
vn -0.4782 -0.5414 0.6916
vn -0.6352 -0.5010 0.5878
vn -0.2479 -0.5473 0.7994
vn -0.6359 -0.5174 0.5727
vn -0.6041 -0.4699 0.6436
vn -0.6604 -0.4942 0.5654
vn -0.5716 -0.6109 0.5478
vn -0.4611 -0.0355 0.8867
vn -0.6742 -0.4771 0.5638
vn -0.6030 -0.4139 0.6819
vn -0.6750 -0.3750 0.6355
vn -0.5020 -0.4861 0.7153
vn -0.5807 -0.4543 0.6756
vn -0.4306 -0.4702 0.7704
vn -0.5161 -0.4373 0.7365
vn -0.3426 -0.5631 0.7520
vn -0.4367 -0.4288 0.7908
vn -0.3671 -0.4144 0.8328
vn -0.2796 -0.4056 0.8703
vn -0.4197 0.1765 0.8903
vn -0.2396 0.2475 0.9388
vn -0.3415 0.2159 0.9147
vn -0.4985 0.1609 0.8518
vn -0.4029 0.6924 0.5985
vn -0.5802 0.1460 0.8013
vn -0.4667 0.7255 0.5059
vn -0.5525 0.6309 0.5447
vn -0.6559 0.1375 0.7423
vn -0.6065 0.6143 0.5048
vn -0.5288 0.6307 0.5680
vn -0.5795 0.6032 0.5480
vn -0.6236 0.6785 0.3883
vn -0.6231 0.5761 0.5290
vn -0.4779 0.0987 0.8729
vn -0.7188 0.5538 0.4202
vn -0.5246 0.0749 0.8480
vn -0.6930 0.5364 0.4816
vn -0.5787 0.0354 0.8148
vn -0.7295 0.1144 0.6743
vn -0.7584 0.4912 0.4284
vn -0.7750 0.0905 0.6255
vn -0.7608 0.5243 0.3824
vn -0.7930 0.0828 0.6036
vn -0.7443 0.5868 0.3190
vn -0.8098 0.0830 0.5807
vn -0.7733 0.4200 0.4750
vn -0.7843 0.4690 0.4060
vn -0.7399 0.5442 0.3954
vn -0.6886 0.5470 0.4761
vn -0.7067 -0.0355 0.7067
vn -0.6242 0.3572 0.6948
vn -0.7448 -0.0434 0.6659
vn -0.6459 -0.0116 0.7634
vn -0.6811 -0.0748 0.7283
vn -0.8504 -0.3125 0.4232
vn -0.8122 -0.4318 0.3923
vn -0.6484 -0.0668 0.7584
vn -0.6388 0.5996 0.4820
vn -0.4355 0.7336 0.5217
vn -0.6019 0.4760 0.6412
vn -0.4210 0.4445 0.7907
vn -0.8737 -0.3360 0.3519
vn -0.2395 0.4200 0.8753
vn -0.4896 0.2781 0.8264
vn -0.5315 0.2008 0.8229
vn -0.9026 -0.3271 0.2798
vn -0.8162 0.0828 0.5718
vn -0.4848 0.2168 0.8474
vn -0.3352 0.2406 0.9109
vn -0.3960 0.1921 0.8979
vn -0.3409 0.2234 0.9132
vn -0.8968 0.0593 0.4385
vn -0.4291 0.1771 0.8857
vn -0.0900 0.1134 0.9895
vn -0.2861 0.0926 0.9537
vn -0.4517 -0.0275 0.8917
vn -0.8833 -0.4397 0.1624
vn -0.9613 -0.2334 0.1464
vn -0.8758 -0.4082 0.2576
vn -0.7600 0.0118 0.6498
vn -0.8776 -0.4090 0.2502
vn -0.8712 -0.3351 0.3587
vn -0.8776 -0.4054 0.2558
vn -0.8788 0.0197 0.4768
vn -0.8867 -0.3901 0.2483
vn -0.8788 0.0197 0.4769
vn -0.9038 -0.3591 0.2328
vn -0.6935 0.5211 0.4976
vn -0.8099 -0.4148 0.4148
vn -0.9126 -0.3753 0.1620
vn -0.8407 -0.3829 0.3829
vn -0.8901 0.0277 0.4549
vn -0.9427 -0.3037 0.1381
vn -0.9232 -0.3051 0.2338
vn -0.6963 0.5154 0.4996
vn -0.7491 0.4275 0.5060
vn -0.4349 0.7797 0.4506
vn -0.4664 0.7564 0.4586
vn -0.6388 0.5996 0.4821
vn -0.5545 0.6882 0.4679
vn -0.6480 0.5145 0.5616
vn -0.6967 0.6022 0.3897
vn -0.4746 0.7649 0.4354
vn -0.6320 0.6242 0.4593
vn -0.6330 0.5780 0.5150
vn -0.6988 0.5251 0.4856
vn -0.5065 0.7735 0.3809
vn -0.7098 0.4981 0.4981
vn -0.8650 0.0119 0.5016
vn -0.6633 0.5848 0.4670
vn -0.6498 -0.0039 0.7601
vn -0.7376 0.4615 0.4930
vn -0.6405 0.3419 0.6877
vn -0.7334 0.3726 0.5687
vn -0.5520 0.7712 0.3171
vn -0.6893 0.6106 0.3900
vn -0.7839 0.4767 0.3979
vn -0.7492 0.6080 0.2628
vn -0.8221 0.4917 0.2871
vn -0.8150 0.0276 0.5787
vn -0.7844 0.6110 0.1064
vn -0.8153 0.0039 0.5790
vn -0.8405 0.4854 0.2407
vn -0.6989 -0.3277 0.6357
vn -0.9291 -0.1542 0.3361
vn -0.8982 0.0198 0.4392
vn -0.7674 -0.0984 0.6336
vn -0.9477 0.0197 0.3185
vn -0.7218 -0.2564 0.6429
vn -0.8469 -0.0039 0.5318
vn -0.8078 -0.3113 0.5005
vn -0.7672 -0.0039 0.6413
vn -0.7031 0.0118 0.7110
vn -0.7706 -0.0356 0.6363
vn -0.7782 -0.0039 0.6281
vn -0.7925 0.3115 0.5244
vn -0.8704 0.0039 0.4923
vn -0.7294 0.0513 0.6821
vn -0.7354 0.2792 0.6174
vn -0.8526 0.5147 0.0903
vn -0.7685 0.2877 0.5715
vn -0.7722 0.2312 0.5919
vn -0.9012 0.3660 0.2322
vn -0.9052 0.4151 0.0909
vn -0.8639 0.3274 0.3826
vn -0.9484 0.2243 0.2243
vn -0.8163 0.2879 0.5008
vn -0.9154 0.1689 0.3653
vn -0.8636 0.1065 0.4929
vn -0.7865 0.1858 0.5889
vn -0.8089 0.0039 0.5879
vn -0.8818 -0.0909 0.4627
vn -0.6186 -0.1222 0.7762
vn -0.8060 -0.1848 0.5623
vn -0.9395 -0.0197 0.3420
vn -0.6247 -0.2161 0.7504
vn -0.5561 -0.3510 0.7533
vn -0.8789 0.4611 0.1222
vn -0.9290 0.1858 0.3202
vn -0.7831 0.1219 0.6099
vn -0.9139 -0.1068 0.3917
vn -0.6238 -0.0353 0.7808
vn -0.8010 0.4537 0.3906
vn -0.5960 0.0513 0.8014
vn -0.7056 0.4850 0.5166
vn -0.5465 -0.0039 0.8374
vn -0.6092 0.4677 0.6405
vn -0.4122 -0.2238 0.8832
vn -0.5460 0.3887 0.7422
vn -0.4591 -0.1923 0.8673
vn -0.4042 -0.2393 0.8828
vn -0.4846 0.8549 0.1851
vn -0.6002 0.6709 0.4355
vn -0.3572 -0.3258 0.8754
vn -0.3430 -0.3509 0.8713
vn -0.3735 -0.3028 0.8768
vn -0.6275 0.5959 0.5012
vn -0.3962 -0.2785 0.8749
vn -0.7409 0.4978 0.4508
vn -0.3588 -0.3351 0.8712
vn -0.5993 0.7168 0.3565
vn -0.3800 -0.3252 0.8659
vn -0.3421 -0.3578 0.8689
vn -0.6092 0.7192 0.3340
vn -0.3517 -0.3754 0.8575
vn -0.8475 0.3982 0.3509
vn -0.9046 0.2725 0.3278
vn -0.8101 0.5414 0.2252
vn -0.9178 0.3900 0.0748
vn -0.9681 0.2489 0.0277
vn -0.9861 0.1624 0.0356
vn -0.9963 0.0748 0.0433
vn -0.9141 0.1306 0.3838
vn -0.9930 -0.1147 0.0277
vn -0.9850 0.0277 0.1701
vn -0.9180 -0.1064 0.3822
vn -0.6896 -0.0670 0.7211
vn -0.6709 -0.0118 0.7415
vn -0.3185 -0.4442 0.8374
vn -0.6106 -0.0118 0.7918
vn -0.4139 -0.2641 0.8712
vn -0.5862 0.7829 0.2085
vn -0.6405 0.6877 0.3419
vn -0.2648 -0.4703 0.8418
vn -0.3267 -0.3503 0.8778
vn -0.6242 0.6948 0.3572
vn -0.2242 -0.4839 0.8459
vn -0.2952 -0.3582 0.8857
vn -0.5941 0.7122 0.3738
vn -0.5700 0.0118 0.8216
vn -0.2631 -0.3495 0.8992
vn -0.5456 0.7341 0.4043
vn -0.1921 -0.4899 0.8504
vn -0.2325 -0.3428 0.9102
vn -0.4816 0.6930 0.5364
vn -0.1540 -0.4778 0.8648
vn -0.5369 0.0431 0.8426
vn -0.6068 -0.0118 0.7947
vn -0.5608 0.0274 0.8275
vn -0.5842 -0.0039 0.8116
vn -0.5315 0.0354 0.8463
vn -0.5157 0.0669 0.8542
vn -0.4850 0.0749 0.8713
vn -0.4847 0.0827 0.8708
vn -0.4677 0.1140 0.8765
vn -0.4368 0.1062 0.8932
vn -0.1144 -0.4459 0.8877
vn -0.4266 0.1213 0.8963
vn -0.1066 -0.4775 0.8721
vn -0.0668 -0.3969 0.9154
vn -0.1370 -0.3015 0.9436
vn -0.3012 0.7548 0.5827
vn -0.3328 0.1684 0.9279
vn 0.0899 0.1211 0.9886
vn 0.0039 0.7705 0.6375
vn 0.3569 -0.1529 0.9216
vn 0.4976 0.2860 0.8189
vn 0.0039 0.2472 0.9690
vn 0.2080 0.2785 0.9376
vn 0.4028 0.3012 0.8643
vn 0.0039 0.2545 0.9671
vn 0.3008 0.2851 0.9101
vn -0.3174 0.1920 0.9287
vn 0.4026 0.3244 0.8560
vn 0.3086 0.3008 0.9024
vn 0.3702 0.4325 0.8221
vn 0.0039 0.2784 0.9605
vn 0.4417 0.3713 0.8168
vn -0.3026 0.1611 0.9394
vn 0.1689 0.4518 0.8760
vn 0.4341 0.5671 0.7000
vn 0.2946 0.6718 0.6796
vn 0.0977 0.6839 0.7230
vn 0.2627 0.6704 0.6939
vn -0.2467 0.1840 0.9515
vn 0.0978 0.7706 0.6298
vn -0.0431 0.8108 0.5837
vn -0.0902 0.8120 0.5766
vn -0.2547 0.7328 0.6309
vn -0.3024 0.7973 0.5224
vn -0.4204 0.6797 0.6011
vn -0.3731 0.1532 0.9151
vn -0.4684 0.5629 0.6810
vn -0.3807 0.1374 0.9144
vn -0.4262 0.1290 0.8954
vn -0.4119 0.1530 0.8983
vn -0.6440 -0.3437 0.6835
vn -0.5646 -0.4857 0.6673
vn -0.9738 -0.2011 0.1065
vn -0.7640 -0.3840 0.5185
vn -0.5235 -0.5865 0.6180
vn -0.8166 -0.5089 0.2723
vn -0.8511 -0.3207 0.4156
vn -0.7003 -0.5500 0.4550
vn -0.4472 -0.6926 0.5660
vn -0.8121 -0.5824 -0.0357
vn -0.7654 -0.5433 0.3450
vn -0.3597 -0.7708 0.5258
vn -0.6825 -0.7219 -0.1144
vn -0.6042 -0.7227 0.3357
vn -0.4774 -0.8404 0.2565
vn -0.3121 -0.8256 0.4701
vn -0.5478 -0.8158 -0.1852
vn -0.3925 -0.9080 0.1467
vn -0.2019 -0.8906 0.4076
vn -0.3524 -0.8039 -0.4792
vn -0.2341 -0.9720 -0.0198
vn -0.4781 -0.6915 0.5415
vn -0.3537 -0.7431 -0.5681
vn -0.4856 -0.8488 0.2092
vn -0.6832 -0.2962 0.6674
vn -0.7230 -0.6123 0.3200
vn -0.7558 -0.4550 0.4709
vn -0.8178 -0.4148 0.3990
vn -0.6923 -0.7082 0.1385
vn -0.8543 -0.3976 0.3346
vn -0.1705 -0.9795 -0.1071
vn -0.6782 -0.7258 0.1150
vn -0.8963 -0.3435 0.2803
vn -0.3609 -0.9319 0.0357
vn -0.1382 -0.9828 -0.1224
vn -0.5439 -0.8376 0.0516
vn -0.4883 -0.8615 0.1390
vn -0.3209 -0.9467 -0.0277
vn -0.1307 -0.9856 -0.1069
vn -0.7882 -0.6060 0.1070
vn -0.8992 -0.3922 0.1941
vn -0.2896 -0.9561 -0.0437
vn -0.8445 -0.3053 0.4401
vn -0.9146 -0.3920 0.0990
vn -0.1309 -0.9879 -0.0833
vn -0.4860 -0.8101 0.3280
vn -0.2802 -0.8089 0.5169
vn -0.8368 -0.5275 -0.1467
vn -0.9060 -0.4233 0.0040
vn -0.2802 -0.7932 0.5407
vn -0.2655 -0.9627 -0.0515
vn -0.3651 -0.7812 0.5064
vn -0.4391 -0.8980 0.0277
vn -0.4072 -0.9132 -0.0119
vn -0.4698 -0.8802 0.0671
vn -0.6202 -0.7782 0.0988
vn -0.6395 -0.7347 0.2264
vn -0.6453 -0.7482 0.1544
vn -0.8043 -0.5428 0.2417
vn -0.8273 -0.5423 0.1465
vn -0.6452 -0.7639 0.0119
vn -0.9108 -0.2799 0.3036
vn -0.9529 -0.2333 0.1937
vn -0.9752 0.0434 0.2172
vn -0.9682 -0.2411 0.0672
vn -0.9515 0.2961 0.0829
vn -0.9930 0.0752 0.0910
vn -0.7684 0.1300 0.6266
vn -0.8560 0.0907 0.5089
vn -0.8073 0.2717 0.5238
vn -0.7782 0.0988 0.6202
vn -0.8882 0.2961 0.3513
vn -0.8634 0.1853 0.4692
vn -0.8861 0.1300 0.4450
vn -0.6032 0.5795 -0.5480
vn -0.6463 0.5195 -0.5589
vn -0.6895 0.4452 -0.5713
vn -0.5808 0.6283 -0.5176
vn -0.6538 0.5429 -0.5270
vn -0.6829 0.4224 -0.5960
vn -0.6123 0.6044 -0.5096
vn -0.6026 0.6341 -0.4845
vn -0.6986 0.4776 -0.5328
vn -0.8533 0.3185 0.4129
vn -0.8786 0.2640 0.3979
vn -0.7248 0.3683 -0.5822
vn -0.8314 0.3428 0.4373
vn -0.9088 0.2006 0.3659
vn -0.7227 0.3357 -0.6042
vn -0.9400 0.1219 0.3186
vn -0.9051 0.0435 0.4229
vn -0.7493 0.2260 -0.6224
vn -0.7563 0.1782 -0.6295
vn -0.8023 -0.0119 0.5968
vn -0.9108 -0.0749 0.4061
vn -0.8560 -0.0907 0.5089
vn -0.7711 0.0039 -0.6367
vn -0.8399 -0.2090 0.5008
vn -0.8814 -0.1937 0.4308
vn -0.7717 -0.2572 0.5817
vn -0.7806 0.0594 -0.6221
vn -0.6962 -0.1393 -0.7042
vn -0.9525 0.0119 0.3043
vn -0.8212 -0.1468 -0.5514
vn -0.9401 -0.0983 0.3265
vn -0.9351 0.1144 0.3353
vn -0.9522 0.0277 0.3042
vn -0.9089 0.1849 0.3738
vn -0.7549 0.2885 -0.5889
vn -0.8794 0.2484 0.4062
vn -0.7486 0.3921 -0.5347
vn -0.7154 0.4861 -0.5019
vn -0.8467 0.3032 0.4372
vn -0.6109 0.5715 -0.5479
vn -0.8291 0.3183 0.4597
vn -0.7057 0.6110 -0.3587
vn -0.6991 0.5095 -0.5016
vn -0.7248 0.3921 -0.5664
vn -0.5948 0.6028 -0.5318
vn -0.7155 0.5732 -0.3993
vn -0.7391 0.4308 -0.5178
vn -0.8889 0.3279 0.3200
vn -0.7699 0.3119 -0.5567
vn -0.9002 0.2241 0.3734
vn -0.9373 0.1543 0.3125
vn -0.8282 0.2708 0.4906
vn -0.8528 0.2476 0.4598
vn -0.9180 0.2246 0.3270
vn -0.9577 0.0670 0.2798
vn -0.9520 0.1541 0.2647
vn -0.7611 0.1932 -0.6192
vn -0.9652 0.0827 0.2482
vn -0.7472 0.1621 -0.6445
vn -0.9599 0.0040 0.2804
vn -0.7698 0.0592 -0.6356
vn -0.9462 -0.0831 0.3127
vn -0.7640 -0.0040 -0.6452
vn -0.8800 -0.2013 0.4302
vn -0.9252 -0.1929 0.3268
vn -0.8970 -0.2964 0.3280
vn -0.7230 -0.3042 -0.6203
vn -0.9014 -0.3534 0.2502
vn -0.7338 -0.3054 -0.6069
vn -0.8289 -0.4402 0.3451
vn -0.8779 -0.3425 0.3346
vn -0.5760 -0.4886 -0.6554
vn -0.7182 -0.4960 -0.4881
vn -0.7639 -0.4235 0.4869
vn -0.5445 -0.6240 -0.5604
vn -0.7002 -0.3521 0.6211
vn -0.6755 -0.5253 0.5175
vn -0.8348 -0.5499 0.0277
vn -0.6424 -0.4296 0.6346
vn -0.6359 -0.5727 0.5174
vn -0.5813 -0.6208 0.5260
vn -0.4862 -0.7154 0.5019
vn -0.4519 -0.7113 0.5384
vn -0.3444 -0.7719 0.5344
vn -0.2737 -0.8289 -0.4879
vn 0.0199 -0.8289 -0.5591
vn -0.1226 -0.8821 -0.4549
vn -0.4144 -0.7379 -0.5327
vn -0.4800 -0.6624 -0.5752
vn -0.3456 -0.7587 -0.5522
vn -0.7340 -0.5753 0.3610
vn -0.6104 -0.6498 0.4529
vn -0.1936 -0.8335 -0.5175
vn -0.7961 -0.5030 0.3366
vn -0.0672 -0.8665 -0.4946
vn -0.4785 -0.8265 0.2965
vn -0.3590 -0.8324 0.4221
vn 0.0054 -0.9233 -0.3840
vn -0.4543 -0.7308 0.5095
vn -0.2797 -0.8548 0.4372
vn -0.4557 -0.7647 -0.4557
vn -0.3763 -0.8279 0.4159
vn -0.9138 -0.3758 0.1543
vn -0.9349 -0.3432 -0.0907
vn -0.2651 -0.8584 0.4391
vn -0.3357 -0.8253 0.4541
vn -0.5980 -0.6852 -0.4158
vn -0.0040 -0.8685 -0.4957
vn -0.1147 -0.8661 -0.4865
vn -0.9446 -0.3280 -0.0119
vn -0.8992 -0.3922 -0.1941
vn 0.0276 -0.8786 -0.4767
vn -0.6784 -0.6307 -0.3768
vn -0.4470 -0.8189 0.3600
vn -0.2401 -0.8856 0.3976
vn 0.0198 -0.8349 -0.5500
vn -0.0594 -0.8275 -0.5583
vn -0.2641 -0.8712 0.4139
vn -0.1934 -0.7854 -0.5880
vn -0.0834 -0.8298 -0.5519
vn -0.3196 -0.8560 0.4063
vn -0.2976 -0.7023 -0.6467
vn -0.2173 -0.7785 -0.5888
vn -0.4396 -0.8119 0.3842
vn -0.3519 -0.8502 0.3915
vn -0.0435 -0.8496 -0.5256
vn -0.1779 -0.8266 -0.5339
vn -0.4956 -0.7970 0.3451
vn -0.2494 -0.8276 -0.5029
vn -0.3200 -0.7546 -0.5729
vn -0.5902 -0.7407 0.3208
vn -0.6207 -0.7156 0.3202
vn -0.3138 -0.6871 -0.6553
vn -0.6946 -0.6549 0.2977
vn -0.2962 -0.5648 -0.7702
vn -0.4007 -0.6070 -0.6863
vn -0.4570 -0.4888 -0.7431
vn -0.7802 -0.5505 0.2971
vn -0.5175 -0.4701 -0.7150
vn -0.4402 -0.2816 -0.8526
vn -0.5832 -0.1547 -0.7974
vn -0.4876 -0.2498 -0.8366
vn -0.9018 -0.3977 0.1693
vn -0.6297 -0.1386 -0.7644
vn -0.5016 0.0118 -0.8650
vn -0.6310 0.1230 -0.7660
vn -0.6536 0.0198 -0.7566
vn -0.9533 -0.2096 0.2175
vn -0.5199 0.2341 -0.8215
vn -0.6537 0.1545 -0.7408
vn -0.6258 0.3345 -0.7046
vn -0.6442 0.2490 -0.7232
vn -0.9700 -0.0673 0.2336
vn -0.9684 0.0119 0.2490
vn -0.6520 0.3438 -0.6758
vn -0.9552 -0.0912 0.2814
vn -0.7294 0.4297 -0.5322
vn -0.4624 0.4386 -0.7706
vn -0.6332 0.5231 -0.5704
vn -0.5401 0.5243 -0.6583
vn -0.6056 0.5897 -0.5343
vn -0.6347 0.5953 -0.4928
vn -0.8158 0.3271 -0.4769
vn -0.8646 0.3593 0.3513
vn -0.6456 0.4080 -0.6456
vn -0.8398 0.1065 0.5323
vn -0.9425 0.0670 -0.3273
vn -0.6049 0.0514 -0.7947
vn -0.8581 0.0593 -0.5101
vn -0.7779 0.0277 -0.6278
vn -0.8730 0.0434 -0.4859
vn -0.7782 0.0040 -0.6280
vn -0.8594 0.0198 -0.5109
vn -0.8187 -0.0277 -0.5735
vn -0.8872 0.0039 0.4613
vn -0.9251 0.0437 -0.3772
vn -0.6836 -0.0988 -0.7231
vn -0.8713 0.0358 -0.4894
vn -0.7082 -0.3205 -0.6290
vn -0.7562 0.0356 -0.6533
vn -0.8110 -0.3125 -0.4945
vn -0.7487 0.0436 -0.6615
vn -0.7706 -0.2015 -0.6046
vn -0.6549 -0.0913 -0.7502
vn -0.6523 0.0672 -0.7550
vn -0.7232 -0.4386 -0.5335
vn -0.7334 -0.4479 -0.5114
vn -0.7470 -0.4071 -0.5256
vn -0.7480 -0.1860 -0.6371
vn -0.7397 -0.3520 -0.5735
vn -0.8646 -0.3593 -0.3514
vn -0.7493 -0.2260 -0.6224
vn -0.8859 -0.2582 -0.3854
vn -0.8399 -0.2090 -0.5008
vn -0.8081 -0.1064 -0.5794
vn -0.8899 -0.0910 -0.4469
vn -0.6621 -0.0119 -0.7493
vn -0.8596 0.0040 -0.5110
vn -0.7409 0.1149 -0.6617
vn -0.6052 0.2255 -0.7634
vn -0.7466 0.2409 -0.6202
vn -0.6679 0.3439 -0.6600
vn -0.8924 0.0992 -0.4403
vn -0.7409 0.3606 -0.5666
vn -0.8488 0.2092 -0.4856
vn -0.8977 0.0910 -0.4311
vn -0.8983 -0.0831 -0.4314
vn -0.9232 0.0040 -0.3843
vn -0.7419 0.0040 -0.6705
vn -0.9204 0.1540 -0.3594
vn -0.9214 -0.1463 -0.3599
vn -0.8249 0.0987 -0.5566
vn -0.9433 0.1776 -0.2802
vn -0.9235 -0.2101 -0.3210
vn -0.8256 -0.0909 -0.5570
vn -0.9221 -0.2889 -0.2572
vn -0.7813 -0.4085 -0.4719
vn -0.8835 -0.3685 -0.2892
vn -0.7535 -0.6351 -0.1697
vn -0.4479 -0.5827 -0.6781
vn -0.5331 -0.0908 -0.8412
vn -0.5429 -0.8282 -0.1389
vn -0.7727 -0.4161 -0.4795
vn -0.7419 -0.6705 0.0040
vn -0.9211 -0.3281 -0.2095
vn -0.5016 -0.8651 0.0039
vn -0.9384 -0.3049 -0.1623
vn -0.9235 -0.3607 -0.1308
vn -0.9272 -0.2801 0.2486
vn -0.7418 -0.6706 0.0040
vn -0.8272 -0.1148 0.5501
vn -0.8016 -0.4067 0.4383
vn -0.9200 -0.0278 0.3908
vn -0.8290 -0.5593 0.0040
vn -0.9008 -0.4246 -0.0912
vn -0.7849 -0.6193 0.0197
vn -0.8555 -0.3621 -0.3700
vn -0.9403 -0.2738 -0.2023
vn -0.9216 -0.3837 -0.0594
vn -0.8738 -0.4863 0.0040
vn -0.9075 -0.0991 -0.4082
vn -0.9232 -0.3843 0.0040
vn -0.8051 -0.0516 -0.5909
vn -0.9211 -0.3835 0.0672
vn -0.9557 -0.2340 0.1785
vn -0.8971 -0.4307 0.0988
vn -0.8962 -0.4066 0.1776
vn -0.8088 -0.5878 0.0197
vn -0.9561 -0.2658 0.1230
vn -0.8480 -0.3747 0.3747
vn -0.9209 -0.3123 0.2332
vn -0.8228 -0.1220 0.5551
vn -0.8771 -0.3770 0.2977
vn -0.8822 0.0040 0.4708
vn -0.7463 -0.1698 0.6436
vn -0.8292 -0.0747 0.5540
vn -0.7567 0.0040 -0.6537
vn -0.9387 0.0040 -0.3446
vn -0.8253 0.0039 0.5647
vn -0.9174 0.0118 0.3977
vn -0.7378 0.0197 -0.6747
vn -0.8876 0.2564 0.3826
vn -0.8703 0.2796 -0.4056
vn -0.9469 0.0198 -0.3209
vn -0.8363 0.1060 0.5379
vn -0.8704 0.0118 0.4923
vn -0.8898 0.2808 0.3599
vn -0.8468 0.0118 0.5317
vn -0.8467 0.3033 -0.4372
vn -0.9526 0.0039 0.3043
vn -0.8185 0.0356 -0.5734
vn -0.9223 0.0435 -0.3840
vn -0.8771 0.0040 -0.4803
vn -0.8411 0.0039 -0.5409
vn -0.9187 -0.0592 -0.3904
vn -0.8837 -0.1070 -0.4557
vn -0.7904 -0.4488 -0.4170
vn -0.7711 -0.6364 0.0198
vn -0.9139 -0.3204 -0.2493
vn -0.7064 -0.3118 0.6354
vn -0.7355 -0.3894 0.5545
vn -0.7294 -0.4297 0.5323
vn -0.7452 -0.4219 0.5165
vn -0.7521 -0.3425 0.5631
vn -0.8903 -0.2572 0.3759
vn -0.6834 -0.2568 0.6834
vn -0.8874 -0.1854 0.4220
vn -0.7985 -0.0983 0.5939
vn -0.9211 -0.2095 0.3281
vn -0.8391 -0.1142 0.5318
vn -0.8833 -0.1624 0.4397
vn -0.7525 -0.6343 0.1772
vn -0.7784 -0.4069 0.4781
vn -0.8219 -0.0904 0.5624
vn -0.4456 -0.5798 0.6821
vn -0.5423 -0.8273 0.1463
vn -0.9188 -0.0592 0.3904
vn -0.5296 -0.0902 0.8435
vn -0.8616 0.0118 0.5075
vn -0.7380 0.0040 0.6748
vn -0.9204 0.0039 0.3910
vn -0.7454 0.0039 0.6666
vn -0.9183 0.0670 0.3902
vn -0.7371 0.1143 0.6661
vn -0.8574 0.1146 0.5018
vn -0.7606 0.1695 0.6267
vn -0.7371 0.2326 0.6346
vn -0.6951 0.2945 0.6558
vn -0.6871 0.4201 0.5928
vn -0.7343 0.3573 0.5772
vn -0.8559 0.2169 0.4694
vn -0.8737 0.3360 0.3518
vn -0.6727 0.5153 0.5310
vn -0.8546 0.3033 0.4214
vn -0.8822 0.1701 0.4391
vn -0.9412 0.1772 0.2875
vn -0.8213 0.0982 0.5620
vn -0.8928 0.3186 0.3186
vn -0.7758 0.4135 0.4766
vn -0.8779 0.3425 0.3346
vn -0.7487 0.6390 0.1764
vn -0.4435 0.5849 0.6791
vn -0.5292 0.0980 0.8428
vn -0.6242 0.0039 0.7812
vn -0.7672 0.4210 0.4839
vn -0.5387 0.8298 0.1455
vn -0.7379 0.6749 0.0040
vn -0.5949 0.1379 0.7919
vn -0.6163 0.7656 0.1844
vn -0.5526 0.5447 0.6308
vn -0.4675 0.0039 0.8840
vn -0.4982 0.8671 0.0039
vn -0.6724 0.1375 0.7273
vn -0.6150 0.7562 0.2232
vn -0.6748 0.0039 0.7380
vn -0.5132 0.8578 0.0274
vn -0.9665 0.1775 0.1854
vn -0.7606 0.6344 0.1378
vn -0.9761 0.0040 0.2174
vn -0.6731 -0.1299 0.7280
vn -0.5955 -0.1301 0.7927
vn -0.7697 -0.4145 0.4856
vn -0.5548 -0.5392 0.6336
vn -0.6201 -0.7623 0.1856
vn -0.9571 -0.2009 0.2087
vn -0.6188 -0.7527 0.2247
vn -0.5166 -0.8558 0.0276
vn -0.7644 -0.6297 0.1386
vn -0.9590 -0.1618 0.2328
vn -0.9685 0.0040 0.2491
vn -0.6209 -0.7554 0.2096
vn -0.9284 -0.2015 0.3121
vn -0.9404 0.1692 0.2951
vn -0.9479 0.0039 0.3186
vn -0.6172 0.7587 0.2083
vn -0.9387 0.2099 0.2733
vn -0.9831 -0.1776 0.0434
vn -1.0000 0.0040 0.0040
vn -0.7343 -0.6788 0.0040
vn -0.9411 -0.2184 -0.2582
vn -0.9820 0.1854 -0.0355
vn -0.4614 -0.8872 0.0039
vn -0.9599 0.0039 -0.2805
vn -0.7304 0.6830 0.0040
vn -0.9335 0.2245 -0.2797
vn -0.4581 0.8889 0.0039
vn -0.5308 0.8375 -0.1297
vn -0.4675 0.8839 0.0118
vn -0.4924 0.8704 0.0039
vn -0.7380 0.6748 0.0040
vn -0.4768 0.8790 -0.0040
vn -0.7379 0.6749 0.0039
vn -0.9187 0.3351 0.2090
vn -0.9198 0.3672 0.1382
vn -0.8538 0.4289 0.2951
vn -0.8542 0.4763 0.2086
vn -0.7297 0.5719 0.3747
vn -0.7306 0.6358 0.2488
vn -0.6966 0.5864 0.4133
vn -0.7890 0.5691 0.2316
vn -0.9658 -0.2483 0.0749
vn -0.9494 -0.3138 -0.0119
vn -0.9058 -0.4232 0.0198
vn -0.9828 0.1382 0.1223
vn -0.6665 0.7455 0.0040
vn -0.9130 -0.4071 -0.0277
vn -0.8167 0.5721 -0.0750
vn -0.7364 0.6655 0.1221
vn -0.9837 0.1699 -0.0592
vn -0.9131 -0.3992 -0.0830
vn -0.9080 -0.4005 -0.1229
vn -0.8401 0.5245 -0.1381
vn -0.7331 0.6547 -0.1842
vn -0.9099 -0.3821 -0.1615
vn -0.7106 0.6557 -0.2552
vn -0.8747 -0.4155 -0.2493
vn -0.9546 0.1624 -0.2496
vn -0.9339 -0.3139 -0.1709
vn -0.7881 -0.5347 -0.3049
vn -0.6112 0.7373 -0.2879
vn -0.7956 -0.4552 -0.3998
vn -0.7792 -0.4549 -0.4311
vn -0.8384 -0.3854 -0.3854
vn -0.9319 -0.0357 -0.3609
vn -0.9041 -0.3356 -0.2645
vn -0.6122 0.4700 -0.6359
vn -0.7468 0.4702 -0.4702
vn -0.7173 0.5588 -0.4161
vn -0.6895 0.5161 -0.5082
vn -0.6836 0.6520 -0.3280
vn -0.7445 0.5633 -0.3585
vn -0.8671 0.2970 -0.3999
vn -0.8668 0.3681 -0.3364
vn -0.9204 0.2726 -0.2805
vn -0.7953 0.5658 -0.2176
vn -0.8954 0.3747 -0.2406
vn -0.8362 0.5033 -0.2180
vn -0.7451 0.6584 -0.1064
vn -0.8636 0.4929 -0.1065
vn -0.8051 0.5930 0.0118
vn -0.8410 0.5410 0.0039
vn -0.8574 0.5018 0.1146
vn -0.9183 0.3902 0.0671
vn -0.9204 0.3910 0.0040
vn -0.9187 0.3904 -0.0592
vn -0.5879 0.8089 0.0040
vn -0.9208 0.3675 -0.1304
vn -0.7380 0.6748 0.0039
vn -0.4518 0.8919 0.0197
vn -0.4362 0.8998 -0.0118
vn -0.4983 0.8670 0.0039
vn -0.7497 0.6399 -0.1688
vn -0.5393 0.8308 -0.1378
vn -0.7787 0.4151 -0.4704
vn -0.4459 0.5880 -0.6748
vn -0.5327 0.0986 -0.8405
vn -0.7701 0.4226 -0.4778
vn -0.6173 0.7666 -0.1769
vn -0.6280 0.0040 -0.7782
vn -0.5986 0.1388 -0.7889
vn -0.5993 -0.1310 -0.7898
vn -0.4708 0.0039 -0.8822
vn -0.5553 0.5474 -0.6262
vn -0.6761 0.1384 -0.7237
vn -0.5973 -0.1543 -0.7871
vn -0.9657 -0.1301 -0.2247
vn -0.9826 0.0040 -0.1855
vn -0.6210 -0.7633 -0.1780
vn -0.7026 -0.6867 -0.1866
vn -0.5167 -0.8559 -0.0197
vn -0.4707 -0.8823 -0.0039
vn -0.6874 -0.7112 -0.1470
vn -0.4802 -0.8771 0.0119
vn -0.4614 -0.8872 0.0040
vn -0.6723 -0.7120 -0.2028
vn -0.9521 -0.1778 -0.2489
vn -0.5967 -0.8024 0.0040
vn -0.9704 0.0040 -0.2416
vn -0.9450 -0.1541 -0.2885
vn -0.9679 -0.2489 0.0355
vn -0.9502 0.0040 -0.3115
vn -0.6705 -0.7181 0.1864
vn -0.9307 0.2020 -0.3049
vn -0.4958 -0.8684 0.0040
vn -0.9848 0.1700 -0.0356
vn -0.9607 0.1621 -0.2254
vn -0.7455 0.6665 0.0040
vn -0.9571 0.2088 -0.2009
vn -0.6257 0.7516 -0.2086
vn -0.6162 0.7575 -0.2159
vn -0.5015 0.8647 -0.0277
vn -0.4362 0.8998 0.0039
vn -0.4829 0.8756 0.0118
vn -0.6324 0.7503 0.1925
vn -0.9474 0.1926 0.2555
vn -0.6748 0.7379 0.0118
vn -0.9577 0.0039 0.2877
vn -0.9755 0.2094 0.0672
vn -0.6720 0.7191 -0.1768
vn -0.3882 0.9215 0.0039
vn -0.9416 0.1615 -0.2955
vn -0.6080 0.7806 0.1451
vn -0.5930 0.8052 0.0039
vn -0.9744 0.2249 0.0040
vn -0.7743 0.6328 0.0040
vn -0.9304 0.2256 0.2890
vn -0.9881 0.1299 0.0827
vn -1.0000 0.0039 0.0039
vn -0.9854 -0.1701 -0.0119
vn -0.9490 -0.1299 0.2873
vn -0.9577 -0.2878 0.0039
vn -0.9520 -0.1540 -0.2646
vn -0.9406 -0.1534 0.3030
vn -0.9764 -0.2096 -0.0514
vn -0.6748 -0.7380 0.0039
vn -0.6715 -0.7191 -0.1788
vn -0.3911 -0.9204 0.0039
vn -0.6706 -0.7180 0.1864
vn -0.5918 -0.8061 0.0040
vn -0.7362 -0.6725 -0.0756
vn -0.4958 -0.8685 0.0040
vn -0.5342 -0.8352 -0.1307
vn -0.4802 -0.8772 -0.0040
vn -0.4708 -0.8821 0.0119
vn 0.0666 0.6228 0.7795
vn 0.1606 0.6151 0.7719
vn 0.1218 -0.3653 0.9229
vn 0.0982 -0.5851 0.8050
vn 0.1932 -0.5323 0.8242
vn 0.2395 0.6165 0.7500
vn 0.1137 -0.3724 0.9211
vn 0.3166 0.6138 0.7232
vn 0.3099 -0.3727 0.8747
vn 0.3553 0.6989 0.6208
vn 0.3733 -0.4598 0.8057
vn 0.4592 0.6162 0.6398
vn 0.4592 -0.4513 0.7652
vn 0.2716 -0.4998 0.8225
vn 0.5680 0.5288 0.6307
vn 0.2005 -0.3027 0.9318
vn 0.2081 -0.4515 0.8677
vn 0.3899 -0.3427 0.8547
vn 0.3011 -0.4497 0.8409
vn 0.1846 -0.3967 0.8992
vn 0.2868 -0.4047 0.8683
vn 0.3495 -0.5615 0.7500
vn 0.0901 -0.3800 0.9206
vn 0.1375 0.2633 0.9549
vn 0.2470 0.2470 0.9370
vn 0.3739 -0.4132 0.8303
vn 0.3484 0.2153 0.9123
vn 0.4431 -0.4274 0.7881
vn 0.4261 0.1759 0.8874
vn 0.4370 -0.4685 0.7678
vn 0.5044 0.1603 0.8485
vn 0.4660 -0.4190 0.7792
vn 0.5218 -0.4354 0.7336
vn 0.5078 -0.4842 0.7125
vn 0.5379 -0.4279 0.7263
vn 0.5456 -0.4043 0.7341
vn 0.5692 -0.5064 0.6477
vn 0.6689 -0.3950 0.6297
vn 0.5864 -0.4841 0.6494
vn 0.6080 -0.4119 0.6787
vn 0.5917 0.6151 0.5211
vn 0.6994 -0.3087 0.6447
vn 0.7322 -0.3641 0.5755
vn 0.6375 0.6140 0.4654
vn 0.6902 0.5966 0.4095
vn 0.7958 -0.3332 0.5057
vn 0.6389 0.7172 0.2783
vn 0.8321 -0.3555 0.4258
vn 0.7493 -0.3256 0.5766
vn 0.8188 -0.2233 0.5289
vn 0.8489 -0.4146 0.3277
vn 0.8020 0.5203 0.2934
vn 0.7320 0.6537 0.1918
vn 0.9162 -0.2949 0.2713
vn 0.7465 0.6527 0.1290
vn 0.9103 -0.3711 0.1836
vn 0.7549 0.6532 0.0587
vn 0.9246 -0.3659 0.1062
vn 0.8513 -0.4669 0.2393
vn 0.9503 -0.2620 0.1681
vn 0.6709 0.7415 0.0039
vn 0.9072 -0.4202 0.0196
vn 0.8193 0.5685 -0.0745
vn 0.9143 -0.4042 -0.0275
vn 0.9663 -0.2465 0.0743
vn 0.9502 -0.3114 -0.0119
vn 0.9831 0.1371 0.1214
vn 0.7919 0.5656 0.2302
vn 0.9144 -0.3963 -0.0824
vn 0.9839 0.1686 -0.0588
vn 0.9094 -0.3976 -0.1220
vn 0.8424 0.5211 -0.1371
vn 0.7367 0.6509 -0.1832
vn 0.9112 -0.3794 -0.1603
vn 0.7145 0.6520 -0.2538
vn 0.8765 -0.4127 -0.2478
vn 0.9553 0.1612 -0.2477
vn 0.9349 -0.3117 -0.1696
vn 0.7911 -0.5313 -0.3030
vn 0.6161 0.7338 -0.2865
vn 0.7985 -0.4523 -0.3973
vn 0.7823 -0.4521 -0.4285
vn 0.8407 -0.3829 -0.3829
vn 0.9330 -0.0354 -0.3582
vn 0.9055 -0.3332 -0.2626
vn 0.7503 0.4675 -0.4675
vn 0.7211 0.5557 -0.4138
vn 0.6878 0.6485 -0.3262
vn 0.6935 0.5133 -0.5055
vn 0.7479 0.5600 -0.3564
vn 0.7982 0.5623 -0.2163
vn 0.6171 0.4677 -0.6328
vn 0.6723 0.3420 -0.6565
vn 0.7445 0.3584 -0.5633
vn 0.8687 0.3656 -0.3341
vn 0.8691 0.2949 -0.3972
vn 0.7500 0.2395 -0.6165
vn 0.8969 0.3721 -0.2389
vn 0.6102 0.2244 -0.7598
vn 0.8510 0.2078 -0.4823
vn 0.7445 0.1142 -0.6578
vn 0.6568 0.0669 -0.7511
vn 0.7521 0.0433 -0.6576
vn 0.8940 0.0985 -0.4372
vn 0.7596 0.0354 -0.6494
vn 0.6594 -0.0908 -0.7463
vn 0.6665 -0.0118 -0.7454
vn 0.8616 0.0039 -0.5076
vn 0.8107 -0.1058 -0.5758
vn 0.7738 -0.2003 -0.6009
vn 0.7528 -0.2246 -0.6188
vn 0.8915 -0.0903 -0.4438
vn 0.8732 0.0356 -0.4860
vn 0.7432 -0.3500 -0.5702
vn 0.9262 0.0434 -0.3744
vn 0.8137 -0.3105 -0.4914
vn 0.8422 -0.2076 -0.4975
vn 0.8601 0.0589 -0.5066
vn 0.8999 -0.0825 -0.4283
vn 0.9434 0.0666 -0.3249
vn 0.9243 0.0039 -0.3815
vn 0.8184 0.3250 -0.4738
vn 0.8993 0.0903 -0.4280
vn 0.6105 0.5869 -0.5318
vn 0.9216 0.1529 -0.3568
vn 0.5456 0.5221 -0.6555
vn 0.9442 0.1763 -0.2782
vn 0.8274 0.0980 -0.5529
vn 0.7454 0.0039 -0.6666
vn 0.9216 0.2706 -0.2784
vn 0.7818 0.4125 -0.4675
vn 0.7531 0.6361 -0.1678
vn 0.7416 0.6709 0.0039
vn 0.4522 0.5861 -0.6723
vn 0.5448 0.8272 -0.1372
vn 0.5383 0.0982 -0.8370
vn 0.7733 0.4201 -0.4749
vn 0.5042 0.8636 0.0039
vn 0.6220 0.7629 -0.1760
vn 0.6037 0.1381 -0.7852
vn 0.6328 0.0039 -0.7743
vn 0.5607 0.5450 -0.6234
vn 0.4769 0.0039 -0.8789
vn 0.6804 0.1377 -0.7198
vn 0.6210 0.7538 -0.2147
vn 0.9578 0.2072 -0.1994
vn 0.5074 0.8613 -0.0275
vn 0.7647 0.6313 -0.1294
vn 0.9829 0.0039 -0.1841
vn 0.4425 0.8967 -0.0118
vn 0.7601 0.0039 -0.6498
vn 0.9558 0.1455 -0.2556
vn 0.9662 -0.1291 -0.2230
vn 0.6023 -0.1536 -0.7834
vn 0.6043 -0.1304 -0.7860
vn 0.5632 -0.5394 -0.6260
vn 0.9797 0.0039 -0.2006
vn 0.5387 -0.0904 -0.8376
vn 0.7758 -0.4135 -0.4765
vn 0.8281 -0.0903 -0.5533
vn 0.4543 -0.5806 -0.6756
vn 0.9226 -0.1453 -0.3573
vn 0.7844 -0.4059 -0.4690
vn 0.9246 -0.2085 -0.3187
vn 0.7569 -0.6314 -0.1687
vn 0.5485 -0.8247 -0.1383
vn 0.8876 -0.2564 -0.3827
vn 0.9233 -0.2868 -0.2554
vn 0.7370 -0.4453 -0.5084
vn 0.8665 -0.3568 -0.3490
vn 0.7269 -0.4361 -0.5305
vn 0.7504 -0.4047 -0.5226
vn 0.8852 -0.3659 -0.2872
vn 0.7121 -0.3187 -0.6255
vn 0.7514 -0.1849 -0.6334
vn 0.6878 -0.0983 -0.7192
vn 0.8615 0.0197 -0.5074
vn 0.8213 -0.0275 -0.5698
vn 0.7810 0.0275 -0.6240
vn 0.6099 0.0512 -0.7909
vn 0.7813 0.0039 -0.6242
vn 0.6502 0.4059 -0.6423
vn 0.8748 0.0432 -0.4825
vn 0.6394 0.5923 -0.4903
vn 0.8421 0.1058 0.5288
vn 0.8666 0.3568 0.3490
vn 0.8805 0.0196 0.4736
vn 0.8889 0.0039 0.4582
vn 0.9187 0.0117 0.3948
vn 0.8278 0.0039 0.5610
vn 0.8297 -0.1140 0.5465
vn 0.9212 -0.0274 0.3880
vn 0.9397 0.0039 -0.3421
vn 0.9283 -0.2781 0.2468
vn 0.8044 -0.4042 0.4355
vn 0.9394 -0.3027 -0.1611
vn 0.8314 -0.5556 0.0039
vn 0.7879 -0.6155 0.0195
vn 0.8576 -0.3597 -0.3675
vn 0.9223 -0.3258 -0.2080
vn 0.8079 -0.0512 -0.5871
vn 0.7455 -0.6665 0.0039
vn 0.5075 -0.8616 0.0039
vn 0.9089 -0.0984 -0.4052
vn 0.7414 0.0196 -0.6708
vn 0.9412 -0.2717 -0.2008
vn 0.8721 0.2777 -0.4028
vn 0.9023 -0.4216 -0.0906
vn 0.8893 0.2546 0.3800
vn 0.9246 -0.3580 -0.1298
vn 0.8306 0.2691 0.4875
vn 0.5999 0.5999 -0.5293
vn 0.8549 0.2459 0.4568
vn 0.7194 0.5700 -0.3970
vn 0.6379 0.5206 -0.5675
vn 0.8905 0.3256 0.3178
vn 0.4685 0.4370 -0.7678
vn 0.7031 0.5067 -0.4989
vn 0.6306 0.3329 -0.7011
vn 0.9017 0.2225 0.3708
vn 0.9192 0.2230 0.3247
vn 0.7330 0.4273 -0.5292
vn 0.9527 0.1529 0.2627
vn 0.9383 0.1531 0.3102
vn 0.7427 0.4283 -0.5148
vn 0.9584 0.0665 0.2777
vn 0.9657 0.0821 0.2463
vn 0.6488 0.2477 -0.7195
vn 0.5256 0.2332 -0.8181
vn 0.9689 0.0118 0.2472
vn 0.6357 0.1224 -0.7621
vn 0.6582 0.1537 -0.7370
vn 0.9605 0.0039 0.2783
vn 0.5075 0.0118 -0.8616
vn 0.7644 0.1921 -0.6155
vn 0.5884 -0.1540 -0.7938
vn 0.6581 0.0197 -0.7527
vn 0.6344 -0.1379 -0.7606
vn 0.9705 -0.0668 0.2318
vn 0.9540 -0.2081 0.2159
vn 0.9559 -0.0905 0.2793
vn 0.9340 -0.2149 0.2853
vn 0.7730 0.0589 -0.6317
vn 0.7597 -0.1063 -0.6416
vn 0.8622 -0.3582 0.3583
vn 0.7527 -0.3271 -0.5714
vn 0.9032 -0.3949 0.1682
vn 0.8252 -0.4857 0.2883
vn 0.4936 -0.2488 -0.8333
vn 0.4466 -0.2806 -0.8496
vn 0.5232 -0.4682 -0.7121
vn 0.4633 -0.4870 -0.7404
vn 0.7833 -0.5471 0.2952
vn 0.4073 -0.6050 -0.6841
vn 0.3034 -0.5635 -0.7684
vn 0.3048 -0.7006 -0.6452
vn 0.3209 -0.6853 -0.6537
vn 0.6987 -0.6513 0.2961
vn 0.2010 -0.7841 -0.5871
vn 0.2249 -0.7771 -0.5878
vn 0.0673 -0.8271 -0.5580
vn 0.0913 -0.8292 -0.5515
vn 0.5954 -0.7373 0.3193
vn 0.4459 -0.8091 0.3829
vn 0.9007 -0.3894 -0.1927
vn -0.0119 -0.8350 -0.5501
vn 0.9454 -0.3256 -0.0118
vn 0.9359 -0.3407 -0.0901
vn 0.2475 -0.8839 0.3968
vn 0.3266 -0.8539 0.4052
vn 0.4534 -0.8160 0.3587
vn 0.2714 -0.8693 0.4131
vn 0.3589 -0.8478 0.3904
vn 0.6826 -0.6274 -0.3748
vn -0.0197 -0.8788 -0.4768
vn 0.6031 -0.6819 -0.4138
vn 0.0514 -0.8493 -0.5254
vn 0.0119 -0.8684 -0.4957
vn 0.9150 -0.3731 0.1532
vn 0.9074 -0.4203 0.0039
vn 0.2724 -0.8566 0.4382
vn 0.1225 -0.8653 -0.4860
vn 0.3426 -0.8231 0.4529
vn 0.1856 -0.8254 -0.5331
vn 0.5016 -0.7939 0.3437
vn 0.2568 -0.8259 -0.5019
vn 0.6256 -0.7121 0.3187
vn 0.3271 -0.7526 -0.5714
vn 0.7194 -0.6172 0.3185
vn 0.4145 -0.6356 -0.6514
vn 0.6020 -0.5154 -0.6099
vn 0.3832 -0.7308 -0.5649
vn 0.6250 -0.5071 -0.5935
vn 0.5632 -0.6577 -0.5002
vn 0.6338 -0.3189 -0.7047
vn 0.7361 -0.1614 -0.6574
vn 0.9029 -0.3509 0.2484
vn 0.7989 -0.4998 0.3345
vn 0.7673 -0.0039 -0.6413
vn 0.9263 -0.1915 0.3244
vn 0.7507 0.1612 -0.6407
vn 0.9470 -0.0825 0.3104
vn 0.8985 -0.2943 0.3257
vn 0.8818 -0.1999 0.4272
vn 0.9529 0.0274 0.3019
vn 0.9410 -0.0976 0.3241
vn 0.8237 -0.1458 -0.5479
vn 0.8314 -0.4374 0.3428
vn 0.7267 -0.3025 -0.6167
vn 0.7837 0.0591 -0.6183
vn 0.7376 -0.5719 0.3590
vn 0.9532 0.0118 0.3020
vn 0.7096 -0.6076 0.3567
vn 0.5862 -0.7514 0.3029
vn 0.6153 -0.6467 0.4507
vn 0.4605 -0.7281 0.5077
vn 0.4846 -0.8234 0.2954
vn 0.3659 -0.8301 0.4209
vn 0.2869 -0.8529 0.4362
vn 0.2012 -0.8322 -0.5167
vn 0.3830 -0.8254 0.4147
vn 0.0751 -0.8660 -0.4943
vn 0.0040 -0.9232 -0.3843
vn 0.4619 -0.7619 -0.4540
vn 0.8392 -0.5240 -0.1458
vn 0.9159 -0.3892 0.0983
vn -0.0119 -0.8289 -0.5592
vn 0.1304 -0.8812 -0.4544
vn 0.2874 -0.7914 0.5395
vn 0.8467 -0.3032 0.4372
vn 0.3513 -0.7698 0.5329
vn 0.7912 -0.6023 0.1063
vn 0.8979 -0.3411 0.2784
vn 0.2874 -0.8071 0.5157
vn 0.4920 -0.8069 0.3267
vn 0.1387 -0.9868 -0.0832
vn 0.5494 -0.8340 0.0514
vn 0.3719 -0.7789 0.5049
vn 0.1384 -0.9846 -0.1068
vn 0.6825 -0.7219 0.1144
vn 0.8565 -0.3950 0.3324
vn 0.1459 -0.9817 -0.1222
vn 0.6964 -0.7043 0.1377
vn 0.8203 -0.4121 0.3964
vn 0.1782 -0.9782 -0.1069
vn 0.7267 -0.6088 0.3182
vn 0.7591 -0.4523 0.4681
vn 0.6874 -0.2946 0.6639
vn 0.2415 -0.9702 -0.0198
vn 0.4842 -0.6889 0.5394
vn 0.4916 -0.8455 0.2084
vn 0.3606 -0.7410 -0.5665
vn 0.3593 -0.8016 -0.4778
vn 0.2094 -0.8891 0.4070
vn 0.5533 -0.8123 -0.1844
vn 0.3192 -0.8235 0.4689
vn 0.6867 -0.7180 -0.1138
vn 0.3992 -0.9051 0.1463
vn 0.3666 -0.7686 0.5242
vn 0.8148 -0.5787 -0.0355
vn 0.3677 -0.9292 0.0356
vn 0.4835 -0.8372 0.2555
vn 0.4535 -0.6902 0.5639
vn 0.8192 -0.5056 0.2705
vn 0.3279 -0.9443 -0.0277
vn 0.4943 -0.8582 0.1384
vn 0.2969 -0.9539 -0.0435
vn 0.4759 -0.8770 0.0669
vn 0.6092 -0.7192 0.3341
vn 0.6441 -0.7310 0.2252
vn 0.4455 -0.8949 0.0276
vn 0.2728 -0.9607 -0.0514
vn 0.6498 -0.7444 0.1536
vn 0.4138 -0.9103 -0.0118
vn 0.6250 -0.7744 0.0983
vn 0.4922 -0.7126 0.5000
vn 0.6498 -0.7600 0.0118
vn 0.8298 -0.5388 0.1455
vn 0.4582 -0.7087 0.5364
vn 0.6405 -0.5698 0.5148
vn 0.2810 -0.8271 -0.4868
vn 0.5865 -0.6180 0.5235
vn 0.8371 -0.5463 0.0275
vn 0.6470 -0.4275 0.6314
vn 0.4209 -0.7355 -0.5310
vn 0.3526 -0.7566 -0.5506
vn 0.4861 -0.6599 -0.5730
vn 0.6797 -0.5226 0.5147
vn 0.5501 -0.6213 -0.5580
vn 0.5812 -0.4863 -0.6524
vn 0.7042 -0.3501 0.6177
vn 0.7672 -0.4210 0.4839
vn 0.7220 -0.4932 -0.4853
vn 0.7374 -0.3036 -0.6033
vn 0.8797 -0.3401 0.3323
vn 0.7748 -0.2557 0.5782
vn 0.8831 -0.1923 0.4279
vn 0.7003 -0.1385 -0.7003
vn 0.7743 0.0039 -0.6328
vn 0.8422 -0.2076 0.4975
vn 0.9687 -0.2392 0.0667
vn 0.8581 -0.0901 0.5055
vn 0.9121 -0.0744 0.4032
vn 0.7596 0.1771 -0.6258
vn 0.7528 0.2247 -0.6188
vn 0.9065 0.0432 0.4199
vn 0.8051 -0.0118 0.5930
vn 0.9931 0.0746 0.0903
vn 0.8581 0.0901 0.5055
vn 0.7264 0.3337 -0.6008
vn 0.8877 0.1291 0.4419
vn 0.7813 0.0981 0.6164
vn 0.7285 0.3662 -0.5789
vn 0.6936 0.4428 -0.5682
vn 0.8654 0.1840 0.4660
vn 0.9523 0.2939 0.0823
vn 0.7716 0.1293 0.6228
vn 0.6508 0.5168 -0.5562
vn 0.8898 0.2940 0.3489
vn 0.7026 0.4749 -0.5299
vn 0.6082 0.5768 -0.5454
vn 0.6583 0.5401 -0.5243
vn 0.9101 0.1992 0.3633
vn 0.8101 0.2700 0.5204
vn 0.8804 0.2622 0.3952
vn 0.9409 0.1210 0.3162
vn 0.9361 0.1136 0.3329
vn 0.9102 0.1836 0.3711
vn 0.7583 0.2868 -0.5854
vn 0.7520 0.3898 -0.5315
vn 0.7731 0.3100 -0.5533
vn 0.7192 0.4834 -0.4991
vn 0.8811 0.2467 0.4034
vn 0.6158 0.5688 -0.5452
vn 0.8489 0.3012 0.4342
vn 0.7095 0.6077 -0.3568
vn 0.7286 0.3899 -0.5632
vn 0.8315 0.3162 0.4567
vn 0.8554 0.3164 0.4101
vn 0.9477 0.0197 -0.3185
vn 0.6172 0.6015 -0.5072
vn 0.8338 0.3406 0.4345
vn 0.8387 0.1053 0.5344
vn 0.5860 0.6254 -0.5152
vn 0.6076 0.6311 -0.4822
vn 0.8914 0.2788 0.3573
vn 0.8723 0.0117 0.4889
vn 0.8489 0.3012 -0.4342
vn 0.8490 0.0117 0.5282
vn 0.8840 0.0039 0.4675
vn 0.6871 0.4201 -0.5928
vn 0.8211 0.0354 -0.5697
vn 0.9533 0.0039 0.3021
vn 0.7717 0.2860 0.5680
vn 0.9235 0.0432 -0.3812
vn 0.7753 0.2299 0.5883
vn 0.7331 0.0510 0.6782
vn 0.7390 0.2776 0.6139
vn 0.9067 0.4121 0.0903
vn 0.8547 0.5113 0.0898
vn 0.7954 0.3095 0.5211
vn 0.7875 0.6072 0.1058
vn 0.9027 0.3634 0.2305
vn 0.8428 0.4821 0.2391
vn 0.9491 0.2226 0.2227
vn 0.9756 0.0431 0.2155
vn 0.9167 0.1677 0.3628
vn 0.9536 -0.2315 0.1923
vn 0.9404 -0.0195 0.3395
vn 0.9121 -0.2779 0.3014
vn 0.8071 -0.5394 0.2401
vn 0.7686 -0.5400 0.3429
vn 0.8533 -0.3185 0.4128
vn 0.7043 -0.5469 0.4525
vn 0.8836 -0.0903 0.4595
vn 0.7673 -0.3817 0.5154
vn 0.5292 -0.5841 0.6155
vn 0.9742 -0.1995 0.1056
vn 0.5700 -0.4835 0.6643
vn 0.9152 -0.1060 0.3889
vn 0.8088 -0.1837 0.5587
vn 0.6486 -0.3420 0.6800
vn 0.5615 -0.3495 0.7500
vn 0.9300 0.1844 0.3179
vn 0.8116 0.0039 0.5842
vn 0.8655 0.1057 0.4895
vn 0.6294 -0.2150 0.7467
vn 0.8807 0.4579 0.1213
vn 0.8659 0.3252 0.3801
vn 0.6234 -0.1216 0.7724
vn 0.7861 0.1212 0.6062
vn 0.7895 0.1846 0.5853
vn 0.8189 0.2860 0.4976
vn 0.7370 0.3704 0.5654
vn 0.6286 -0.0351 0.7769
vn 0.8038 0.4509 0.3882
vn 0.7869 0.4737 0.3954
vn 0.6010 0.0511 0.7976
vn 0.7095 0.4823 0.5138
vn 0.7526 0.6044 0.2613
vn 0.7411 0.4588 0.4902
vn 0.8246 0.4885 0.2853
vn 0.6934 0.6072 0.3878
vn 0.7071 0.0117 0.7071
vn 0.5574 0.7679 0.3158
vn 0.8723 0.0039 0.4890
vn 0.6676 0.5817 0.4646
vn 0.8433 0.0039 -0.5374
vn 0.6377 0.5751 0.5125
vn 0.8789 0.0039 -0.4769
vn 0.7813 -0.0040 0.6242
vn 0.9200 -0.0587 -0.3876
vn 0.8854 -0.1063 -0.4526
vn 0.7705 -0.0039 0.6375
vn 0.8316 -0.0742 0.5504
vn 0.8176 0.0274 0.5751
vn 0.8253 -0.1212 0.5515
vn 0.6451 0.3402 0.6842
vn 0.9564 -0.2322 0.1771
vn 0.8502 -0.3723 0.3722
vn 0.8756 -0.4830 0.0039
vn 0.7933 -0.4460 -0.4144
vn 0.7742 -0.6326 0.0197
vn 0.8115 -0.5841 0.0196
vn 0.9152 -0.3181 -0.2475
vn 0.8986 -0.4277 0.0981
vn 0.9568 -0.2638 0.1220
vn 0.7738 -0.0354 0.6324
vn 0.8977 -0.4038 0.1764
vn 0.8491 -0.0039 0.5282
vn 0.9223 -0.3807 0.0667
vn 0.8179 0.0039 0.5753
vn 0.9243 -0.3815 0.0039
vn 0.6543 -0.0039 0.7562
vn 0.9227 -0.3809 -0.0589
vn 0.7454 -0.6666 0.0039
vn 0.7454 -0.6666 0.0040
vn 0.4769 -0.8790 -0.0039
vn 0.4862 -0.8738 0.0119
vn 0.5225 -0.8524 -0.0196
vn 0.4676 -0.8840 0.0039
vn 0.5969 -0.8023 0.0039
vn 0.6258 -0.7596 -0.1771
vn 0.7066 -0.6829 -0.1855
vn 0.6915 -0.7074 -0.1462
vn 0.9528 -0.1764 -0.2471
vn 0.6766 -0.7082 -0.2018
vn 0.9371 0.0039 -0.3490
vn 0.9458 -0.1530 -0.2864
vn 0.6018 -0.7987 0.0039
vn 0.9684 -0.2471 0.0353
vn 0.9978 0.0039 -0.0665
vn 0.9421 0.1994 -0.2697
vn 0.6305 0.7480 -0.2076
vn 0.9847 0.1686 0.0432
vn 0.4425 0.8968 0.0039
vn 0.7489 0.6626 0.0040
vn 0.9651 0.0039 0.2618
vn 0.9415 0.1914 0.2774
vn 0.6371 0.7466 0.1915
vn 0.9415 -0.1523 0.3007
vn 0.9906 0.0039 0.1370
vn 0.6748 -0.7143 0.1855
vn 0.9768 -0.2080 -0.0510
vn 0.9768 0.2080 -0.0510
vn 0.9510 0.0039 -0.3092
vn 0.6791 -0.7341 0.0039
vn 0.5017 -0.8650 0.0039
vn 0.6758 -0.7153 -0.1778
vn 0.9527 -0.1528 -0.2626
vn 0.3977 -0.9175 0.0039
vn 0.9996 0.0039 -0.0275
vn 0.9583 -0.2856 0.0039
vn 0.6018 -0.7986 0.0039
vn 0.6749 -0.7142 0.1854
vn 0.9498 -0.1289 0.2852
vn 0.4862 -0.8738 -0.0040
vn 0.7398 -0.6686 -0.0752
vn 0.7453 -0.6667 0.0039
vn 0.4770 -0.8788 0.0118
vn 0.7455 -0.6665 0.0040
vn 0.5399 -0.8316 -0.1302
vn 0.9420 -0.2168 -0.2563
vn 0.5223 -0.8523 0.0275
vn 0.9856 -0.1688 -0.0117
vn 0.7380 -0.6748 0.0040
vn 0.9966 0.0039 0.0821
vn 0.6257 -0.7516 0.2086
vn 0.9584 0.0039 0.2855
vn 0.9935 0.1139 0.0039
vn 0.9665 0.2543 0.0352
vn 0.9314 0.2240 0.2869
vn 0.9404 0.2243 -0.2557
vn 0.7775 0.6289 0.0013
vn 0.9834 -0.1763 0.0431
vn 0.9820 0.1839 0.0430
vn 0.9295 -0.2000 0.3098
vn 0.9596 -0.1606 0.2311
vn 0.9280 0.2075 0.3094
vn 0.7676 -0.6259 0.1378
vn 0.7341 0.6791 0.0040
vn 0.6236 -0.7490 0.2237
vn 0.5364 0.8340 -0.1291
vn 0.6249 -0.7585 0.1848
vn 0.9578 -0.1993 0.2072
vn 0.5602 -0.5368 0.6309
vn 0.5478 -0.8238 0.1457
vn 0.9815 0.0039 0.1916
vn 0.6774 -0.1293 0.7242
vn 0.7729 -0.4120 0.4827
vn 0.6006 -0.1296 0.7890
vn 0.6791 0.0039 0.7341
vn 0.4736 0.0039 0.8807
vn 0.6766 0.1369 0.7235
vn 0.9584 0.1682 0.2308
vn 0.9563 0.2069 0.2069
vn 0.6221 0.7550 0.2073
vn 0.7640 0.6306 0.1370
vn 0.4643 0.8857 0.0039
vn 0.5190 0.8544 0.0273
vn 0.6199 0.7526 0.2221
vn 0.5579 0.5424 0.6281
vn 0.6212 0.7619 0.1835
vn 0.5999 0.1372 0.7882
vn 0.7704 0.4188 0.4807
vn 0.6290 0.0039 0.7774
vn 0.5348 0.0976 0.8393
vn 0.5352 -0.0898 0.8399
vn 0.7415 0.0040 0.6709
vn 0.4519 -0.5777 0.6797
vn 0.8244 -0.0899 0.5588
vn 0.7559 -0.6305 0.1762
vn 0.7815 -0.4044 0.4751
vn 0.9223 -0.2080 0.3258
vn 0.9221 -0.3100 0.2315
vn 0.8430 -0.3804 0.3804
vn 0.8789 -0.3744 0.2956
vn 0.7497 -0.1688 0.6398
vn 0.7390 -0.3871 0.5513
vn 0.6853 -0.0744 0.7244
vn 0.7104 -0.3100 0.6319
vn 0.9485 0.0195 0.3161
vn 0.7331 -0.4273 0.5292
vn 0.7486 -0.4194 0.5135
vn 0.8105 -0.3094 0.4973
vn 0.8919 -0.2554 0.3733
vn 0.7554 -0.3406 0.5598
vn 0.8891 -0.1841 0.4191
vn 0.8851 -0.1613 0.4366
vn 0.6876 -0.2554 0.6797
vn 0.9200 -0.0587 0.3876
vn 0.8414 -0.1135 0.5283
vn 0.8013 -0.0977 0.5902
vn 0.8636 0.0117 0.5041
vn 0.9216 0.0039 0.3882
vn 0.9195 0.0665 0.3874
vn 0.8238 0.0976 0.5584
vn 0.8594 0.1138 0.4984
vn 0.4498 0.5828 0.6767
vn 0.8839 0.1689 0.4361
vn 0.7790 0.4110 0.4736
vn 0.9421 0.1759 0.2854
vn 0.8580 0.2155 0.4662
vn 0.7522 0.6352 0.1754
vn 0.5443 0.8263 0.1449
vn 0.8943 0.3163 0.3163
vn 0.5041 0.8636 0.0039
vn 0.7415 0.6710 0.0039
vn 0.4736 0.8807 0.0118
vn 0.7415 0.6709 0.0040
vn 0.9199 0.3327 0.2075
vn 0.9210 0.3645 0.1372
vn 0.4829 0.8757 -0.0039
vn 0.4983 0.8670 0.0039
vn 0.7415 0.6709 0.0039
vn 0.6129 0.7768 0.1444
vn 0.5930 0.8052 0.0039
vn 0.3949 0.9187 0.0039
vn 0.5981 0.8014 0.0039
vn 0.6763 0.7153 -0.1759
vn 0.4890 0.8722 0.0117
vn 0.9515 0.1605 -0.2623
vn 0.6790 0.7340 0.0117
vn 0.4580 0.8887 0.0196
vn 0.9220 0.3649 -0.1295
vn 0.9200 0.3876 -0.0587
vn 0.8385 0.5000 -0.2165
vn 0.8655 0.4896 -0.1057
vn 0.7486 0.6545 -0.1058
vn 0.8433 0.5374 0.0039
vn 0.9195 0.3874 0.0666
vn 0.8078 0.5893 0.0117
vn 0.8594 0.4984 0.1138
vn 0.7399 0.6616 0.1214
vn 0.8563 0.4731 0.2072
vn 0.7343 0.6322 0.2474
vn 0.8559 0.4260 0.2931
vn 0.7334 0.5686 0.3726
vn 0.8797 0.3401 0.3323
vn 0.8568 0.3012 0.4186
vn 0.6769 0.5126 0.5282
vn 0.7006 0.5832 0.4110
vn 0.8755 0.3337 0.3494
vn 0.7378 0.3553 0.5739
vn 0.6912 0.4178 0.5896
vn 0.9809 0.0977 0.1680
vn 0.7406 0.2312 0.6309
vn 0.6991 0.2929 0.6523
vn 0.7406 0.1136 0.6622
vn 0.7639 0.1685 0.6229
vn 0.7489 0.0039 0.6627
vn 0.7633 0.0117 0.6459
vn 0.9732 0.0821 0.2150
vn 0.9640 0.1141 0.2400
vn 0.9214 -0.2000 0.3333
vn 0.9367 0.1294 0.3253
vn 0.8788 -0.2304 0.4179
vn 0.9458 0.0667 0.3179
vn 0.8858 0.1444 0.4410
vn 0.5848 -0.1530 0.7966
vn 0.9619 -0.2316 0.1453
vn 0.8983 0.0588 0.4354
vn 0.9302 -0.1531 0.3336
vn 0.8851 -0.4366 0.1613
vn 0.7706 -0.0978 0.6298
vn 0.7029 -0.3259 0.6322
vn 0.8997 0.0196 0.4361
vn 0.7255 -0.2549 0.6392
vn 0.8731 -0.3328 0.3563
vn 0.8670 0.0118 0.4982
vn 0.8776 -0.4054 0.2558
vn 0.7137 0.4953 0.4953
vn 0.8806 0.0195 0.4735
vn 0.9040 -0.3248 0.2779
vn 0.8794 -0.4062 0.2484
vn 0.5123 0.7705 0.3794
vn 0.7029 0.5222 0.4830
vn 0.4807 0.7621 0.4338
vn 0.6975 0.5183 0.4949
vn 0.4725 0.7537 0.4569
vn 0.8794 -0.4026 0.2541
vn 0.8806 0.0196 0.4735
vn 0.7004 0.5125 0.4968
vn 0.6525 0.5119 0.5588
vn 0.4412 0.7770 0.4490
vn 0.5599 0.6852 0.4659
vn 0.7526 0.4250 0.5030
vn 0.5520 -0.0039 0.8338
vn 0.6141 0.4654 0.6374
vn 0.6434 0.5966 0.4796
vn 0.4186 -0.2230 0.8803
vn 0.5514 0.3871 0.7390
vn 0.6367 0.6211 0.4570
vn 0.7008 0.5989 0.3876
vn 0.4653 -0.1916 0.8642
vn 0.4107 -0.2386 0.8800
vn 0.4906 0.8516 0.1844
vn 0.6052 0.6677 0.4334
vn 0.7444 0.4950 0.4482
vn 0.3640 -0.3249 0.8729
vn 0.3500 -0.3500 0.8689
vn 0.3803 -0.3019 0.8742
vn 0.6322 0.5930 0.4987
vn 0.4028 -0.2777 0.8721
vn 0.3656 -0.3341 0.8687
vn 0.6043 0.7134 0.3548
vn 0.3867 -0.3242 0.8633
vn 0.3490 -0.3568 0.8665
vn 0.6141 0.7158 0.3324
vn 0.3586 -0.3743 0.8551
vn 0.8498 0.3955 0.3485
vn 0.9060 0.2706 0.3255
vn 0.3255 -0.4431 0.8353
vn 0.4204 -0.2633 0.8683
vn 0.5913 0.7793 0.2076
vn 0.6451 0.6842 0.3401
vn 0.9154 0.1297 0.3811
vn 0.3337 -0.3494 0.8755
vn 0.6290 0.6914 0.3555
vn 0.2721 -0.4693 0.8400
vn 0.3024 -0.3574 0.8837
vn 0.5992 0.7089 0.3721
vn 0.2317 -0.4830 0.8444
vn 0.6752 -0.0117 0.7376
vn 0.6155 -0.0118 0.7880
vn 0.2704 -0.3488 0.8974
vn 0.5511 0.7309 0.4026
vn 0.1995 -0.4891 0.8491
vn 0.2399 -0.3422 0.9085
vn 0.4876 0.6904 0.5344
vn 0.1617 -0.4772 0.8638
vn 0.5753 0.0117 0.8179
vn 0.5424 0.0429 0.8390
vn 0.1222 -0.4454 0.8869
vn 0.1144 -0.4771 0.8714
vn 0.1447 -0.3012 0.9425
vn 0.3083 0.7530 0.5813
vn 0.0746 -0.3966 0.9150
vn 0.4906 0.0824 0.8675
vn 0.4330 0.1209 0.8933
vn -0.0821 0.1212 0.9892
vn -0.3500 -0.1534 0.9241
vn -0.4917 0.2871 0.8221
vn 0.3397 0.1679 0.9254
vn -0.2004 0.2790 0.9391
vn -0.3962 0.3021 0.8670
vn -0.2936 0.2858 0.9122
vn 0.3244 0.1915 0.9263
vn -0.3960 0.3254 0.8586
vn -0.3015 0.3015 0.9045
vn -0.3634 0.4337 0.8245
vn -0.4353 0.3725 0.8196
vn 0.3098 0.1608 0.9371
vn -0.1613 0.4523 0.8772
vn -0.4277 0.5690 0.7024
vn -0.2874 0.6733 0.6812
vn -0.0899 0.6844 0.7235
vn -0.2554 0.6718 0.6954
vn 0.2540 0.1837 0.9496
vn -0.0900 0.7712 0.6303
vn 0.0509 0.8105 0.5835
vn 0.0980 0.8114 0.5762
vn 0.2620 0.7313 0.6297
vn 0.3095 0.7954 0.5211
vn 0.4095 0.6902 0.5966
vn 0.4268 0.6774 0.5991
vn 0.4728 0.7228 0.5040
vn 0.3798 0.1527 0.9124
vn 0.4745 0.5608 0.6785
vn 0.3874 0.1370 0.9117
vn 0.4326 0.1286 0.8924
vn 0.5344 0.6281 0.5656
vn 0.4184 0.1525 0.8954
vn 0.4431 0.1059 0.8902
vn 0.4738 0.1136 0.8733
vn 0.4840 0.0984 0.8695
vn 0.4910 0.0746 0.8680
vn 0.5214 0.0666 0.8507
vn 0.5303 0.0746 0.8445
vn 0.5661 0.0273 0.8239
vn 0.5371 0.0353 0.8428
vn 0.6118 -0.0116 0.7910
vn 0.5893 -0.0039 0.8079
vn 0.5839 0.0353 0.8111
vn 0.6937 -0.0666 0.7172
vn 0.6529 -0.0665 0.7545
vn 0.6504 -0.0117 0.7595
vn 0.6279 0.5733 0.5265
vn 0.6971 0.5335 0.4790
vn 0.5847 0.6004 0.5455
vn 0.5579 0.6282 0.5423
vn 0.6114 0.6114 0.5024
vn 0.5854 0.1454 0.7976
vn 0.6284 0.6752 0.3864
vn 0.5859 -0.4522 0.6725
vn 0.6603 0.1367 0.7384
vn 0.6792 -0.3730 0.6321
vn 0.7226 0.5507 0.4179
vn 0.7332 0.1137 0.6704
vn 0.5768 -0.6082 0.5453
vn 0.7617 0.4883 0.4258
vn 0.6406 -0.5148 0.5698
vn 0.6785 -0.4746 0.5608
vn 0.6399 -0.4985 0.5849
vn 0.6648 -0.4917 0.5625
vn 0.4842 -0.5393 0.6889
vn 0.6091 -0.4676 0.6405
vn 0.2553 -0.5462 0.7978
vn 0.4672 -0.0353 0.8834
vn 0.8125 0.0824 0.5770
vn 0.7959 0.0823 0.5998
vn 0.7781 0.0899 0.6217
vn 0.7641 0.5212 0.3801
vn 0.7473 0.5836 0.3178
vn 0.7873 0.4661 0.4035
vn 0.7764 0.4175 0.4721
vn 0.7434 0.5410 0.3931
vn 0.7106 -0.0353 0.7027
vn 0.7482 -0.0431 0.6620
vn 0.6853 -0.0744 0.7245
vn 0.8149 -0.4291 0.3897
vn 0.8126 -0.4122 0.4122
vn 0.8430 -0.3803 0.3803
vn 0.9052 -0.3566 0.2312
vn 0.9139 -0.3727 0.1608
vn 0.9243 -0.3029 0.2321
vn 0.9436 -0.3015 0.1370
vn 0.9192 -0.1056 0.3794
vn 0.9931 -0.1138 0.0275
vn 0.9853 0.0275 0.1688
vn 0.9963 0.0742 0.0430
vn 0.8917 0.0275 0.4518
vn 0.9863 0.1611 0.0354
vn 0.9686 0.2470 0.0275
vn 0.9190 0.3872 0.0743
vn 0.8128 0.5379 0.2238
vn 0.8883 -0.3874 0.2465
vn 0.8526 -0.3104 0.4204
vn 0.8755 -0.3337 0.3494
vn 0.6069 0.4737 0.6382
vn 0.6927 0.5440 0.4735
vn 0.4418 0.7311 0.5199
vn 0.6289 0.3555 0.6914
vn 0.4274 0.4430 0.7881
vn 0.4955 0.2770 0.8232
vn 0.2469 0.4192 0.8737
vn 0.5371 0.2000 0.8194
vn 0.4908 0.2159 0.8441
vn 0.8188 0.0823 0.5681
vn 0.3422 0.2399 0.9085
vn 0.3478 0.2228 0.9107
vn 0.4026 0.1915 0.8951
vn 0.4355 0.1765 0.8827
vn 0.0977 0.1133 0.9887
vn 0.2937 0.0901 0.9516
vn 0.4580 -0.0274 0.8885
vn -0.5810 -0.7549 0.3044
vn -0.7057 -0.6110 0.3587
vn -0.3764 -0.7330 -0.5666
vn -0.4079 -0.6376 -0.6535
vn -0.5578 -0.6607 -0.5024
vn -0.6202 -0.5096 -0.5964
vn -0.7156 -0.6207 0.3203
vn -0.5969 -0.5179 -0.6128
vn -0.8227 -0.4889 0.2901
vn -0.6291 -0.3205 -0.7082
vn -0.8601 -0.3607 0.3607
vn -0.7492 -0.3290 -0.5748
vn -0.9330 -0.2165 0.2874
vn -0.7563 -0.1069 -0.6454
vn -0.7325 -0.1623 -0.6612
vn 0.0433 -0.9895 -0.1380
vn -0.0039 -0.9942 0.1071
vn 0.1546 -0.6621 -0.7333
vn 0.0433 -0.9884 0.1456
vn 0.1065 -0.6667 -0.7377
vn -0.0197 -0.9970 -0.0749
vn 0.1542 -0.8263 -0.5417
vn -0.0040 -0.7110 -0.7031
vn 0.0436 -0.8438 -0.5348
vn -0.1548 -0.7025 -0.6946
vn -0.0752 -0.8746 -0.4789
vn -0.2332 -0.5494 -0.8024
vn -0.1944 -0.8844 -0.4244
vn -0.3544 -0.6410 -0.6808
vn -0.3053 -0.8603 -0.4083
vn -0.4809 -0.5126 -0.7113
vn -0.4419 -0.8241 -0.3543
vn -0.6489 -0.4100 -0.6409
vn -0.6125 -0.7390 -0.2806
vn -0.7884 -0.2575 -0.5587
vn -0.7730 -0.5986 -0.2101
vn -0.8651 0.0039 -0.5016
vn -0.9033 -0.4063 -0.1380
vn -0.9013 0.2263 -0.3693
vn -0.9806 -0.1866 -0.0595
vn -0.8496 0.4465 -0.2806
vn -0.9992 0.0355 0.0197
vn -0.7514 0.5862 -0.3029
vn -0.9620 0.2573 0.0911
vn -0.7917 0.5869 -0.1694
vn -0.5768 0.7651 -0.2864
vn -0.8717 0.4536 0.1854
vn -0.6023 0.7912 -0.1063
vn -0.5130 0.8577 -0.0353
vn -0.7561 0.5994 0.2625
vn -0.4518 0.8917 0.0274
vn -0.6255 0.6806 0.3816
vn -0.3815 0.9243 -0.0118
vn -0.5308 0.7117 0.4601
vn -0.4118 0.9060 0.0981
vn -0.4274 0.8979 0.1059
vn -0.4902 0.6863 0.5373
vn -0.4991 0.8449 0.1926
vn -0.5154 0.6099 0.6020
vn -0.5462 0.8134 0.2003
vn -0.5991 0.5130 0.6148
vn -0.5878 0.7771 0.2248
vn -0.6467 0.4507 0.6153
vn -0.6165 0.7421 0.2631
vn -0.6787 0.4119 0.6081
vn -0.6161 0.7337 0.2864
vn -0.6826 0.3748 0.6274
vn -0.6422 0.3349 0.6895
vn -0.5942 0.7122 0.3738
vn -0.6739 0.3507 0.6503
vn -0.6558 0.2945 0.6951
vn -0.4827 0.7888 0.3806
vn -0.6258 0.3660 0.6888
vn -0.3656 0.8137 0.4520
vn -0.5384 0.4126 0.7348
vn -0.3983 0.4614 0.7927
vn -0.1767 0.8440 0.5064
vn -0.2225 0.4959 0.8394
vn 0.0039 0.8670 0.4982
vn 0.0039 0.5282 0.8491
vn 0.1842 0.8427 0.5058
vn 0.0039 0.4581 0.8889
vn 0.3724 0.8113 0.4507
vn 0.2299 0.4950 0.8379
vn 0.4887 0.7857 0.3794
vn 0.4049 0.4600 0.7902
vn 0.2387 0.4265 0.8724
vn 0.5439 0.4109 0.7317
vn 0.4040 0.3726 0.8354
vn 0.6209 0.7303 0.2851
vn 0.6305 0.3642 0.6854
vn 0.6213 0.7385 0.2618
vn 0.6782 0.3489 0.6468
vn 0.6868 0.3728 0.6240
vn 0.5929 0.7735 0.2238
vn 0.6829 0.4097 0.6048
vn 0.5517 0.8099 0.1995
vn 0.6512 0.4485 0.6122
vn 0.6468 0.3332 0.6860
vn 0.5049 0.8416 0.1918
vn 0.6041 0.5106 0.6119
vn 0.4337 0.8949 0.1055
vn 0.5212 0.6074 0.5996
vn 0.6054 0.3945 0.6913
vn 0.4183 0.9030 0.0977
vn 0.4961 0.6837 0.5352
vn 0.3882 0.9215 -0.0118
vn 0.5364 0.7087 0.4582
vn 0.4580 0.8885 0.0274
vn 0.4816 0.6539 0.5834
vn 0.5188 0.8542 -0.0351
vn 0.6302 0.6772 0.3797
vn 0.6072 0.7874 -0.1058
vn 0.7595 0.5959 0.2610
vn 0.5820 0.7616 -0.2851
vn 0.8736 0.4505 0.1841
vn 0.7947 0.5833 -0.1683
vn 0.7548 0.5827 -0.3012
vn 0.9626 0.2554 0.0904
vn 0.8518 0.4435 -0.2787
vn 0.9028 0.2247 -0.3666
vn 0.9992 0.0353 0.0196
vn 0.8670 0.0039 -0.4983
vn 0.9809 -0.1852 -0.0591
vn 0.7914 -0.2560 -0.5551
vn 0.9047 -0.4034 -0.1371
vn 0.6535 -0.4079 -0.6376
vn 0.7762 -0.5949 -0.2088
vn 0.4869 -0.5107 -0.7086
vn 0.6174 -0.7354 -0.2792
vn 0.7424 -0.6639 -0.0904
vn 0.3613 -0.6392 -0.6789
vn 0.8704 -0.4923 -0.0039
vn 0.2406 -0.5484 -0.8008
vn 0.4483 -0.8212 -0.3531
vn 0.3124 -0.8582 -0.4073
vn 0.1625 -0.7016 -0.6937
vn 0.3435 -0.8963 -0.2803
vn 0.0119 -0.7110 -0.7031
vn 0.0276 -0.9968 -0.0749
vn 0.4624 -0.8576 -0.2253
vn -0.0987 -0.6672 -0.7383
vn -0.0355 -0.9898 -0.1380
vn 0.6023 -0.7834 -0.1535
vn -0.1469 -0.6628 -0.7342
vn 0.0118 -0.9942 0.1071
vn -0.0354 -0.9887 0.1457
vn -0.1465 -0.8273 -0.5423
vn -0.0357 -0.8441 -0.5350
vn 0.0831 -0.8741 -0.4786
vn -0.0039 -0.9298 -0.3680
vn 0.2020 -0.8830 -0.4237
vn 0.1300 -0.9333 -0.3347
vn 0.2412 -0.9215 -0.3045
vn 0.2169 -0.9584 -0.1854
vn 0.3435 -0.9277 -0.1461
vn 0.1071 -0.9718 -0.2102
vn 0.4533 -0.8868 -0.0906
vn 0.3277 -0.9438 -0.0435
vn 0.5554 -0.8311 -0.0276
vn 0.4361 -0.8998 0.0118
vn 0.6824 -0.7297 0.0434
vn 0.5391 -0.8382 0.0826
vn 0.8050 -0.5772 0.1374
vn 0.6415 -0.7517 0.1535
vn 0.4920 -0.8540 0.1692
vn 0.5867 -0.7757 0.2323
vn 0.7415 -0.6238 0.2472
vn 0.9566 -0.2795 0.0827
vn 0.8917 -0.3889 0.2317
vn 0.9835 -0.0666 0.1685
vn 0.8256 -0.4500 0.3404
vn 0.9601 0.1450 0.2390
vn 0.9300 -0.1844 0.3178
vn 0.8731 0.3563 0.3328
vn 0.9210 0.0353 0.3880
vn 0.8672 -0.2551 0.4277
vn 0.7466 0.5355 0.3948
vn 0.8481 0.2228 0.4807
vn 0.6056 0.5743 0.5509
vn 0.7584 0.4161 0.5017
vn 0.7230 0.3322 0.6058
vn 0.8521 -0.0353 0.5222
vn 0.7920 0.1600 0.5892
vn 0.5826 0.4262 0.6921
vn 0.6694 0.2466 0.7007
vn 0.7492 0.0981 0.6551
vn 0.4428 0.5682 0.6936
vn 0.5044 0.3401 0.7937
vn 0.6069 0.1918 0.7713
vn 0.4274 0.6471 0.6314
vn 0.3629 0.5892 0.7219
vn 0.4355 0.6002 0.6709
vn 0.5268 0.4955 0.6906
vn 0.3954 0.5442 0.7400
vn 0.3868 0.4571 0.8009
vn 0.3249 0.5128 0.7947
vn 0.4559 0.4636 0.7598
vn 0.3476 0.4882 0.8006
vn 0.3636 0.3480 0.8641
vn 0.3174 0.4036 0.8581
vn 0.4404 0.2533 0.8613
vn 0.5125 0.1291 0.8489
vn 0.1301 -0.2562 0.9578
vn 0.0980 -0.2863 0.9531
vn 0.1453 -0.2316 0.9619
vn 0.6907 0.0429 0.7219
vn 0.1839 -0.2778 0.9429
vn 0.7874 -0.1058 0.6073
vn 0.7066 -0.1523 0.6910
vn 0.7973 -0.3024 0.5223
vn 0.7279 -0.3423 0.5941
vn 0.6007 -0.1688 0.7814
vn 0.6289 -0.3399 0.6993
vn 0.7559 -0.4896 0.4347
vn 0.6797 -0.5147 0.5226
vn 0.6800 -0.6486 0.3420
vn 0.6245 -0.6480 0.4360
vn 0.5385 -0.7665 0.3499
vn 0.5456 -0.6555 0.5221
vn 0.6015 -0.5071 0.6172
vn 0.4602 -0.7592 0.4602
vn 0.1683 -0.4267 0.8886
vn 0.4528 -0.8466 0.2796
vn 0.2087 -0.5632 0.7995
vn 0.1536 -0.3663 0.9177
vn -0.6197 -0.1066 0.7776
vn -0.7466 -0.2410 0.6202
vn -0.7439 -0.4054 0.5313
vn -0.6049 0.0514 0.7947
vn -0.8088 0.0119 0.5879
vn -0.6991 -0.5648 0.4384
vn -0.7150 -0.4701 0.5175
vn -0.5880 -0.7616 0.2723
vn -0.6512 -0.6197 0.4381
vn 0.0118 -0.4043 0.9145
vn -0.4232 -0.8504 0.3125
vn -0.3913 -0.8657 0.3123
vn -0.3044 -0.9052 0.2964
vn -0.2565 -0.9274 0.2723
vn 0.1926 -0.2555 0.9474
vn -0.1934 -0.9354 0.2960
vn -0.0985 -0.9730 0.2088
vn 0.2872 -0.3029 0.9087
vn -0.0908 -0.9753 0.2014
vn 0.0513 -0.9672 0.2487
vn 0.3630 0.3708 0.8548
vn 0.3734 -0.3262 0.8684
vn 0.1065 -0.9823 0.1538
vn 0.4030 0.4264 0.8098
vn 0.4420 0.3325 0.8331
vn 0.5033 0.3628 0.7842
vn 0.4512 -0.3335 0.8278
vn 0.5205 0.2700 0.8101
vn 0.5514 0.3715 0.7469
vn 0.5654 0.3003 0.7682
vn 0.6083 0.3022 0.7339
vn 0.5744 0.2306 0.7854
vn 0.6056 0.2540 0.7541
vn 0.6380 0.2622 0.7240
vn 0.5133 -0.3409 0.7876
vn 0.5895 0.1913 0.7848
vn 0.1463 -0.9771 0.1543
vn 0.5443 -0.3642 0.7557
vn -0.0435 -0.9539 0.2969
vn 0.1142 -0.9886 0.0985
vn -0.0435 -0.8896 0.4547
vn 0.4932 -0.8404 0.2249
vn 0.5934 -0.4048 0.6957
vn 0.2874 -0.9568 0.0433
vn 0.7821 -0.4205 0.4598
vn 0.1386 -0.9782 0.1544
vn 0.5016 -0.8413 0.2014
vn 0.4654 -0.5515 0.6923
vn 0.3257 -0.8985 0.2943
vn -0.1382 -0.4540 0.8802
vn -0.3275 -0.7458 0.5801
vn 0.7577 -0.3808 0.5300
vn -0.0355 -0.3908 0.9198
vn 0.7598 -0.3110 0.5709
vn -0.1377 -0.1927 0.9715
vn 0.6949 -0.3572 0.6242
vn -0.7613 -0.4300 0.4852
vn -0.2164 -0.4287 0.8771
vn 0.7390 -0.2776 0.6139
vn -0.2328 -0.4143 0.8799
vn 0.7016 -0.2626 0.6624
vn 0.7174 -0.2156 0.6625
vn -0.2559 -0.4212 0.8701
vn 0.7171 -0.1920 0.6700
vn 0.6998 -0.0977 0.7076
vn -0.2640 -0.4610 0.8472
vn 0.7175 -0.0588 0.6940
vn -0.2407 -0.4854 0.8405
vn 0.6537 0.0431 0.7555
vn 0.6710 0.1060 0.7338
vn -0.2006 -0.5075 0.8380
vn 0.5692 0.1688 0.8047
vn 0.5834 0.2545 0.7713
vn -0.1695 -0.5163 0.8395
vn 0.4744 0.2784 0.8352
vn 0.4808 0.3558 0.8014
vn -0.1294 -0.5217 0.8433
vn 0.3811 0.3576 0.8526
vn 0.3793 0.4340 0.8172
vn -0.1062 -0.5231 0.8456
vn 0.2615 0.4176 0.8702
vn 0.2698 0.4966 0.8250
vn -0.0907 -0.5479 0.8316
vn 0.1295 0.4513 0.8829
vn 0.1138 0.5375 0.8356
vn -0.0590 -0.5780 0.8139
vn -0.0117 0.5574 0.8302
vn 0.0040 0.3653 0.9309
vn -0.0745 0.5450 0.8351
vn -0.1133 0.4490 0.8863
vn -0.1998 0.5133 0.8346
vn -0.0118 -0.5879 0.8088
vn -0.3426 0.4529 0.8231
vn -0.2460 0.4256 0.8708
vn 0.0275 -0.5928 0.8049
vn -0.5093 0.3513 0.7856
vn -0.3948 0.3713 0.8404
vn -0.6565 0.2005 0.7272
vn -0.5540 0.2632 0.7898
vn 0.0980 -0.5529 0.8274
vn 0.0750 -0.5721 0.8168
vn 0.3739 -0.8303 0.4132
vn 0.0434 -0.5874 0.8082
vn 0.2730 -0.8822 0.3837
vn 0.3660 -0.9012 0.2322
vn 0.1863 -0.9075 0.3765
vn 0.4079 -0.9068 0.1069
vn 0.2648 -0.9447 0.1937
vn 0.3039 -0.9513 0.0513
vn 0.2089 -0.9737 -0.0907
vn 0.1855 -0.9826 0.0040
vn 0.0907 -0.9893 -0.1143
vn 0.1462 -0.9759 0.1620
vn 0.0513 -0.9985 -0.0197
vn -0.0119 -0.9743 -0.2249
vn 0.0832 -0.9228 0.3762
vn 0.0040 -0.9904 0.1381
vn -0.0436 -0.9223 0.3840
vn -0.0749 -0.9970 -0.0197
vn -0.1622 -0.9057 0.3916
vn -0.1301 -0.9818 0.1380
vn -0.2878 -0.8635 0.4140
vn -0.2720 -0.9499 0.1537
vn -0.2174 -0.9760 -0.0119
vn -0.3830 -0.8174 0.4304
vn -0.3770 -0.9088 0.1786
vn -0.3446 -0.9387 0.0040
vn -0.4877 -0.7493 0.4480
vn -0.5192 -0.8284 0.2101
vn -0.4956 -0.8683 0.0198
vn -0.5963 -0.6673 0.4462
vn -0.6607 -0.7160 0.2255
vn -0.6531 -0.7560 0.0435
vn -0.7785 -0.5888 0.2173
vn -0.7939 -0.6043 0.0671
vn -0.7961 -0.4396 0.4159
vn -0.8721 -0.4460 0.2013
vn -0.8889 -0.4543 0.0593
vn -0.8253 -0.2882 0.4857
vn -0.9276 -0.3197 0.1934
vn -0.1929 -0.7284 0.6575
vn -0.8857 -0.3583 0.2953
vn 0.0825 -0.8125 0.5770
vn -0.9504 -0.3037 0.0670
vn -0.7942 -0.5967 0.1146
vn -0.3921 -0.8832 0.2575
vn -0.0354 -0.8369 0.5462
vn 0.5151 -0.8532 0.0826
vn -0.3838 -0.9220 0.0515
vn 0.4597 -0.8761 0.1454
vn -0.5551 -0.8228 0.1220
vn -0.4853 -0.8562 0.1775
vn -0.6705 -0.7418 -0.0119
vn -0.8418 -0.5334 0.0830
vn -0.9524 -0.3043 0.0198
vn -0.5592 -0.8289 -0.0119
vn -0.4943 -0.8660 -0.0751
vn -0.8771 -0.4802 -0.0119
vn -0.6863 -0.7260 -0.0436
vn -0.7554 -0.6525 -0.0593
vn -0.9387 -0.3446 -0.0040
vn -0.8372 -0.5436 -0.0595
vn -0.6153 -0.7820 -0.0992
vn -0.6963 -0.7041 -0.1392
vn -0.4710 -0.8746 -0.1148
vn -0.5817 -0.7954 -0.1701
vn -0.3213 -0.9400 -0.1150
vn -0.4483 -0.8688 -0.2102
vn -0.1702 -0.9777 -0.1227
vn -0.3056 -0.9249 -0.2262
vn -0.0356 -0.9918 -0.1225
vn -0.1541 -0.9602 -0.2331
vn -0.1541 -0.9204 -0.3594
vn -0.2733 -0.8199 -0.5031
vn -0.4091 -0.8539 -0.3217
vn -0.3912 -0.7863 -0.4781
vn -0.1145 -0.8955 0.4300
vn 0.2161 -0.4755 0.8528
vn 0.2623 -0.4111 0.8731
vn -0.1854 -0.8717 0.4536
vn 0.3022 -0.4121 0.8596
vn -0.4954 -0.7490 -0.4399
vn -0.2414 -0.8349 0.4946
vn -0.5350 -0.7966 -0.2814
vn -0.6056 -0.6926 -0.3919
vn -0.3658 -0.7355 0.5703
vn 0.1914 -0.3476 0.9179
vn -0.6550 -0.7184 -0.2342
vn -0.7156 -0.6287 -0.3045
vn -0.7793 -0.6053 -0.1621
vn -0.6905 -0.6037 0.3985
vn -0.8822 -0.4391 -0.1701
vn -0.9244 -0.3769 -0.0595
vn -0.5230 -0.4443 0.7274
vn 0.0824 -0.3964 0.9144
vn -0.7888 -0.6144 -0.0198
vn -0.6922 -0.7159 -0.0910
vn -0.2017 -0.7159 0.6684
vn 0.0039 -0.2637 0.9646
vn -0.1462 -0.9843 -0.0988
vn -0.2092 -0.9669 -0.1460
vn 0.0000 -0.9471 0.3210
vn 0.2093 -0.7147 0.6673
vn -0.0746 -0.3966 0.9150
vn 0.0040 -0.9879 -0.1548
vn 0.2167 -0.9653 -0.1458
vn 0.5286 -0.4425 0.7244
vn -0.1838 -0.3481 0.9193
vn 0.6963 -0.7120 -0.0905
vn 0.1540 -0.9831 -0.0987
vn 0.0040 -0.9924 -0.1226
vn 0.0039 -0.8952 0.4456
vn -0.5348 -0.8360 0.1228
vn -0.3906 -0.7773 0.4932
vn -0.6659 -0.7447 0.0433
vn -0.6822 -0.5797 0.4456
vn -0.8615 -0.5042 0.0595
vn -0.8491 -0.5174 0.1066
vn -0.6135 -0.7875 0.0593
vn -0.3430 -0.5400 0.7686
vn -0.8272 -0.5501 0.1148
vn -0.5166 -0.8558 -0.0276
vn -0.8348 -0.5262 0.1622
vn -0.4648 -0.8779 0.1152
vn -0.0277 -0.9996 -0.0040
vn -0.4486 -0.8933 -0.0278
vn -0.4964 -0.8380 0.2264
vn -0.0592 -0.9907 -0.1224
vn -0.4857 -0.8726 0.0513
vn 0.0039 -0.9951 0.0991
vn -0.1146 -0.9837 -0.1383
vn -0.2970 -0.8671 0.3999
vn -0.1622 -0.9845 -0.0672
vn 0.0039 -0.9893 -0.1458
vn 0.0040 -0.9841 -0.1778
vn 0.0039 -0.9982 -0.0592
vn 0.0039 -0.5842 0.8116
vn 0.0040 -0.9060 0.4233
vn 0.3042 -0.8651 0.3989
vn 0.1699 -0.9832 -0.0672
vn 0.3499 -0.5386 0.7665
vn 0.3973 -0.7749 0.4917
vn 0.6864 -0.5766 0.4432
vn 0.4917 -0.8693 0.0511
vn 0.1223 -0.9828 -0.1381
vn 0.5405 -0.8324 0.1223
vn 0.8513 -0.5139 0.1059
vn 0.4549 -0.8901 -0.0277
vn 0.0670 -0.9902 -0.1223
vn 0.5223 -0.8523 -0.0275
vn 0.0039 -0.9999 -0.0119
vn 0.0356 -0.9994 -0.0040
vn 0.8636 -0.5008 0.0591
vn 0.0040 -0.9925 0.1226
vn 0.6703 -0.7408 0.0431
vn 0.6184 -0.7837 0.0591
vn 0.5647 -0.8252 -0.0118
vn 0.5002 -0.8626 -0.0749
vn 0.8440 -0.5300 0.0824
vn 0.6905 -0.7221 -0.0434
vn 0.6748 -0.7379 -0.0119
vn 0.7917 -0.6105 -0.0197
vn 0.9531 -0.3020 0.0196
vn 0.9397 -0.3420 -0.0039
vn 0.9255 -0.3741 -0.0591
vn 0.8839 -0.4361 -0.1689
vn 0.8396 -0.5400 -0.0591
vn 0.6946 -0.6004 0.3963
vn 0.7824 -0.6016 -0.1612
vn 0.7194 -0.6251 -0.3027
vn 0.3726 -0.7334 0.5686
vn -0.2796 -0.4056 0.8702
vn 0.6595 -0.7147 -0.2330
vn 0.2488 -0.8333 0.4937
vn -0.2951 -0.4131 0.8616
vn 0.6106 -0.6893 -0.3900
vn 0.1930 -0.8704 0.4529
vn -0.2550 -0.4119 0.8748
vn 0.5013 -0.7461 -0.4382
vn 0.1223 -0.8947 0.4296
vn -0.2086 -0.4763 0.8542
vn 0.3979 -0.7839 -0.4766
vn 0.2806 -0.8181 -0.5020
vn 0.4156 -0.8511 -0.3207
vn 0.2969 -0.8907 -0.3444
vn 0.1618 -0.9192 -0.3590
vn 0.5406 -0.7932 -0.2802
vn 0.3128 -0.9226 -0.2257
vn 0.4546 -0.8657 -0.2095
vn 0.5869 -0.7917 -0.1694
vn 0.1618 -0.9590 -0.2328
vn 0.3283 -0.9376 -0.1147
vn 0.1779 -0.9764 -0.1226
vn 0.0197 -0.9742 -0.2248
vn 0.4771 -0.8714 -0.1144
vn 0.0434 -0.9915 -0.1225
vn 0.0119 -0.9298 -0.3680
vn -0.1222 -0.9342 -0.3351
vn -0.0992 -0.9726 -0.2104
vn -0.2338 -0.9232 -0.3051
vn -0.2094 -0.9600 -0.1857
vn -0.0828 -0.9900 -0.1144
vn -0.2014 -0.9753 -0.0908
vn -0.3365 -0.8987 -0.2811
vn -0.3365 -0.9302 -0.1465
vn -0.4561 -0.8607 -0.2260
vn -0.3207 -0.9462 -0.0436
vn -0.5972 -0.7871 -0.1543
vn -0.4470 -0.8899 -0.0910
vn -0.7388 -0.6677 -0.0909
vn -0.5499 -0.8348 -0.0277
vn -0.4298 -0.9029 0.0118
vn -0.8685 -0.4957 -0.0039
vn -0.6781 -0.7336 0.0436
vn -0.9559 -0.2816 0.0833
vn -0.8022 -0.5809 0.1383
vn -0.5335 -0.8417 0.0830
vn -0.6368 -0.7555 0.1543
vn -0.9832 -0.0671 0.1698
vn -0.8900 -0.3916 0.2334
vn -0.7379 -0.6274 0.2486
vn -0.9595 0.1461 0.2408
vn -0.9290 -0.1858 0.3202
vn -0.8231 -0.4529 0.3427
vn -0.8712 0.3587 0.3351
vn -0.9198 0.0355 0.3908
vn -0.8652 -0.2568 0.4306
vn -0.7431 0.5386 0.3971
vn -0.8459 0.2243 0.4839
vn -0.6006 0.5770 0.5535
vn -0.7550 0.4186 0.5047
vn -0.4756 0.6564 0.5856
vn -0.7192 0.3341 0.6092
vn -0.4210 0.6492 0.6334
vn -0.4365 0.5702 0.6960
vn -0.5774 0.4281 0.6952
vn -0.7891 0.1610 0.5928
vn -0.6651 0.2479 0.7044
vn -0.4985 0.3415 0.7968
vn -0.8499 -0.0356 0.5257
vn -0.7457 0.0986 0.6589
vn -0.6019 0.1928 0.7750
vn -0.7844 -0.1064 0.6110
vn -0.6866 0.0431 0.7258
vn -0.7944 -0.3043 0.5256
vn -0.7525 -0.4925 0.4373
vn -0.7242 -0.3443 0.5976
vn -0.6758 -0.6520 0.3438
vn -0.6755 -0.5175 0.5254
vn -0.6197 -0.6512 0.4381
vn -0.5815 -0.7793 0.2334
vn -0.5329 -0.7698 0.3513
vn -0.4860 -0.8573 0.1699
vn -0.5401 -0.6584 0.5243
vn -0.4012 -0.9097 0.1072
vn -0.4465 -0.8496 0.2806
vn -0.2968 -0.9536 0.0514
vn -0.3591 -0.9038 0.2329
vn -0.4540 -0.7619 0.4619
vn -0.3670 -0.8328 0.4144
vn -0.2574 -0.9466 0.1941
vn -0.1778 -0.9841 0.0039
vn -0.2656 -0.8841 0.3845
vn -0.0434 -0.9989 -0.0197
vn -0.1384 -0.9770 0.1622
vn 0.0827 -0.9964 -0.0197
vn 0.0039 -0.9904 0.1381
vn -0.1786 -0.9088 0.3770
vn -0.0753 -0.9234 0.3765
vn 0.1379 -0.9808 0.1379
vn 0.2249 -0.9743 -0.0118
vn 0.0515 -0.9220 0.3838
vn 0.3516 -0.9361 0.0040
vn 0.2792 -0.9479 0.1534
vn 0.1699 -0.9046 0.3911
vn 0.0197 -0.5878 0.8087
vn 0.0668 -0.5777 0.8135
vn 0.2950 -0.8616 0.4131
vn -0.0196 -0.5930 0.8050
vn 0.3838 -0.9061 0.1781
vn -0.0355 -0.5876 0.8084
vn 0.5016 -0.8649 0.0198
vn -0.0671 -0.5724 0.8172
vn 0.6202 -0.7782 -0.0988
vn -0.0903 -0.5533 0.8281
vn 0.7003 -0.7003 -0.1385
vn 0.7588 -0.6487 -0.0590
vn 0.6576 -0.7521 0.0433
vn 0.8789 -0.4769 -0.0118
vn 0.7968 -0.6005 0.0667
vn 0.8905 -0.4511 0.0588
vn 0.5250 -0.8250 0.2092
vn 0.6651 -0.7123 0.2243
vn 0.3897 -0.8149 0.4291
vn 0.4937 -0.7464 0.4463
vn 0.7816 -0.5852 0.2160
vn 0.6013 -0.6642 0.4441
vn 0.1371 -0.5211 0.8424
vn 0.1771 -0.5156 0.8383
vn 0.7031 -0.5617 0.4360
vn 0.1140 -0.5227 0.8449
vn 0.8740 -0.4429 0.1999
vn 0.0985 -0.5475 0.8310
vn -0.2542 0.4184 0.8720
vn -0.1218 0.4517 0.8838
vn -0.3744 0.3586 0.8551
vn -0.2625 0.4976 0.8267
vn -0.4683 0.2794 0.8382
vn -0.3725 0.4353 0.8196
vn -0.4748 0.3571 0.8044
vn -0.1060 0.5379 0.8363
vn -0.5782 0.2556 0.7748
vn 0.0195 0.5573 0.8301
vn -0.5638 0.1695 0.8083
vn 0.1210 0.4486 0.8855
vn 0.2082 -0.5067 0.8366
vn 0.2533 0.4248 0.8691
vn 0.2481 -0.4844 0.8389
vn 0.4013 0.3702 0.8378
vn 0.2074 0.5125 0.8333
vn 0.5594 0.2621 0.7863
vn 0.3495 0.4517 0.8209
vn 0.5151 0.3500 0.7824
vn 0.0823 0.5447 0.8346
vn 0.0039 0.3653 0.9309
vn -0.0039 -0.4043 0.9146
vn 0.6609 0.1995 0.7235
vn 0.6099 0.0511 0.7909
vn 0.8116 0.0118 0.5842
vn -0.2012 -0.5641 0.8008
vn 0.6245 -0.1061 0.7738
vn -0.5964 -0.5096 0.6202
vn -0.1607 -0.4272 0.8897
vn 0.7500 -0.2395 0.6165
vn -0.6242 -0.3415 0.7027
vn 0.7493 -0.3256 0.5767
vn -0.1459 -0.3667 0.9188
vn 0.7474 -0.4030 0.5282
vn 0.7188 -0.4674 0.5146
vn -0.1763 -0.2782 0.9442
vn -0.5957 -0.1696 0.7851
vn -0.7027 -0.1531 0.6948
vn -0.5067 0.1296 0.8523
vn -0.0903 -0.2865 0.9538
vn -0.4341 0.2542 0.8643
vn -0.3801 0.4585 0.8033
vn -0.1223 -0.2565 0.9588
vn -0.3561 0.5909 0.7239
vn -0.3568 0.3490 0.8665
vn -0.4291 0.6023 0.6732
vn -0.3178 0.5141 0.7967
vn -0.3888 0.5459 0.7422
vn -0.5211 0.4976 0.6935
vn -0.3407 0.4894 0.8027
vn -0.6004 0.3963 0.6946
vn -0.4496 0.4653 0.7625
vn -0.5459 0.3731 0.7502
vn -0.6033 0.3036 0.7374
vn -0.6333 0.2636 0.7277
vn -0.5601 0.3016 0.7716
vn -0.6007 0.2552 0.7577
vn -0.4975 0.3643 0.7873
vn -0.3964 0.4278 0.8123
vn -0.5147 0.2711 0.8134
vn -0.4357 0.3336 0.8360
vn -0.3103 0.4046 0.8602
vn -0.5691 0.2316 0.7890
vn -0.3562 0.3719 0.8572
vn -0.1376 -0.2319 0.9630
vn -0.1850 -0.2559 0.9488
vn -0.2799 -0.3036 0.9108
vn -0.3666 -0.3271 0.8710
vn -0.4449 -0.3347 0.8307
vn -0.0435 -0.9676 0.2488
vn -0.5075 -0.3423 0.7907
vn -0.0987 -0.9831 0.1539
vn -0.1386 -0.9782 0.1545
vn 0.1063 -0.9722 0.2086
vn 0.0986 -0.9746 0.2012
vn 0.0514 -0.9536 0.2968
vn 0.2639 -0.9255 0.2718
vn 0.2010 -0.9339 0.2956
vn 0.3980 -0.8629 0.3113
vn 0.3115 -0.9030 0.2958
vn 0.4297 -0.8476 0.3114
vn 0.5931 -0.7581 0.2711
vn 0.6557 -0.6165 0.4359
vn 0.0514 -0.8893 0.4545
vn -0.1064 -0.9894 0.0985
vn -0.4872 -0.8436 0.2258
vn -0.5388 -0.3658 0.7589
vn -0.5883 -0.4066 0.6989
vn -0.2802 -0.9590 0.0434
vn -0.7790 -0.4231 0.4627
vn -0.1308 -0.9793 0.1546
vn -0.4957 -0.8446 0.2022
vn -0.7543 -0.3831 0.5332
vn -0.4593 -0.5535 0.6948
vn 0.1459 -0.4535 0.8793
vn -0.7565 -0.3129 0.5743
vn -0.3186 -0.9008 0.2950
vn -0.6908 -0.3592 0.6276
vn -0.5844 0.1922 0.7884
vn 0.2238 -0.4280 0.8756
vn -0.6177 0.2321 0.7514
vn -0.1295 -0.7890 0.6006
vn -0.6359 0.2488 0.7306
vn -0.5095 -0.7624 0.3989
vn -0.6506 0.2800 0.7059
vn -0.5748 -0.7968 0.1863
vn -0.6097 0.2950 0.7356
vn -0.5944 0.2637 0.7597
vn -0.5204 0.3326 0.7865
vn -0.5088 0.2958 0.8085
vn -0.5856 0.2398 0.7743
vn -0.5078 0.2795 0.8149
vn -0.5462 0.2004 0.8134
vn -0.4983 0.2314 0.8356
vn -0.4258 0.3165 0.8476
vn -0.4353 0.2705 0.8587
vn -0.4032 0.3406 0.8494
vn -0.3179 0.3022 0.8987
vn -0.3974 0.3738 0.8381
vn -0.2864 0.3727 0.8827
vn -0.2557 0.3894 0.8849
vn -0.2313 0.4272 0.8741
vn 0.0039 0.4267 0.9044
vn 0.0039 0.4109 0.9117
vn 0.2630 0.3886 0.8831
vn 0.0039 0.3489 0.9371
vn 0.2936 0.3718 0.8807
vn 0.4097 0.3395 0.8467
vn 0.5261 0.3312 0.7833
vn 0.4322 0.3154 0.8449
vn 0.6147 0.2936 0.7321
vn 0.5146 0.2946 0.8052
vn 0.3249 0.3014 0.8964
vn 0.6552 0.2785 0.7023
vn 0.0039 -0.1447 0.9895
vn 0.6603 0.2930 0.6915
vn 0.6405 0.2475 0.7270
vn 0.5995 0.2625 0.7561
vn 0.6225 0.2310 0.7478
vn 0.5907 0.2386 0.7708
vn 0.5136 0.2784 0.8116
vn 0.5516 0.1995 0.8099
vn 0.5041 0.2306 0.8323
vn 0.4416 0.2696 0.8558
vn 0.2163 -0.4129 0.8847
vn 0.2236 -0.3962 0.8905
vn 0.2949 -0.3972 0.8691
vn 0.0039 -0.8374 0.5465
vn 0.0198 -0.8189 0.5736
vn 0.0197 -0.8088 0.5878
vn -0.1613 -0.4366 0.8851
vn -0.2241 -0.7667 0.6016
vn -0.6211 -0.5736 0.5340
vn -0.5013 -0.6118 0.6118
vn -0.0118 -0.7303 0.6830
vn -0.7482 -0.4236 0.5107
vn -0.3731 -0.6402 0.6716
vn 0.0276 -0.7452 0.6663
vn -0.0039 -0.7265 0.6872
vn 0.0039 -0.7601 0.6498
vn 0.0040 -0.7304 0.6830
vn -0.3192 -0.6740 0.6662
vn -0.0119 -0.8190 0.5736
vn 0.0040 -0.7601 0.6498
vn -0.7272 -0.4049 0.5543
vn -0.3997 -0.7084 0.5817
vn 0.4927 -0.8316 0.2562
vn -0.4378 -0.6665 0.6034
vn -0.7363 -0.3504 0.5789
vn 0.5801 -0.7932 0.1855
vn 0.5153 -0.7593 0.3973
vn -0.3915 -0.7000 0.5972
vn 0.6475 -0.7496 0.1374
vn 0.1372 -0.7882 0.5999
vn 0.5332 -0.8254 0.1856
vn -0.4943 -0.6921 0.5260
vn -0.8029 -0.2650 0.5340
vn -0.4775 -0.8088 0.3432
vn -0.8643 -0.3749 0.3354
vn -0.3574 -0.6873 0.6323
vn -0.0040 -0.9777 0.2098
vn 0.0355 -0.8084 0.5876
vn 0.0355 -0.9198 0.3908
vn 0.0040 -0.9761 0.2173
vn 0.0039 -0.8789 0.4769
vn 0.0040 -0.7851 0.6194
vn 0.0040 -0.7454 0.6666
vn -0.0276 -0.8086 0.5877
vn -0.0276 -0.9200 0.3909
vn 0.0119 -0.9777 0.2098
vn 0.0040 -0.9951 0.0991
vn 0.5024 -0.8347 0.2255
vn 0.4709 -0.8747 0.1148
vn 0.8296 -0.5465 0.1140
vn 0.8371 -0.5228 0.1611
vn 0.5605 -0.8192 0.1215
vn 0.8662 -0.3723 0.3332
vn 0.4913 -0.8529 0.1769
vn 0.3905 -0.9192 0.0513
vn -0.5093 -0.8566 0.0829
vn 0.7971 -0.5930 0.1139
vn 0.3987 -0.8804 0.2566
vn 0.9512 -0.3014 0.0665
vn 0.9286 -0.3174 0.1920
vn 0.8874 -0.3557 0.2932
vn 0.7990 -0.4369 0.4133
vn 0.8277 -0.2864 0.4825
vn 0.0432 -0.8367 0.5460
vn 0.2713 -0.4601 0.8454
vn 0.2005 -0.7272 0.6565
vn 0.2633 -0.4204 0.8683
vn -0.6958 -0.0983 0.7115
vn -0.7135 -0.2168 0.6662
vn -0.6492 0.0433 0.7594
vn -0.6667 0.1065 0.7377
vn -0.7137 -0.0591 0.6979
vn -0.7132 -0.1931 0.6738
vn -0.6976 -0.2641 0.6661
vn -0.7354 -0.2792 0.6174
vn 0.2402 -0.4135 0.8782
vn -0.0746 -0.8130 0.5774
vn -0.4534 -0.8793 0.1459
vn -0.5275 -0.8289 0.1864
vn 0.4835 -0.8058 0.3420
vn 0.5003 -0.6894 0.5239
vn 0.8057 -0.2633 0.5306
vn 0.3982 -0.6978 0.5953
vn -0.6429 -0.7534 0.1381
vn 0.3642 -0.6854 0.6306
vn 0.7399 -0.3484 0.5755
vn 0.4441 -0.6642 0.6013
vn 0.3263 -0.6723 0.6645
vn -0.4867 -0.8349 0.2572
vn 0.7309 -0.4026 0.5511
vn 0.4063 -0.7062 0.5799
vn 0.3346 -0.7438 0.5786
vn 0.7517 -0.4211 0.5076
vn 0.0434 -0.3907 0.9195
vn 0.7646 -0.4274 0.4823
vn 0.1454 -0.1925 0.9705
vn 0.3798 -0.6382 0.6696
vn 0.5072 -0.6094 0.6094
vn 0.6259 -0.5708 0.5314
vn 0.1690 -0.4361 0.8839
vn -0.2087 -0.4136 0.8862
vn 0.2316 -0.7654 0.6005
vn 0.0197 -0.7303 0.6829
vn -0.0118 -0.8089 0.5879
vn -0.2877 -0.3981 0.8711
vn 0.0118 -0.7264 0.6871
vn -0.0197 -0.7453 0.6664
vn -0.2161 -0.3969 0.8921
vn -0.8276 0.2494 -0.5029
vn -0.3436 -0.3041 -0.8885
vn -0.7057 0.3587 -0.6110
vn 0.4291 0.4055 -0.8071
vn -0.7094 0.4082 -0.5746
vn 0.5084 0.4454 -0.7370
vn 0.6408 -0.0432 -0.7665
vn -0.5631 0.5394 -0.6261
vn 0.1860 -0.5977 -0.7798
vn 0.5242 0.3666 -0.7686
vn 0.0040 -0.1702 -0.9854
vn 0.5165 0.4219 -0.7452
vn 0.0039 0.4519 -0.8920
vn -0.1784 -0.5986 -0.7810
vn 0.3505 -0.3032 -0.8861
vn -0.5185 0.3681 -0.7718
vn -0.6360 -0.0434 -0.7704
vn -0.4227 0.4069 -0.8098
vn -0.5107 0.4236 -0.7482
vn 0.0039 0.5168 -0.8561
vn 0.8300 0.2479 -0.4996
vn 0.7096 0.3568 -0.6077
vn -0.5025 0.4471 -0.7400
vn 0.7133 0.4059 -0.5714
vn -0.5107 0.4869 -0.7086
vn -0.5016 0.5095 -0.6991
vn 0.5684 0.5371 -0.6233
vn 0.7125 0.5078 -0.4842
vn -0.3900 0.6105 -0.6893
vn 0.7102 0.5532 -0.4355
vn -0.5012 0.6275 -0.5959
vn -0.5813 0.5260 -0.6209
vn 0.7112 0.5855 -0.3890
vn -0.5009 0.6823 -0.5325
vn -0.5072 0.6172 -0.6015
vn 0.0040 0.5968 -0.8024
vn 0.0039 0.6666 -0.7454
vn 0.5165 0.4850 -0.7057
vn 0.5865 0.5235 -0.6180
vn 0.5075 0.5075 -0.6963
vn 0.3966 0.6087 -0.6872
vn 0.5130 0.6148 -0.5991
vn -0.7086 0.5107 -0.4869
vn 0.5071 0.6250 -0.5935
vn -0.7062 0.5563 -0.4379
vn 0.5068 0.6797 -0.5303
vn -0.7073 0.5888 -0.3912
vn 0.5158 0.6655 -0.5395
vn -0.5628 0.7203 -0.4054
vn 0.5069 0.7190 -0.4754
vn -0.7079 0.6446 -0.2887
vn 0.5060 0.7491 -0.4275
vn -0.7046 0.6732 -0.2244
vn 0.5061 0.7886 -0.3492
vn 0.5156 0.7123 -0.4762
vn 0.5148 0.7427 -0.4283
vn 0.5046 0.8175 -0.2777
vn -0.7076 0.6839 -0.1779
vn 0.5137 0.7803 -0.3568
vn -0.7043 0.6964 -0.1377
vn 0.5040 0.8323 -0.2306
vn -0.7047 0.7047 -0.0827
vn 0.5781 0.7983 -0.1691
vn 0.5137 0.8116 -0.2784
vn 0.5131 0.8266 -0.2311
vn 0.0039 0.9215 -0.3882
vn 0.0039 0.9510 -0.3092
vn 0.4113 0.8893 -0.1998
vn 0.0039 0.8756 -0.4830
vn 0.0039 0.9690 -0.2471
vn 0.0039 0.8433 -0.5374
vn -0.5078 0.7834 -0.3582
vn 0.0039 0.7919 -0.6107
vn -0.5090 0.7457 -0.4300
vn -0.5098 0.7152 -0.4781
vn 0.0039 0.7340 -0.6791
vn -0.5100 0.6682 -0.5417
vn -0.5010 0.7219 -0.4773
vn -0.5001 0.7521 -0.4292
vn 0.5682 0.7171 -0.4036
vn -0.5002 0.7918 -0.3506
vn 0.7118 0.6410 -0.2871
vn 0.7086 0.6694 -0.2231
vn -0.4987 0.8207 -0.2788
vn 0.7115 0.6800 -0.1769
vn -0.5079 0.8148 -0.2795
vn -0.4982 0.8356 -0.2315
vn 0.7082 0.6926 -0.1369
vn -0.5073 0.8299 -0.2321
vn -0.5728 0.8019 -0.1699
vn 0.7086 0.7008 -0.0822
vn -0.4048 0.8922 -0.2004
vn -0.4988 0.8602 -0.1060
vn 0.0039 0.9812 -0.1931
vn -0.5067 0.8523 -0.1296
vn 0.5125 0.8489 -0.1291
vn 0.0039 0.9935 -0.1139
vn 0.5047 0.8568 -0.1056
vn 0.5125 0.8567 -0.0587
vn -0.5067 0.8601 -0.0589
vn -0.5607 0.8273 -0.0353
vn 0.5038 0.8631 -0.0352
vn -0.7069 0.7068 0.0276
vn 0.5134 0.8581 0.0118
vn -0.7042 0.7042 0.0905
vn 0.5038 0.8631 0.0351
vn -0.7035 0.6956 0.1454
vn 0.5047 0.8568 0.1056
vn 0.5150 0.8532 0.0826
vn 0.0039 0.9994 -0.0353
vn 0.0039 0.9987 0.0509
vn -0.5075 0.8616 0.0118
vn -0.4979 0.8665 -0.0353
vn -0.5092 0.8566 0.0829
vn 0.5660 0.8236 -0.0351
vn -0.4980 0.8665 0.0353
vn 0.7108 0.7029 0.0275
vn 0.7081 0.7003 0.0900
vn -0.4988 0.8602 0.1061
vn 0.7074 0.6918 0.1446
vn -0.5090 0.8483 0.1460
vn 0.5676 0.7946 0.2153
vn -0.4979 0.8507 0.1686
vn 0.7073 0.6683 0.2306
vn -0.4991 0.8371 0.2240
vn -0.5075 0.8380 0.2006
vn 0.0039 0.9916 0.1293
vn 0.0039 0.9797 0.2007
vn 0.5148 0.8449 0.1454
vn 0.0039 0.9651 0.2618
vn 0.5037 0.8474 0.1679
vn 0.5133 0.8346 0.1998
vn -0.5623 0.7982 0.2163
vn 0.5050 0.8338 0.2231
vn -0.7034 0.6719 0.2318
vn 0.5136 0.8193 0.2548
vn 0.5057 0.8192 0.2705
vn -0.5621 0.7665 0.3105
vn -0.7047 0.6338 0.3188
vn 0.5057 0.7958 0.3332
vn 0.5121 0.8015 0.3088
vn -0.7057 0.6110 0.3587
vn 0.5050 0.7712 0.3875
vn -0.7061 0.5799 0.4063
vn 0.5025 0.7441 0.4402
vn 0.5108 0.7758 0.3704
vn 0.5135 0.7486 0.4194
vn 0.5048 0.7003 0.5047
vn -0.7052 0.5319 0.4689
vn 0.5108 0.7135 0.4796
vn -0.5612 0.5612 0.6083
vn 0.5067 0.6402 0.5774
vn 0.5115 0.6598 0.5505
vn -0.7047 0.4213 0.5709
vn 0.5064 0.5692 0.6477
vn -0.7049 0.3741 0.6026
vn 0.5047 0.5047 0.7004
vn 0.5129 0.5912 0.6225
vn 0.5126 0.5282 0.6769
vn 0.5055 0.4428 0.7406
vn 0.5135 0.4587 0.7252
vn -0.5600 0.3563 0.7480
vn -0.6030 0.2641 0.7528
vn 0.5061 0.3492 0.7886
vn 0.5123 0.3793 0.7705
vn -0.6966 0.2007 0.6888
vn -0.5717 -0.3904 0.7216
vn 0.2857 -0.3954 0.8730
vn 0.5055 0.2469 0.8268
vn 0.3750 -0.6436 0.6672
vn 0.6080 0.2628 0.7492
vn 0.4425 0.2624 0.8575
vn 0.5134 0.3018 0.8034
vn 0.0039 0.3256 0.9455
vn -0.3682 -0.6455 0.6692
vn -0.4362 0.2633 0.8605
vn -0.2785 -0.3962 0.8749
vn 0.5770 -0.3886 0.7184
vn -0.4996 0.2478 0.8300
vn 0.7007 0.1996 0.6850
vn -0.5076 0.3030 0.8066
vn -0.5003 0.3506 0.7917
vn 0.5653 0.3548 0.7447
vn 0.7089 0.3720 0.5993
vn -0.4996 0.4445 0.7435
vn -0.5065 0.3809 0.7735
vn 0.0039 0.4043 0.9146
vn 0.0039 0.5041 0.8636
vn -0.5077 0.4605 0.7281
vn 0.0039 0.5842 0.8116
vn -0.4989 0.5067 0.7031
vn -0.5068 0.5303 0.6796
vn 0.0039 0.6543 0.7562
vn 0.7087 0.4189 0.5677
vn 0.0039 0.7376 0.6752
vn 0.5665 0.5588 0.6056
vn -0.5005 0.5715 0.6503
vn 0.7091 0.5289 0.4663
vn -0.5008 0.6428 0.5797
vn -0.5071 0.5935 0.6250
vn -0.5056 0.6625 0.5527
vn -0.4989 0.7031 0.5067
vn 0.7100 0.5767 0.4041
vn 0.0039 0.8079 0.5893
vn -0.5050 0.7164 0.4815
vn 0.0039 0.8582 0.5133
vn -0.4967 0.7470 0.4419
vn -0.5077 0.7516 0.4211
vn 0.0039 0.8921 0.4519
vn 0.7096 0.6076 0.3567
vn -0.4991 0.7743 0.3891
vn 0.7086 0.6304 0.3171
vn -0.5050 0.7789 0.3719
vn -0.4998 0.7989 0.3345
vn 0.5674 0.7632 0.3092
vn -0.4998 0.8225 0.2715
vn -0.5063 0.8047 0.3101
vn 0.0039 0.9187 0.3948
vn -0.5078 0.8226 0.2558
vn 0.0039 0.9455 0.3256
vn 0.0040 -0.8630 -0.5051
vn -0.0426 -0.8896 -0.4548
vn 0.0514 -0.8893 -0.4545
vn -0.0910 -0.8899 -0.4469
vn 0.0988 -0.8893 -0.4466
vn -0.1304 -0.8891 -0.4386
vn 0.1382 -0.8882 -0.4382
vn -0.1701 -0.8899 -0.4232
vn 0.1777 -0.8887 -0.4226
vn -0.2094 -0.8891 -0.4070
vn 0.2170 -0.8876 -0.4063
vn -0.2490 -0.8894 -0.3834
vn 0.2564 -0.8876 -0.3826
vn -0.2880 -0.8878 -0.3591
vn 0.2952 -0.8857 -0.3583
vn -0.3200 -0.8889 -0.3279
vn 0.3270 -0.8866 -0.3271
vn -0.3514 -0.8882 -0.2960
vn 0.3582 -0.8857 -0.2952
vn -0.3854 -0.8859 -0.2582
vn 0.3921 -0.8832 -0.2574
vn -0.4092 -0.8859 -0.2185
vn 0.4158 -0.8830 -0.2177
vn -0.4321 -0.8840 -0.1784
vn 0.4385 -0.8810 -0.1778
vn -0.4481 -0.8843 -0.1309
vn 0.4544 -0.8812 -0.1304
vn -0.4568 -0.8857 -0.0834
vn 0.4630 -0.8825 -0.0831
vn -0.4799 -0.8766 -0.0357
vn 0.4860 -0.8732 -0.0356
vn -0.4234 -0.9060 0.0040
vn 0.4298 -0.9029 0.0039
vn -0.4798 -0.8763 0.0436
vn 0.4858 -0.8730 0.0435
vn -0.4564 -0.8851 0.0913
vn 0.4627 -0.8818 0.0909
vn -0.4481 -0.8844 0.1309
vn 0.4544 -0.8812 0.1304
vn -0.4397 -0.8833 0.1624
vn 0.4461 -0.8802 0.1618
vn -0.4237 -0.8830 0.2020
vn 0.4301 -0.8800 0.2013
vn -0.3848 -0.8928 0.2341
vn 0.3916 -0.8900 0.2334
vn -0.3972 -0.7985 0.4523
vn 0.4038 -0.7960 0.4509
vn -0.1384 -0.8582 0.4943
vn 0.1461 -0.8572 0.4938
vn -0.0354 -0.9098 0.4135
vn 0.0433 -0.9095 0.4134
vn -0.0514 -0.9048 0.4228
vn 0.0593 -0.9044 0.4226
vn -0.0670 -0.9183 0.3902
vn 0.0748 -0.9178 0.3900
vn -0.0672 -0.9527 0.2964
vn 0.0751 -0.9522 0.2962
vn -0.0984 -0.9016 0.4212
vn 0.1062 -0.9009 0.4209
vn -0.1304 -0.8812 0.4544
vn 0.1382 -0.8803 0.4539
vn -0.1464 -0.8824 0.4471
vn 0.1541 -0.8814 0.4466
vn -0.1454 -0.8842 0.4440
vn 0.1531 -0.8831 0.4435
vn -0.1063 -0.8854 0.4526
vn 0.1140 -0.8846 0.4522
vn -0.0433 -0.8864 0.4609
vn 0.0512 -0.8861 0.4607
vn 0.0039 -0.8616 0.5076
vn 0.0039 -1.0000 0.0039
vn -0.9193 -0.3512 0.1775
vn -0.9180 -0.1694 0.3586
vn -0.7059 -0.5087 0.4929
vn -0.8872 -0.4614 0.0040
vn -0.7310 -0.6441 0.2252
vn -0.9206 -0.3517 -0.1699
vn -0.7304 -0.6830 0.0040
vn -0.9549 -0.2100 -0.2100
vn -0.7323 -0.6453 -0.2177
vn -0.7086 -0.5106 -0.4869
vn -0.9206 -0.1699 -0.3516
vn -0.8504 0.0040 -0.5261
vn -0.7306 -0.2488 -0.6358
vn -0.8845 0.2102 -0.4164
vn -0.7781 0.0040 -0.6281
vn -0.9294 0.2650 -0.2571
vn -0.7292 0.2562 -0.6345
vn -0.7057 0.5165 -0.4850
vn -0.8830 0.4237 -0.2019
vn -0.9129 0.2806 -0.2964
vn -0.8469 0.5317 0.0039
vn -0.7285 0.6498 -0.2166
vn -0.9337 0.3270 -0.1458
vn -0.9333 0.1299 -0.3347
vn -0.9818 0.1380 -0.1302
vn -0.9271 0.0039 -0.3747
vn -0.9857 0.0673 -0.1544
vn -0.9342 -0.1222 -0.3351
vn -0.9812 0.0039 -0.1931
vn -0.9149 -0.2733 -0.2970
vn -0.9862 -0.0594 -0.1545
vn -0.9269 -0.3382 -0.1631
vn -0.9829 -0.1303 -0.1303
vn -0.9837 -0.1699 -0.0592
vn -0.9271 -0.3748 0.0039
vn -0.9854 -0.1702 0.0039
vn -0.9256 -0.3376 0.1708
vn -0.9832 -0.1698 0.0671
vn -0.9818 -0.1301 0.1380
vn -0.9127 -0.2726 0.3042
vn -0.7269 -0.2476 0.6406
vn -0.9246 -0.1298 0.3581
vn -0.9823 -0.0592 0.1775
vn -0.7743 0.0039 0.6328
vn -0.8840 0.0039 0.4675
vn -0.9422 0.0039 0.3350
vn -0.9168 0.1771 0.3580
vn -0.9841 0.0039 0.1778
vn -0.9818 0.0670 0.1774
vn -0.9236 0.1376 0.3577
vn -0.9808 0.1379 0.1379
vn -0.7255 0.2549 0.6393
vn -0.9107 0.2799 0.3036
vn -0.7030 0.5145 0.4909
vn -0.9517 0.2172 0.2172
vn -0.8816 0.4230 0.2095
vn -0.6930 0.6774 0.2467
vn -0.9252 0.3504 0.1457
vn -0.7525 0.6580 0.0276
vn -0.9845 0.1621 0.0673
vn -0.9102 0.4137 -0.0197
vn -0.9797 0.2006 0.0039
vn -0.9850 0.1622 -0.0594
vn 0.9524 0.2156 0.2156
vn 0.8833 0.4200 0.2081
vn 0.9180 0.1758 0.3555
vn 0.7070 0.5117 0.4882
vn 0.8491 0.5282 0.0039
vn 0.6971 0.6737 0.2453
vn 0.8847 0.4207 -0.2006
vn 0.7559 0.6541 0.0274
vn 0.9304 0.2630 -0.2552
vn 0.7322 0.6461 -0.2154
vn 0.7096 0.5137 -0.4823
vn 0.8862 0.2087 -0.4135
vn 0.8526 0.0039 -0.5226
vn 0.7329 0.2547 -0.6309
vn 0.9218 -0.1687 -0.3491
vn 0.7812 0.0039 -0.6242
vn 0.9556 -0.2084 -0.2084
vn 0.7343 -0.2474 -0.6322
vn 0.7125 -0.5078 -0.4842
vn 0.9218 -0.3491 -0.1687
vn 0.9162 -0.2713 -0.2949
vn 0.8888 -0.4582 0.0039
vn 0.7359 -0.6415 -0.2165
vn 0.9280 -0.3357 -0.1619
vn 0.9352 -0.1213 -0.3326
vn 0.9832 -0.1293 -0.1292
vn 0.9282 -0.3721 0.0039
vn 0.9839 -0.1686 -0.0588
vn 0.9864 -0.0590 -0.1533
vn 0.7340 -0.6791 0.0040
vn 0.7347 -0.6404 0.2239
vn 0.9205 -0.3487 0.1762
vn 0.9540 -0.2080 0.2159
vn 0.7098 -0.5059 0.4902
vn 0.9192 -0.1682 0.3560
vn 0.9268 -0.3352 0.1696
vn 0.8857 0.0039 0.4643
vn 0.7306 -0.2461 0.6369
vn 0.7292 0.2535 0.6356
vn 0.7774 0.0039 0.6290
vn 0.9140 -0.2707 0.3021
vn 0.9258 -0.1289 0.3555
vn 0.9821 -0.1291 0.1369
vn 0.9835 -0.1685 0.0666
vn 0.9826 -0.0587 0.1761
vn 0.9856 -0.1689 0.0039
vn 1.0000 0.0039 0.0039
vn 0.9431 0.0039 0.3325
vn 0.9843 0.0039 0.1764
vn 0.9248 0.1366 0.3552
vn 0.9821 0.0665 0.1761
vn 0.9121 0.2779 0.3014
vn 0.9811 0.1368 0.1368
vn 0.9263 0.3479 0.1446
vn 0.9847 0.1609 0.0668
vn 0.9115 0.4108 -0.0196
vn 0.9800 0.1991 0.0039
vn 0.9347 0.3246 -0.1447
vn 0.9852 0.1609 -0.0589
vn 0.9142 0.2786 -0.2942
vn 0.9821 0.1370 -0.1292
vn 0.9343 0.1290 -0.3323
vn 0.9859 0.0668 -0.1532
vn 0.9815 0.0039 -0.1916
vn 0.9282 0.0039 -0.3720
vn 0.0039 -0.6872 0.7265
vn -0.7769 0.5639 0.2800
vn -0.5772 0.3573 0.7343
vn -0.6800 0.6565 0.3263
vn -0.5388 0.7511 0.3816
vn -0.6415 0.1535 0.7516
vn -0.8862 0.4136 0.2088
vn -0.3976 0.3897 0.8307
vn -0.3658 0.8379 0.4052
vn -0.7148 0.0198 0.6990
vn -0.9649 0.2324 0.1221
vn -0.2786 0.4591 0.8436
vn -0.1999 0.8818 0.4272
vn -0.8450 -0.0668 0.5306
vn -0.9992 0.0277 0.0277
vn -0.1292 0.4974 0.8578
vn 0.0039 0.9013 0.4331
vn -0.7719 -0.2732 0.5740
vn -0.9850 -0.1622 -0.0593
vn -0.6331 -0.2163 0.7432
vn -0.7521 -0.4292 0.5001
vn -0.9204 -0.3595 -0.1540
vn -0.7029 -0.3102 0.6401
vn -0.7015 -0.5668 0.4320
vn -0.8274 -0.5107 -0.2336
vn -0.6895 -0.4452 0.5713
vn -0.6176 -0.6963 0.3658
vn -0.6774 -0.6694 -0.3050
vn -0.6509 -0.5562 0.5167
vn -0.9459 -0.2810 0.1623
vn -0.4775 -0.7616 0.4381
vn -0.8931 -0.4406 0.0913
vn -0.5807 -0.6755 0.4543
vn -0.8021 -0.5966 0.0277
vn -0.4391 -0.8584 0.2651
vn -0.4733 -0.7995 -0.3699
vn -0.5022 -0.7711 0.3915
vn -0.6907 -0.7223 -0.0355
vn -0.2955 -0.9339 0.2010
vn -0.3041 -0.8650 -0.3990
vn -0.3843 -0.8596 0.3367
vn -0.5331 -0.8411 -0.0908
vn -0.1626 -0.9718 0.1706
vn -0.1464 -0.8978 -0.4154
vn -0.2646 -0.9202 0.2883
vn -0.3537 -0.9261 -0.1312
vn -0.0040 -0.9881 0.1536
vn -0.0040 -0.9090 -0.4168
vn 0.1464 -0.8978 -0.4153
vn -0.1223 -0.9588 0.2565
vn -0.1864 -0.9715 -0.1467
vn 0.1778 -0.9679 0.1778
vn 0.3287 -0.8593 -0.3920
vn 0.0040 -0.9685 0.2490
vn 0.3116 -0.9269 0.2091
vn 0.4855 -0.7934 -0.3671
vn 0.1221 -0.9568 0.2638
vn -0.0039 -0.9840 -0.1779
vn 0.2720 -0.9183 0.2877
vn 0.1937 -0.9689 -0.1542
vn -0.0040 -0.9812 0.1931
vn 0.3910 -0.8570 0.3357
vn 0.3743 -0.9181 -0.1300
vn 0.4455 -0.8554 0.2642
vn 0.6738 -0.6738 -0.3034
vn 0.1936 -0.9602 0.2016
vn 0.4758 -0.7590 0.4444
vn 0.5006 -0.7687 0.3981
vn 0.5387 -0.8376 -0.0904
vn 0.6176 -0.6963 0.3658
vn 0.8266 -0.5132 -0.2311
vn 0.5787 -0.6731 0.4605
vn 0.6826 -0.7299 -0.0355
vn 0.3340 -0.9156 0.2240
vn 0.4834 -0.8373 0.2555
vn 0.8021 -0.5966 0.0277
vn 0.1221 -0.6654 0.7364
vn 0.5962 -0.7462 0.2961
vn 0.1774 -0.6427 0.7453
vn 0.2316 -0.6005 0.7654
vn 0.0591 -0.6818 0.7291
vn -0.0907 -0.1695 0.9814
vn -0.1761 -0.2231 0.9588
vn -0.0352 -0.2155 0.9759
vn -0.4350 0.3174 0.8426
vn 0.0039 -0.6019 0.7986
vn -0.3345 0.4603 0.8223
vn -0.1678 0.4487 0.8778
vn -0.0039 -0.0984 0.9951
vn -0.0512 -0.6822 0.7294
vn 0.0511 -0.1610 0.9856
vn 0.0196 0.5841 0.8115
vn -0.1783 -0.9630 0.2020
vn -0.3133 -0.9242 0.2182
vn -0.1060 -0.6710 0.7338
vn -0.4796 -0.8363 0.2656
vn -0.1621 -0.6444 0.7473
vn 0.1137 -0.1372 0.9840
vn 0.1218 -0.2398 0.9632
vn -0.5948 -0.7445 0.3033
vn -0.2241 -0.6016 0.7667
vn 0.1850 -0.2244 0.9568
vn -0.6907 -0.6276 0.3592
vn -0.2637 -0.5629 0.7834
vn -0.7605 -0.5004 0.4138
vn -0.2957 -0.5088 0.8085
vn 0.2152 -0.2543 0.9429
vn 0.2475 -0.2946 0.9230
vn -0.3758 -0.4628 0.8029
vn 0.5912 0.3015 0.7481
vn -0.8039 -0.3525 0.4791
vn 0.2244 -0.3503 0.9093
vn -0.3254 -0.3960 0.8586
vn -0.9593 -0.0987 0.2645
vn -0.7764 -0.2483 0.5793
vn -0.3182 -0.3419 0.8842
vn -0.9349 0.0907 0.3432
vn 0.2702 -0.3878 0.8812
vn -0.3036 -0.2799 0.9107
vn 0.2633 -0.4361 0.8605
vn 0.8094 -0.0743 0.5826
vn -0.7445 0.0512 0.6656
vn 0.7618 0.0664 0.6445
vn 0.8677 -0.2081 0.4515
vn 0.6850 0.1996 0.7006
vn 0.6208 -0.1054 0.7769
vn 0.3645 -0.1841 0.9128
vn 0.4898 0.0980 0.8663
vn 0.4210 -0.3266 0.8462
vn -0.4219 -0.5165 0.7452
vn -0.3262 -0.6485 0.6878
vn 0.3323 0.1289 0.9343
vn 0.4102 0.2696 0.8713
vn 0.3394 0.5423 0.7686
vn 0.1918 0.5049 0.8416
vn 0.2146 0.2616 0.9410
vn -0.1775 -0.7453 0.6427
vn 0.0588 0.0039 0.9983
vn -0.2085 -0.5862 0.7829
vn 0.0117 -0.0118 0.9999
vn 0.0039 -0.7743 0.6328
vn -0.0432 0.0040 0.9991
vn -0.2243 0.2558 0.9403
vn 0.1851 -0.7442 0.6418
vn -0.3253 0.1294 0.9367
vn -0.1064 -0.6500 0.7525
vn -0.5762 0.3096 0.7564
vn -0.4839 0.0985 0.8695
vn -0.2078 -0.2548 0.9444
vn -0.6808 0.2007 0.7044
vn 0.3350 -0.6502 0.6819
vn 0.2710 -0.5617 0.7817
vn -0.2401 -0.2952 0.9248
vn -0.3643 -0.1841 0.9129
vn 0.6948 -0.6242 0.3572
vn 0.3030 -0.5076 0.8066
vn -0.7584 0.0668 0.6483
vn -0.2547 -0.3408 0.9050
vn 0.7638 -0.4975 0.4113
vn -0.6160 -0.1060 0.7806
vn 0.8909 -0.4435 0.0981
vn 0.3183 -0.4597 0.8291
vn 0.6482 -0.5539 0.5225
vn -0.8066 -0.0748 0.5863
vn 0.9216 -0.3568 -0.1529
vn 0.6791 -0.4436 0.5849
vn 0.7496 -0.4356 0.4984
vn 0.9852 -0.1609 -0.0589
vn 0.9462 -0.2709 0.1767
vn 0.8678 -0.2238 0.4437
vn 0.9992 0.0274 0.0274
vn 0.7082 -0.2856 0.6456
vn 0.7647 -0.1294 0.6313
vn 0.9655 0.2307 0.1211
vn 0.8044 -0.3571 0.4748
vn 0.7109 0.0196 0.7030
vn 0.8907 0.4042 0.2080
vn 0.6885 -0.1377 0.7121
vn 0.6430 0.1442 0.7521
vn 0.7783 0.5592 0.2855
vn 0.6458 -0.0196 0.7632
vn 0.9434 0.0665 0.3249
vn 0.5755 0.3484 0.7399
vn 0.6706 0.6628 0.3333
vn 0.5356 0.7545 0.3792
vn 0.5814 0.0976 0.8077
vn 0.8905 0.2236 0.3962
vn 0.8004 0.3788 0.4646
vn 0.4983 0.2001 0.8436
vn 0.4014 0.3702 0.8378
vn 0.3781 0.8303 0.4093
vn 0.6838 0.5041 0.5275
vn 0.2696 0.4416 0.8558
vn 0.2074 0.8804 0.4265
vn 0.3570 0.1922 0.9141
vn 0.5208 0.6304 0.5756
vn 0.2923 0.3626 0.8849
vn 0.1450 0.5056 0.8505
vn 0.1677 0.4331 0.8856
vn 0.3496 0.7188 0.6010
vn 0.0039 0.5893 0.8079
vn 0.1914 0.7537 0.6288
vn 0.3168 0.4810 0.8175
vn -0.1601 0.4179 0.8943
vn 0.0039 0.7562 0.6543
vn -0.2935 0.3718 0.8807
vn -0.1849 0.7514 0.6334
vn -0.3410 0.7174 0.6075
vn -0.3741 0.2166 0.9017
vn -0.5205 0.6380 0.5675
vn -0.5058 0.2157 0.8352
vn -0.3027 0.4834 0.8214
vn -0.5935 0.1061 0.7978
vn -0.6935 0.4976 0.5210
vn -0.4507 0.3723 0.8113
vn -0.8000 0.3744 0.4690
vn -0.7187 0.0196 0.6951
vn -0.8718 0.2485 0.4221
vn -0.6729 0.1692 0.7201
vn -0.5845 0.2707 0.7649
vn -0.2718 -0.2325 0.9338
vn -0.2394 -0.1844 0.9533
vn -0.1922 -0.1530 0.9693
vn 0.2317 -0.5222 0.8207
vn 0.1999 -0.5606 0.8036
vn -0.1218 -0.1139 0.9860
vn 0.1617 -0.5877 0.7927
vn 0.6800 -0.6643 0.3105
vn 0.5857 -0.7666 0.2633
vn 0.1066 -0.6197 0.7775
vn 0.7557 -0.5443 0.3642
vn -0.0669 -0.0513 0.9964
vn 0.8071 -0.4055 0.4291
vn 0.6225 -0.5129 0.5911
vn 0.4199 -0.4200 0.8046
vn 0.4040 -0.3726 0.8354
vn 0.3653 -0.5617 0.7423
vn -0.4441 -0.3577 0.8215
vn -0.4120 -0.1923 0.8907
vn -0.2949 -0.3972 0.8691
vn 0.4988 -0.7032 0.5066
vn -0.3106 -0.0747 0.9476
vn 0.2700 -0.6690 0.6925
vn -0.2951 -0.2951 0.9088
vn -0.2234 -0.2077 0.9523
vn -0.1772 -0.3348 0.9255
vn -0.2716 -0.4998 0.8225
vn -0.1847 -0.4126 0.8920
vn -0.1617 -0.4772 0.8638
vn -0.1220 -0.5314 0.8383
vn 0.0039 -0.4108 0.9117
vn -0.0591 -0.5637 0.8239
vn 0.0040 -0.6498 0.7601
vn 0.0039 -0.5610 0.8278
vn 0.1141 -0.6494 0.7518
vn 0.0670 -0.5635 0.8234
vn 0.2160 -0.5852 0.7816
vn 0.1297 -0.5308 0.8375
vn 0.1694 -0.4766 0.8626
vn 0.2788 -0.4987 0.8207
vn 0.4283 -0.5148 0.7427
vn 0.1847 -0.4126 0.8920
vn 0.3020 -0.3962 0.8670
vn -0.4146 -0.3277 0.8490
vn 0.1772 -0.3347 0.9255
vn 0.4504 -0.3564 0.8186
vn 0.3022 -0.2944 0.9067
vn 0.2308 -0.2073 0.9507
vn -0.3974 -0.3738 0.8381
vn 0.1292 -0.2781 0.9518
vn 0.4178 -0.1992 0.8864
vn -0.4148 -0.4148 0.8099
vn -0.8657 -0.2095 0.4546
vn -0.6177 -0.5154 0.5940
vn -0.2236 -0.3962 0.8905
vn -0.8071 -0.4055 0.4292
vn -0.2559 -0.4370 0.8623
vn 0.3950 -0.3872 0.8331
vn 0.3253 -0.3410 0.8820
vn 0.7795 -0.2468 0.5758
vn 0.9584 -0.1134 0.2621
vn 0.7555 0.0431 0.6537
vn 0.3107 -0.2793 0.9086
vn 0.6772 0.1683 0.7163
vn 0.2792 -0.2320 0.9318
vn -0.2481 -0.4845 0.8389
vn 0.5832 0.2779 0.7633
vn -0.7566 -0.5348 0.3763
vn -0.2243 -0.5232 0.8222
vn 0.2393 -0.1844 0.9533
vn -0.3669 -0.5562 0.7456
vn -0.6679 -0.6756 0.3122
vn -0.1848 -0.5623 0.8060
vn 0.1926 -0.1453 0.9705
vn 0.4570 0.3710 0.8084
vn 0.1372 -0.1137 0.9840
vn -0.1533 -0.5935 0.7901
vn -0.5717 -0.7767 0.2642
vn -0.4861 -0.7153 0.5020
vn -0.4317 -0.8753 0.2179
vn 0.3179 -0.0667 0.9458
vn -0.2553 -0.6717 0.6954
vn 0.1293 -0.1293 0.9831
vn 0.1840 0.0274 0.9825
vn -0.2796 -0.8548 0.4373
vn 0.0665 -0.2466 0.9668
vn 0.0039 0.0353 0.9994
vn 0.0039 -0.2471 0.9690
vn -0.0587 -0.2467 0.9673
vn -0.1215 -0.2784 0.9528
vn -0.1215 -0.1294 0.9841
vn -0.1688 0.0275 0.9853
vn 0.1143 -0.7295 0.6744
vn 0.4381 -0.8724 0.2170
vn 0.2887 -0.9376 0.1938
vn 0.0667 -0.6314 0.7726
vn 0.1379 -0.9730 0.1852
vn 0.0039 -0.9666 0.2564
vn 0.0039 -0.7071 0.7071
vn -0.1143 -0.7371 0.6661
vn 0.0040 -0.9854 0.1702
vn -0.1305 -0.9768 0.1701
vn -0.2964 -0.9369 0.1856
vn -0.0589 -0.6317 0.7730
vn -0.1059 -0.6160 0.7806
vn 0.0039 -0.2082 0.9781
vn 0.0748 -0.0512 0.9959
vn 0.0039 0.4173 0.9088
vn 0.1446 0.5353 0.8322
vn -0.1369 0.5358 0.8332
vn 0.5824 0.3557 0.7309
vn 0.7800 0.5605 0.2783
vn 0.6843 0.6530 0.3246
vn 0.5443 0.7480 0.3798
vn 0.6461 0.1527 0.7479
vn 0.8879 0.4107 0.2073
vn 0.4042 0.3885 0.8280
vn 0.3726 0.8354 0.4040
vn 0.7186 0.0196 0.6951
vn 0.9655 0.2306 0.1211
vn 0.2858 0.4581 0.8417
vn 0.8472 -0.0664 0.5271
vn 0.1369 0.4969 0.8569
vn 0.7751 -0.2715 0.5705
vn 0.6378 -0.2152 0.7395
vn 0.7555 -0.4267 0.4971
vn 0.9216 -0.3569 -0.1529
vn 0.7068 -0.3085 0.6366
vn 0.7055 -0.5636 0.4296
vn 0.8299 -0.5074 -0.2320
vn 0.6936 -0.4428 0.5682
vn 0.6224 -0.6929 0.3641
vn 0.6816 -0.6658 -0.3034
vn 0.6554 -0.5533 0.5141
vn 0.9467 -0.2789 0.1611
vn 0.4836 -0.7588 0.4364
vn 0.9599 -0.0980 0.2625
vn 0.5859 -0.6724 0.4522
vn 0.4794 -0.7964 -0.3685
vn 0.5081 -0.7680 0.3899
vn 0.3027 -0.9317 0.2005
vn 0.3113 -0.8629 -0.3980
vn 0.1703 -0.9706 0.1703
vn 0.1541 -0.8968 -0.4148
vn 0.2719 -0.9183 0.2877
vn 0.0118 -0.9881 0.1535
vn 0.0119 -0.9089 -0.4168
vn -0.1386 -0.8989 -0.4156
vn 0.1301 -0.9578 0.2562
vn 0.3607 -0.9235 -0.1308
vn 0.1940 -0.9700 -0.1465
vn 0.0040 -0.9685 0.2491
vn 0.0118 -0.9840 -0.1778
vn -0.1143 -0.9577 0.2640
vn -0.1701 -0.9692 0.1780
vn -0.3216 -0.8615 -0.3930
vn -0.1861 -0.9703 -0.1544
vn -0.3044 -0.9292 0.2095
vn -0.4794 -0.7965 -0.3685
vn -0.2646 -0.9203 0.2883
vn -0.6694 -0.6774 -0.3050
vn -0.3675 -0.9208 -0.1304
vn -0.4697 -0.7619 0.4460
vn -0.4947 -0.7717 0.3997
vn -0.5331 -0.8411 -0.0909
vn -0.6127 -0.6996 0.3676
vn -0.8241 -0.5165 -0.2326
vn -0.5734 -0.6762 0.4626
vn -0.6784 -0.7339 -0.0357
vn -0.9204 -0.3594 -0.1541
vn -0.6436 -0.5567 0.5251
vn -0.7461 -0.4382 0.5013
vn -0.9850 -0.1622 -0.0594
vn -0.6748 -0.4459 0.5880
vn -0.7992 -0.6004 0.0278
vn -0.8893 -0.4466 0.0988
vn -0.8658 -0.2254 0.4467
vn -0.7043 -0.2872 0.6492
vn -0.7614 -0.1302 0.6351
vn -0.9454 -0.2729 0.1780
vn -0.7070 0.0198 0.7070
vn -0.8891 0.4070 0.2094
vn -0.6843 -0.1384 0.7159
vn -0.6384 0.1449 0.7559
vn -0.7752 0.5627 0.2872
vn -0.6412 -0.0197 0.7671
vn -0.5702 0.3500 0.7432
vn -0.6663 0.6662 0.3351
vn -0.5300 0.7578 0.3805
vn -0.5762 0.0980 0.8114
vn -0.3714 0.8328 0.4105
vn -0.4924 0.2009 0.8469
vn -0.2624 0.4425 0.8575
vn -0.3501 0.1928 0.9166
vn -0.1373 0.5062 0.8514
vn -0.2852 0.3634 0.8869
vn -0.5151 0.6330 0.5779
vn 0.0040 0.3256 0.9455
vn -0.1601 0.4336 0.8868
vn -0.3427 0.7207 0.6026
vn -0.1838 0.7548 0.6297
vn 0.1677 0.4173 0.8931
vn 0.3007 0.3710 0.8786
vn 0.1925 0.7503 0.6325
vn 0.3808 0.2159 0.8991
vn 0.3479 0.7154 0.6059
vn 0.5262 0.6354 0.5652
vn 0.5116 0.2148 0.8319
vn 0.3098 0.4823 0.8194
vn 0.5985 0.1056 0.7941
vn 0.6975 0.4949 0.5183
vn 0.4569 0.3710 0.8085
vn 0.8028 0.3720 0.4660
vn 0.7224 0.0195 0.6912
vn 0.5897 0.2694 0.7614
vn 0.9359 0.0901 0.3407
vn 0.8737 0.2468 0.4192
vn 0.7480 0.0509 0.6618
vn 0.2468 -0.1840 0.9514
vn 0.2791 -0.2320 0.9318
vn 0.3108 -0.2792 0.9085
vn 0.1998 -0.1528 0.9678
vn -0.2243 -0.5231 0.8222
vn 0.1295 -0.1138 0.9850
vn -0.1924 -0.5614 0.8049
vn -0.1540 -0.5885 0.7937
vn -0.6757 -0.6678 0.3122
vn -0.7524 -0.5475 0.3663
vn -0.2560 -0.4370 0.8623
vn -0.5805 -0.7701 0.2645
vn -0.8043 -0.4081 0.4319
vn 0.7794 -0.2468 0.5758
vn -0.2630 -0.3886 0.8831
vn 0.8067 -0.3502 0.4761
vn 0.3324 -0.3950 0.8565
vn 0.7638 -0.4974 0.4113
vn 0.3825 -0.4614 0.8005
vn -0.2169 -0.3509 0.9109
vn 0.8946 -0.4375 0.0907
vn 0.3029 -0.5076 0.8066
vn 0.6949 -0.6241 0.3573
vn 0.8048 -0.5928 0.0275
vn 0.6948 -0.7184 -0.0353
vn 0.5999 -0.7410 0.3019
vn 0.4857 -0.8331 0.2646
vn 0.3205 -0.9219 0.2176
vn 0.1698 -0.6436 0.7463
vn 0.1860 -0.9616 0.2018
vn 0.1137 -0.6704 0.7332
vn -0.1774 -0.2247 0.9581
vn 0.0119 -0.9811 0.1930
vn -0.1141 -0.2400 0.9640
vn 0.0591 -0.6819 0.7291
vn -0.1060 -0.1373 0.9848
vn -0.4037 0.2704 0.8740
vn -0.2077 -0.2548 0.9444
vn -0.5861 0.3029 0.7515
vn -0.7585 0.0668 0.6483
vn -0.4838 0.0983 0.8696
vn -0.3576 -0.1847 0.9154
vn -0.4145 -0.3277 0.8490
vn 0.3332 -0.6468 0.6860
vn -0.3253 0.1292 0.9367
vn -0.3325 0.5437 0.7706
vn -0.2071 0.2620 0.9426
vn -0.1842 0.5057 0.8428
vn -0.0510 0.0039 0.9987
vn -0.0432 -0.1611 0.9860
vn -0.0118 0.5841 0.8116
vn 0.0040 -0.6019 0.7986
vn 0.0118 -0.0984 0.9951
vn -0.0040 -0.0118 0.9999
vn 0.0431 -0.2155 0.9756
vn 0.0509 0.0040 0.9987
vn 0.1753 0.4481 0.8766
vn -0.0513 -0.6821 0.7294
vn 0.0985 -0.1693 0.9806
vn -0.1859 -0.9616 0.2018
vn -0.1143 -0.6661 0.7371
vn -0.3270 -0.9179 0.2246
vn -0.1698 -0.6436 0.7463
vn -0.5911 -0.7497 0.2975
vn -0.6908 -0.6276 0.3592
vn -0.2637 -0.5629 0.7833
vn 0.1836 -0.2227 0.9574
vn -0.7605 -0.5005 0.4137
vn -0.2958 -0.5088 0.8085
vn -0.8016 -0.3594 0.4778
vn -0.3112 -0.4608 0.8311
vn 0.2619 -0.3401 0.9032
vn -0.9577 -0.1143 0.2640
vn -0.3884 -0.3884 0.8356
vn -0.9425 0.0671 0.3273
vn -0.3183 -0.3419 0.8842
vn 0.2310 -0.3955 0.8889
vn -0.3035 -0.2799 0.9108
vn 0.2633 -0.4362 0.8605
vn -0.7521 0.0433 0.6576
vn -0.8889 0.2252 0.3990
vn -0.2719 -0.2325 0.9338
vn -0.7976 0.3811 0.4676
vn -0.6797 0.5068 0.5303
vn -0.5780 0.2792 0.7668
vn -0.4508 0.3723 0.8113
vn -0.2318 -0.1847 0.9551
vn -0.1850 -0.1456 0.9719
vn -0.3097 0.4823 0.8195
vn -0.1295 -0.1138 0.9850
vn 0.1923 -0.5614 0.8049
vn 0.1610 -0.5928 0.7891
vn 0.2317 -0.5223 0.8207
vn 0.2554 -0.4835 0.8372
vn 0.6722 -0.6721 0.3105
vn 0.7599 -0.5316 0.3741
vn 0.8098 -0.4030 0.4264
vn 0.5770 -0.7732 0.2631
vn 0.3737 -0.5546 0.7435
vn 0.4921 -0.7126 0.5000
vn 0.4381 -0.8723 0.2172
vn 0.2627 -0.6703 0.6941
vn -0.3108 -0.0669 0.9481
vn 0.6225 -0.5129 0.5912
vn -0.4114 -0.1998 0.8893
vn 0.4213 -0.4134 0.8072
vn 0.8676 -0.2081 0.4515
vn 0.8093 -0.0743 0.5826
vn 0.4211 -0.3266 0.8462
vn 0.6208 -0.1054 0.7768
vn 0.7617 0.0664 0.6445
vn 0.3710 -0.1836 0.9103
vn 0.6850 0.1996 0.7007
vn 0.4899 0.0981 0.8662
vn 0.5813 0.3082 0.7530
vn -0.3280 -0.6520 0.6837
vn 0.3323 0.1290 0.9343
vn 0.4414 0.3163 0.8397
vn 0.3415 0.4591 0.8202
vn 0.2317 0.2553 0.9387
vn -0.1775 -0.7452 0.6428
vn -0.1064 -0.6500 0.7524
vn -0.2715 -0.4998 0.8225
vn -0.1220 -0.5313 0.8383
vn -0.1771 -0.4132 0.8933
vn -0.2950 -0.2951 0.9088
vn -0.1696 -0.3352 0.9268
vn -0.2234 -0.2077 0.9524
vn -0.1215 -0.2784 0.9527
vn -0.1216 -0.1294 0.9841
vn -0.0588 -0.2467 0.9673
vn -0.1764 0.0274 0.9839
vn 0.2869 -0.8528 0.4363
vn 0.1292 -0.1293 0.9832
vn 0.1221 -0.7364 0.6655
vn 0.3036 -0.9346 0.1852
vn 0.1137 -0.6155 0.7799
vn 0.1382 -0.9757 0.1699
vn -0.0669 -0.0511 0.9964
vn -0.1369 0.5359 0.8331
vn 0.0039 0.7562 0.6544
vn 0.0040 -0.7071 0.7071
vn -0.0987 -0.6202 0.7782
vn -0.4317 -0.8753 0.2178
vn -0.1302 -0.9740 0.1854
vn 0.0040 -0.9665 0.2565
vn -0.2815 -0.9397 0.1943
vn -0.1065 -0.7301 0.6750
vn -0.2650 -0.8585 0.4391
vn 0.1764 0.0274 0.9839
vn -0.2627 -0.6704 0.6939
vn 0.3177 -0.0745 0.9452
vn -0.4928 -0.7060 0.5086
vn -0.3585 -0.5633 0.7444
vn 0.4185 -0.1917 0.8878
vn -0.4134 -0.4213 0.8072
vn 0.2309 -0.2074 0.9506
vn 0.3022 -0.2944 0.9066
vn 0.1848 -0.3343 0.9242
vn 0.1293 -0.2781 0.9518
vn 0.1923 -0.4120 0.8907
vn 0.1693 -0.4766 0.8627
vn 0.0670 -0.5634 0.8235
vn 0.0039 -0.6498 0.7601
vn -0.0592 -0.5637 0.8239
vn 0.9981 -0.0431 -0.0431
vn 0.8526 -0.5225 0.0118
vn 0.9255 -0.2717 -0.2639
vn 0.7126 -0.5078 -0.4842
vn 0.8722 -0.3090 0.3793
vn 0.9466 0.2317 0.2242
vn 0.6437 -0.7541 -0.1303
vn 0.8116 -0.0039 0.5842
vn 0.7536 0.4725 0.4569
vn 0.4061 -0.8794 -0.2486
vn 0.3279 -0.6835 -0.6522
vn 0.0040 -0.9495 -0.3138
vn 0.0040 -0.7227 -0.6911
vn -0.3208 -0.6852 -0.6539
vn -0.3995 -0.8822 -0.2493
vn -0.7086 -0.5106 -0.4870
vn -0.6390 -0.7580 -0.1310
vn -0.8504 -0.5260 0.0119
vn -0.9244 -0.2737 -0.2656
vn -0.9981 -0.0434 -0.0434
vn -0.8703 -0.3111 0.3819
vn -0.9458 0.2335 0.2259
vn -0.8088 -0.0039 0.5880
vn -0.7502 0.4753 0.4596
vn -0.5923 0.2001 0.7805
vn -0.4359 0.6481 0.6245
vn -0.3174 0.4037 0.8581
vn 0.0039 0.7225 0.6914
vn 0.0039 0.2081 0.9781
vn 0.3244 0.4026 0.8559
vn 0.4423 0.6459 0.6223
vn 0.5974 0.1991 0.7768
vn -0.8504 -0.5260 0.0118
vn -0.9981 -0.0434 -0.0435
vn -0.9244 -0.2737 -0.2658
vn -0.7085 -0.5107 -0.4870
vn -0.9457 0.2335 0.2259
vn -0.3995 -0.8822 -0.2494
vn -0.3207 -0.6852 -0.6539
vn -0.5923 0.2000 0.7805
vn -0.3173 0.4036 0.8581
vn 0.0040 0.7225 0.6914
vn 0.0040 0.2081 0.9781
vn 0.3245 0.4026 0.8559
vn 0.8116 -0.0039 0.5843
vn 0.9256 -0.2717 -0.2637
vn 0.7125 -0.5077 -0.4843
vn 0.4061 -0.8794 -0.2485
vn 0.3278 -0.6835 -0.6522
vn 0.7718 0.3644 -0.5211
vn 0.6159 0.3413 -0.7101
vn 0.7252 0.4587 -0.5135
vn 0.6416 0.2637 -0.7203
vn 0.8024 0.2622 -0.5361
vn 0.5761 0.4194 -0.7016
vn 0.6653 0.5472 -0.5079
vn 0.6639 0.1768 -0.7267
vn 0.8228 0.1535 -0.5472
vn 0.2794 0.1928 -0.9406
vn 0.6677 0.0909 -0.7388
vn 0.8267 0.0509 -0.5603
vn 0.2887 0.1542 -0.9449
vn 0.2880 0.1144 -0.9508
vn 0.6626 0.0039 -0.7489
vn 0.8176 -0.0592 -0.5727
vn 0.2890 0.0752 -0.9544
vn 0.6476 -0.0824 -0.7575
vn 0.7928 -0.1617 -0.5877
vn 0.2802 0.0434 -0.9590
vn 0.6189 -0.1616 -0.7687
vn 0.7597 -0.2637 -0.5944
vn 0.2731 0.0040 -0.9620
vn 0.5805 -0.2408 -0.7778
vn 0.7056 -0.3587 -0.6111
vn 0.2563 -0.0276 -0.9662
vn 0.5333 -0.3121 -0.7862
vn 0.6490 -0.4444 -0.6175
vn 0.2336 -0.0594 -0.9705
vn 0.4781 -0.3753 -0.7941
vn 0.5732 -0.5257 -0.6285
vn 0.2089 -0.0907 -0.9737
vn 0.4132 -0.4368 -0.7990
vn 0.4928 -0.5953 -0.6347
vn 0.1856 -0.1145 -0.9759
vn 0.3442 -0.4866 -0.8030
vn 0.3993 -0.6522 -0.6443
vn 0.1545 -0.1386 -0.9782
vn 0.2644 -0.5249 -0.8090
vn 0.1221 -0.1536 -0.9806
vn 0.1787 -0.5522 -0.8144
vn 0.0829 -0.1619 -0.9833
vn 0.0907 -0.5714 -0.8157
vn 0.0913 -0.7502 -0.6549
vn 0.0514 -0.1700 -0.9841
vn 0.0119 -0.5736 -0.8190
vn -0.0119 -0.7567 -0.6537
vn 0.0119 -0.1778 -0.9840
vn -0.0828 -0.5718 -0.8162
vn -0.1226 -0.7476 -0.6527
vn -0.0277 -0.1778 -0.9837
vn -0.1627 -0.5592 -0.8129
vn -0.2253 -0.7236 -0.6524
vn -0.0671 -0.1698 -0.9832
vn -0.2497 -0.5270 -0.8124
vn -0.3296 -0.6872 -0.6474
vn -0.0987 -0.1540 -0.9831
vn -0.3301 -0.4892 -0.8073
vn -0.4253 -0.6400 -0.6400
vn -0.1389 -0.1390 -0.9805
vn -0.4001 -0.4397 -0.8041
vn -0.5174 -0.5727 -0.6359
vn -0.1702 -0.1227 -0.9777
vn -0.4643 -0.3849 -0.7977
vn -0.5989 -0.5037 -0.6226
vn -0.1936 -0.0988 -0.9761
vn -0.5263 -0.3206 -0.7876
vn -0.6634 -0.4251 -0.6158
vn -0.2185 -0.0675 -0.9735
vn -0.5740 -0.2494 -0.7799
vn -0.7246 -0.3286 -0.6058
vn -0.2415 -0.0356 -0.9698
vn -0.6132 -0.1701 -0.7714
vn -0.7689 -0.2327 -0.5955
vn -0.2564 -0.0040 -0.9666
vn -0.6379 -0.0911 -0.7647
vn -0.8030 -0.1305 -0.5815
vn -0.2730 0.0277 -0.9616
vn -0.6582 -0.0039 -0.7528
vn -0.8189 -0.0198 -0.5736
vn -0.2798 0.0670 -0.9577
vn -0.6638 0.0835 -0.7433
vn -0.8261 0.0830 -0.5574
vn -0.2809 0.1069 -0.9538
vn -0.6603 0.1700 -0.7315
vn -0.8119 0.1941 -0.5506
vn -0.2820 0.1390 -0.9493
vn -0.6429 0.2564 -0.7217
vn -0.7900 0.2977 -0.5360
vn -0.6126 0.3360 -0.7154
vn -0.7528 0.3981 -0.5242
vn -0.2655 0.2179 -0.9392
vn -0.5728 0.4148 -0.7070
vn -0.6990 0.4937 -0.5174
vn -0.2488 0.2488 -0.9360
vn -0.5251 0.4856 -0.6989
vn -0.6428 0.5797 -0.5008
vn -0.2245 0.2796 -0.9335
vn -0.4700 0.5490 -0.6912
vn -0.5654 0.6603 -0.4942
vn -0.2020 0.3049 -0.9307
vn -0.4054 0.6100 -0.6809
vn -0.4843 0.7285 -0.4844
vn -0.1772 0.3347 -0.9255
vn -0.3351 0.6583 -0.6740
vn -0.3912 0.7864 -0.4782
vn -0.1468 0.3530 -0.9240
vn -0.2554 0.6954 -0.6718
vn -0.2946 0.8290 -0.4754
vn -0.1145 0.3751 -0.9199
vn -0.1701 0.7239 -0.6686
vn -0.1929 0.8622 -0.4685
vn -0.0751 0.3832 -0.9206
vn -0.0909 0.7388 -0.6677
vn -0.0828 0.8792 -0.4692
vn -0.0434 0.3907 -0.9195
vn -0.0039 0.7454 -0.6667
vn 0.0196 0.8838 -0.4674
vn -0.0039 0.3976 -0.9176
vn 0.0826 0.7429 -0.6643
vn 0.1294 0.8748 -0.4668
vn 0.0355 0.3909 -0.9198
vn 0.1691 0.7277 -0.6647
vn 0.2319 0.8529 -0.4677
vn 0.0748 0.3900 -0.9178
vn 0.2553 0.6954 -0.6717
vn 0.3342 0.8137 -0.4756
vn 0.1067 0.3754 -0.9207
vn 0.3350 0.6583 -0.6741
vn 0.4275 0.7646 -0.4823
vn 0.1463 0.3599 -0.9214
vn 0.4054 0.6100 -0.6809
vn 0.5203 0.7002 -0.4889
vn 0.1768 0.3417 -0.9230
vn 0.4680 0.5545 -0.6882
vn 0.5980 0.6293 -0.4964
vn 0.2010 0.3192 -0.9261
vn 0.5289 0.4896 -0.6932
vn 0.2257 0.2890 -0.9303
vn 0.2483 0.2562 -0.9342
vn 0.2650 0.2255 -0.9375
vn 0.0039 0.1147 -0.9934
usemtl M_MED_GrandScheme_Orange_FaceAcc
s 1
f 1/1/1 2/2/1 3/3/1
f 1/1/1 3/3/1 4/4/1
f 5/5/2 6/6/3 7/7/4
f 8/8/5 9/9/6 10/10/7
f 11/11/8 12/12/9 13/13/10
f 13/13/10 14/14/11 11/11/8
f 14/14/11 13/13/10 15/15/12
f 15/15/12 16/16/13 14/14/11
f 16/16/13 15/15/12 17/17/14
f 17/17/14 18/18/15 16/16/13
f 18/18/15 17/17/14 19/19/16
f 19/19/16 20/20/17 18/18/15
f 19/19/16 21/21/18 20/20/17
f 21/21/18 19/19/16 22/22/19
f 22/22/19 23/23/20 21/21/18
f 23/23/20 22/22/19 24/24/21
f 25/25/22 23/23/20 24/24/21
f 25/25/22 26/26/23 23/23/20
f 27/27/24 26/26/23 25/25/22
f 26/26/23 27/27/24 28/28/25
f 27/27/24 29/29/26 28/28/25
f 29/29/26 27/27/24 30/30/27
f 30/30/27 31/31/28 29/29/26
f 31/31/28 30/30/27 32/32/29
f 31/31/28 32/32/29 33/33/30
f 33/33/30 34/34/31 31/31/28
f 34/34/31 33/33/30 35/35/32
f 35/35/32 36/36/33 34/34/31
f 35/35/32 37/37/34 36/36/33
f 37/37/34 35/35/32 38/38/35
f 38/38/35 39/39/36 37/37/34
f 39/39/36 38/38/35 40/40/37
f 40/40/37 41/41/38 39/39/36
f 41/41/38 40/40/37 42/42/39
f 42/42/39 11/43/8 41/41/38
f 11/43/8 42/42/39 12/44/9
f 43/45/40 44/46/41 45/47/9
f 46/48/38 44/46/41 43/45/40
f 44/46/41 46/48/38 47/49/37
f 48/50/36 47/49/37 46/48/38
f 48/50/36 49/51/35 47/49/37
f 50/52/34 49/51/35 48/50/36
f 50/52/34 51/53/42 49/51/35
f 52/54/33 51/53/42 50/52/34
f 53/55/43 51/53/42 52/54/33
f 51/53/42 53/55/43 54/56/44
f 55/57/45 54/56/44 53/55/43
f 54/56/44 55/57/45 56/58/46
f 56/58/46 55/57/45 57/59/47
f 57/59/47 55/57/45 58/60/48
f 57/59/47 58/60/48 59/61/24
f 59/61/24 58/60/48 60/62/49
f 61/63/23 59/61/24 60/62/49
f 59/61/24 61/63/23 62/64/22
f 63/65/50 62/64/22 61/63/23
f 62/64/22 63/65/50 64/66/21
f 63/65/50 65/67/19 64/66/21
f 65/67/19 63/65/50 66/68/51
f 66/68/51 67/69/52 65/67/19
f 67/69/52 66/68/51 68/70/17
f 69/71/15 67/69/52 68/70/17
f 67/69/52 69/71/15 70/72/53
f 71/73/54 70/72/53 69/71/15
f 70/72/53 71/73/54 72/74/12
f 73/75/55 72/74/12 71/73/54
f 72/74/12 73/75/55 74/76/56
f 43/77/40 74/76/56 73/75/55
f 74/76/56 43/77/40 45/78/9
f 75/79/57 76/80/58 77/81/59
f 76/80/58 78/82/60 77/81/59
f 78/82/60 79/83/61 77/81/59
f 78/82/60 76/80/58 80/84/62
f 79/83/61 78/82/60 81/85/63
f 81/85/63 82/86/64 79/83/61
f 80/84/62 83/87/65 78/82/60
f 83/87/65 81/85/63 78/82/60
f 82/86/64 84/88/66 85/89/67
f 82/86/64 81/85/63 86/90/68
f 82/86/64 86/90/68 84/88/66
f 81/85/63 87/91/69 86/90/68
f 81/85/63 83/87/65 87/91/69
f 86/90/68 88/92/70 84/88/66
f 87/91/69 88/92/70 86/90/68
f 88/92/70 89/93/71 84/88/66
f 88/92/70 90/94/72 89/93/71
f 90/94/72 88/92/70 91/95/73
f 91/95/73 92/96/74 90/94/72
f 93/97/75 92/96/74 91/95/73
f 94/98/76 88/92/70 87/91/69
f 88/92/70 94/98/76 91/95/73
f 91/95/73 95/99/77 93/97/75
f 95/99/77 96/100/78 93/97/75
f 95/99/77 97/101/79 96/100/78
f 98/102/80 91/95/73 94/98/76
f 91/95/73 98/102/80 95/99/77
f 87/91/69 99/103/81 94/98/76
f 99/103/81 87/91/69 83/87/65
f 94/98/76 100/104/82 98/102/80
f 100/104/82 94/98/76 99/103/81
f 97/101/79 95/99/77 101/105/83
f 101/105/83 102/106/84 97/101/79
f 101/105/83 103/107/85 102/106/84
f 104/108/86 95/99/77 98/102/80
f 95/99/77 104/108/86 101/105/83
f 101/105/83 105/109/87 103/107/85
f 104/108/86 105/109/87 101/105/83
f 105/109/87 106/110/88 103/107/85
f 98/102/80 107/111/89 104/108/86
f 107/111/89 98/102/80 100/104/82
f 108/112/90 105/109/87 104/108/86
f 107/111/89 108/112/90 104/108/86
f 106/110/88 105/109/87 109/113/91
f 106/110/88 109/113/91 110/114/92
f 111/115/93 110/114/92 109/113/91
f 109/113/91 105/109/87 112/116/94
f 113/117/95 111/115/93 109/113/91
f 113/117/95 109/113/91 112/116/94
f 113/117/95 114/118/96 111/115/93
f 112/116/94 105/109/87 115/119/97
f 108/112/90 115/119/97 105/109/87
f 116/120/98 113/117/95 112/116/94
f 115/119/97 116/120/98 112/116/94
f 114/118/96 113/117/95 117/121/99
f 117/121/99 113/117/95 116/120/98
f 118/122/100 114/118/96 117/121/99
f 116/120/98 115/119/97 119/123/101
f 117/121/99 116/120/98 119/123/101
f 108/112/90 120/124/102 115/119/97
f 120/124/102 119/123/101 115/119/97
f 120/124/102 108/112/90 121/125/103
f 121/125/103 108/112/90 107/111/89
f 119/123/101 120/124/102 122/126/104
f 117/121/99 119/123/101 122/126/104
f 123/127/105 122/126/104 120/124/102
f 121/125/103 123/127/105 120/124/102
f 117/121/99 122/126/104 124/128/106
f 122/126/104 123/127/105 124/128/106
f 125/129/107 121/125/103 107/111/89
f 100/104/82 125/129/107 107/111/89
f 123/127/105 121/125/103 126/130/108
f 125/129/107 100/104/82 127/131/109
f 99/103/81 127/131/109 100/104/82
f 128/132/110 121/125/103 125/129/107
f 128/132/110 126/130/108 121/125/103
f 127/131/109 99/103/81 129/133/111
f 83/87/65 129/133/111 99/103/81
f 127/131/109 130/134/112 125/129/107
f 130/134/112 128/132/110 125/129/107
f 129/133/111 131/135/113 127/131/109
f 130/134/112 127/131/109 131/135/113
f 129/133/111 83/87/65 132/136/114
f 83/87/65 80/84/62 132/136/114
f 133/137/115 132/136/114 80/84/62
f 131/135/113 129/133/111 134/138/116
f 132/136/114 134/138/116 129/133/111
f 135/139/117 132/136/114 133/137/115
f 134/138/116 132/136/114 135/139/117
f 136/140/118 135/139/117 133/137/115
f 134/138/116 137/141/119 131/135/113
f 130/134/112 131/135/113 137/141/119
f 138/142/120 134/138/116 135/139/117
f 137/141/119 134/138/116 138/142/120
f 136/140/118 139/143/121 135/139/117
f 139/143/121 138/142/120 135/139/117
f 139/143/121 136/140/118 140/144/122
f 140/144/122 141/145/123 139/143/121
f 142/146/124 138/142/120 139/143/121
f 141/145/123 142/146/124 139/143/121
f 137/141/119 138/142/120 142/146/124
f 143/147/125 142/146/124 141/145/123
f 143/147/125 144/148/126 142/146/124
f 145/149/127 144/148/126 143/147/125
f 142/146/124 146/150/128 137/141/119
f 142/146/124 144/148/126 146/150/128
f 145/149/127 147/151/129 144/148/126
f 148/152/130 147/151/129 145/149/127
f 144/148/126 149/153/131 146/150/128
f 144/148/126 147/151/129 149/153/131
f 150/154/132 137/141/119 146/150/128
f 137/141/119 150/154/132 130/134/112
f 151/155/133 147/151/129 148/152/130
f 151/155/133 148/152/130 152/156/134
f 147/151/129 151/155/133 153/157/135
f 147/151/129 153/157/135 149/153/131
f 151/155/133 152/156/134 154/158/136
f 154/158/136 152/156/134 155/159/137
f 151/155/133 156/160/138 153/157/135
f 151/155/133 154/158/136 156/160/138
f 157/161/139 149/153/131 153/157/135
f 158/162/140 153/157/135 156/160/138
f 153/157/135 158/162/140 157/161/139
f 159/163/141 146/150/128 149/153/131
f 149/153/131 157/161/139 159/163/141
f 146/150/128 159/163/141 150/154/132
f 156/160/138 160/164/142 158/162/140
f 156/160/138 154/158/136 160/164/142
f 161/165/143 157/161/139 158/162/140
f 162/166/144 159/163/141 157/161/139
f 162/166/144 157/161/139 161/165/143
f 163/167/145 150/154/132 159/163/141
f 163/167/145 159/163/141 162/166/144
f 163/167/145 164/168/146 150/154/132
f 150/154/132 164/168/146 130/134/112
f 164/168/146 128/132/110 130/134/112
f 165/169/147 163/167/145 162/166/144
f 164/168/146 166/170/148 128/132/110
f 163/167/145 167/171/149 164/168/146
f 167/171/149 166/170/148 164/168/146
f 165/169/147 167/171/149 163/167/145
f 166/170/148 126/130/108 128/132/110
f 165/169/147 162/166/144 168/172/150
f 168/172/150 162/166/144 161/165/143
f 165/169/147 169/173/151 167/171/149
f 167/171/149 170/174/152 166/170/148
f 169/173/151 170/174/152 167/171/149
f 168/172/150 171/175/153 165/169/147
f 165/169/147 171/175/153 169/173/151
f 170/174/152 172/176/154 166/170/148
f 166/170/148 172/176/154 126/130/108
f 169/173/151 173/177/155 170/174/152
f 170/174/152 174/178/156 172/176/154
f 170/174/152 173/177/155 174/178/156
f 171/175/153 175/179/157 169/173/151
f 169/173/151 175/179/157 173/177/155
f 168/172/150 176/180/158 171/175/153
f 171/175/153 177/181/159 175/179/157
f 176/180/158 177/181/159 171/175/153
f 175/179/157 178/182/160 173/177/155
f 176/180/158 168/172/150 179/183/96
f 168/172/150 161/165/143 179/183/96
f 177/181/159 180/184/161 175/179/157
f 178/182/160 175/179/157 180/184/161
f 179/183/96 161/165/143 181/185/162
f 161/165/143 158/162/140 181/185/162
f 181/185/162 158/162/140 160/164/142
f 179/183/96 181/185/162 182/186/163
f 181/185/162 160/164/142 183/187/164
f 182/186/163 181/185/162 183/187/164
f 183/187/164 160/164/142 184/188/165
f 154/158/136 184/188/165 160/164/142
f 185/189/166 179/183/96 182/186/163
f 176/180/158 179/183/96 185/189/166
f 154/158/136 186/190/167 184/188/165
f 186/190/167 154/158/136 155/159/137
f 186/190/167 155/159/137 187/191/168
f 188/192/169 184/188/165 186/190/167
f 183/187/164 184/188/165 188/192/169
f 187/191/168 189/193/170 186/190/167
f 188/192/169 186/190/167 189/193/170
f 190/194/171 183/187/164 188/192/169
f 182/186/163 183/187/164 190/194/171
f 188/192/169 189/193/170 191/195/172
f 190/194/171 188/192/169 191/195/172
f 192/196/173 189/193/170 187/191/168
f 192/196/173 187/191/168 193/197/174
f 191/195/172 189/193/170 194/198/175
f 189/193/170 192/196/173 194/198/175
f 195/199/176 182/186/163 190/194/171
f 185/189/166 182/186/163 195/199/176
f 196/200/177 190/194/171 191/195/172
f 195/199/176 190/194/171 196/200/177
f 197/201/178 191/195/172 194/198/175
f 196/200/177 191/195/172 197/201/178
f 192/196/173 198/202/179 194/198/175
f 197/201/178 194/198/175 198/202/179
f 198/202/179 192/196/173 199/203/180
f 199/203/180 192/196/173 193/197/174
f 200/204/181 197/201/178 198/202/179
f 193/197/174 201/205/182 199/203/180
f 201/205/182 193/197/174 202/206/183
f 198/202/179 199/203/180 203/207/184
f 201/205/182 203/207/184 199/203/180
f 203/207/184 200/204/181 198/202/179
f 201/205/182 202/206/183 204/208/185
f 204/208/185 203/207/184 201/205/182
f 202/206/183 205/209/186 204/208/185
f 204/208/185 206/210/187 203/207/184
f 206/210/187 200/204/181 203/207/184
f 205/209/186 207/211/188 204/208/185
f 207/211/188 206/210/187 204/208/185
f 208/212/189 200/204/181 206/210/187
f 207/211/188 208/212/189 206/210/187
f 200/204/181 209/213/190 197/201/178
f 208/212/189 209/213/190 200/204/181
f 209/213/190 196/200/177 197/201/178
f 210/214/191 207/211/188 205/209/186
f 205/209/186 211/215/192 210/214/191
f 212/216/193 196/200/177 209/213/190
f 196/200/177 212/216/193 195/199/176
f 213/217/194 209/213/190 208/212/189
f 213/217/194 212/216/193 209/213/190
f 207/211/188 214/218/195 208/212/189
f 214/218/195 213/217/194 208/212/189
f 207/211/188 210/214/191 214/218/195
f 215/219/196 195/199/176 212/216/193
f 195/199/176 215/219/196 185/189/166
f 216/220/197 212/216/193 213/217/194
f 216/220/197 215/219/196 212/216/193
f 217/221/198 213/217/194 214/218/195
f 217/221/198 216/220/197 213/217/194
f 218/222/199 185/189/166 215/219/196
f 185/189/166 218/222/199 176/180/158
f 176/180/158 218/222/199 177/181/159
f 219/223/200 215/219/196 216/220/197
f 219/223/200 218/222/199 215/219/196
f 218/222/199 220/224/201 177/181/159
f 220/224/201 218/222/199 219/223/200
f 180/184/161 177/181/159 220/224/201
f 221/225/202 219/223/200 216/220/197
f 221/225/202 216/220/197 217/221/198
f 222/226/203 220/224/201 219/223/200
f 222/226/203 219/223/200 221/225/202
f 220/224/201 223/227/204 180/184/161
f 223/227/204 220/224/201 222/226/203
f 224/228/205 180/184/161 223/227/204
f 180/184/161 224/228/205 178/182/160
f 222/226/203 225/229/206 223/227/204
f 223/227/204 226/230/207 224/228/205
f 226/230/207 223/227/204 225/229/206
f 221/225/202 227/231/208 222/226/203
f 225/229/206 222/226/203 227/231/208
f 227/231/208 221/225/202 228/232/209
f 217/221/198 228/232/209 221/225/202
f 227/231/208 229/233/210 225/229/206
f 230/234/211 228/232/209 217/221/198
f 214/218/195 230/234/211 217/221/198
f 210/214/191 230/234/211 214/218/195
f 228/232/209 231/235/212 227/231/208
f 231/235/212 229/233/210 227/231/208
f 230/234/211 232/236/213 228/232/209
f 232/236/213 231/235/212 228/232/209
f 210/214/191 233/237/214 230/234/211
f 233/237/214 232/236/213 230/234/211
f 211/215/192 233/237/214 210/214/191
f 233/237/214 211/215/192 234/238/215
f 233/237/214 235/239/216 232/236/213
f 235/239/216 233/237/214 234/238/215
f 231/235/212 232/236/213 235/239/216
f 235/239/216 234/238/215 236/240/217
f 235/239/216 237/241/218 231/235/212
f 237/241/218 235/239/216 236/240/217
f 231/235/212 237/241/218 229/233/210
f 237/241/218 236/240/217 238/242/219
f 236/240/217 239/243/220 238/242/219
f 237/241/218 240/244/221 229/233/210
f 240/244/221 237/241/218 238/242/219
f 241/245/222 238/242/219 239/243/220
f 240/244/221 238/242/219 241/245/222
f 241/245/222 239/243/220 242/246/223
f 229/233/210 240/244/221 243/247/224
f 229/233/210 243/247/224 225/229/206
f 225/229/206 243/247/224 226/230/207
f 244/248/225 240/244/221 241/245/222
f 240/244/221 244/248/225 243/247/224
f 242/246/223 245/249/226 241/245/222
f 244/248/225 241/245/222 245/249/226
f 245/249/226 242/246/223 246/250/227
f 243/247/224 244/248/225 247/251/228
f 243/247/224 247/251/228 226/230/207
f 248/252/229 244/248/225 245/249/226
f 244/248/225 248/252/229 247/251/228
f 246/250/227 249/253/230 245/249/226
f 248/252/229 245/249/226 249/253/230
f 249/253/230 246/250/227 250/254/231
f 226/230/207 247/251/228 251/255/232
f 251/255/232 224/228/205 226/230/207
f 247/251/228 248/252/229 252/256/233
f 247/251/228 252/256/233 251/255/232
f 248/252/229 249/253/230 253/257/234
f 248/252/229 253/257/234 252/256/233
f 250/254/231 254/258/235 249/253/230
f 253/257/234 249/253/230 254/258/235
f 254/258/235 250/254/231 255/259/236
f 256/260/237 254/258/235 255/259/236
f 257/261/238 253/257/234 254/258/235
f 254/258/235 256/260/237 257/261/238
f 252/256/233 253/257/234 258/262/239
f 257/261/238 256/260/237 259/263/240
f 256/260/237 260/264/241 259/263/240
f 253/257/234 257/261/238 261/265/242
f 253/257/234 261/265/242 258/262/239
f 262/266/243 261/265/242 257/261/238
f 259/263/240 262/266/243 257/261/238
f 263/267/244 258/262/239 261/265/242
f 261/265/242 262/266/243 263/267/244
f 264/268/245 259/263/240 260/264/241
f 260/264/241 265/269/246 264/268/245
f 266/270/247 264/268/245 265/269/246
f 264/268/245 266/270/247 267/271/248
f 268/272/249 262/266/243 259/263/240
f 259/263/240 264/268/245 268/272/249
f 264/268/245 267/271/248 269/273/250
f 264/268/245 269/273/250 268/272/249
f 267/271/248 270/274/251 269/273/250
f 269/273/250 270/274/251 271/275/252
f 269/273/250 271/275/252 272/276/253
f 272/276/253 268/272/249 269/273/250
f 272/276/253 271/275/252 273/277/254
f 274/278/255 273/277/254 271/275/252
f 273/277/254 274/278/255 275/279/256
f 268/272/249 272/276/253 276/280/257
f 276/280/257 272/276/253 273/277/254
f 262/266/243 268/272/249 277/281/258
f 276/280/257 277/281/258 268/272/249
f 277/281/258 263/267/244 262/266/243
f 273/277/254 278/282/259 276/280/257
f 277/281/258 276/280/257 279/283/260
f 279/283/260 276/280/257 278/282/259
f 263/267/244 277/281/258 280/284/261
f 279/283/260 280/284/261 277/281/258
f 273/277/254 275/279/256 281/285/262
f 281/285/262 278/282/259 273/277/254
f 281/285/262 275/279/256 282/286/263
f 281/285/262 282/286/263 283/287/264
f 281/285/262 283/287/264 284/288/265
f 285/289/266 281/285/262 284/288/265
f 278/282/259 281/285/262 285/289/266
f 284/288/265 286/290/267 285/289/266
f 285/289/266 287/291/268 278/282/259
f 278/282/259 287/291/268 279/283/260
f 288/292/269 285/289/266 286/290/267
f 287/291/268 285/289/266 288/292/269
f 288/292/269 286/290/267 289/293/270
f 290/294/271 288/292/269 289/293/270
f 287/291/268 291/295/272 279/283/260
f 288/292/269 291/295/272 287/291/268
f 292/296/273 288/292/269 290/294/271
f 291/295/272 288/292/269 292/296/273
f 292/296/273 290/294/271 293/297/274
f 292/296/273 293/297/274 294/298/275
f 279/283/260 291/295/272 295/299/276
f 280/284/261 279/283/260 295/299/276
f 292/296/273 296/300/277 291/295/272
f 291/295/272 296/300/277 295/299/276
f 297/301/278 292/296/273 294/298/275
f 296/300/277 292/296/273 297/301/278
f 294/298/275 298/302/279 297/301/278
f 299/303/280 297/301/278 298/302/279
f 300/304/281 297/301/278 299/303/280
f 296/300/277 297/301/278 300/304/281
f 300/304/281 299/303/280 301/305/282
f 300/304/281 301/305/282 302/306/283
f 303/307/284 300/304/281 302/306/283
f 302/306/283 304/308/285 303/307/284
f 305/309/286 303/307/284 304/308/285
f 306/310/287 296/300/277 300/304/281
f 306/310/287 300/304/281 303/307/284
f 296/300/277 306/310/287 307/311/288
f 295/299/276 296/300/277 307/311/288
f 305/309/286 308/312/289 303/307/284
f 308/312/289 305/309/286 309/313/290
f 308/312/289 309/313/290 310/314/291
f 311/315/292 306/310/287 303/307/284
f 311/315/292 303/307/284 308/312/289
f 312/316/293 307/311/288 306/310/287
f 306/310/287 311/315/292 312/316/293
f 313/317/294 295/299/276 307/311/288
f 313/317/294 307/311/288 312/316/293
f 295/299/276 313/317/294 280/284/261
f 314/318/295 312/316/293 311/315/292
f 315/319/296 280/284/261 313/317/294
f 280/284/261 315/319/296 263/267/244
f 316/320/297 313/317/294 312/316/293
f 315/319/296 313/317/294 316/320/297
f 316/320/297 312/316/293 314/318/295
f 258/262/239 263/267/244 315/319/296
f 317/321/298 315/319/296 316/320/297
f 258/262/239 315/319/296 317/321/298
f 318/322/299 316/320/297 314/318/295
f 317/321/298 316/320/297 318/322/299
f 319/323/300 258/262/239 317/321/298
f 252/256/233 258/262/239 319/323/300
f 251/255/232 252/256/233 319/323/300
f 319/323/300 317/321/298 320/324/301
f 320/324/301 317/321/298 318/322/299
f 251/255/232 319/323/300 321/325/302
f 321/325/302 319/323/300 320/324/301
f 224/228/205 251/255/232 321/325/302
f 321/325/302 178/182/160 224/228/205
f 178/182/160 321/325/302 322/326/303
f 321/325/302 320/324/301 322/326/303
f 322/326/303 173/177/155 178/182/160
f 173/177/155 322/326/303 174/178/156
f 322/326/303 320/324/301 323/327/304
f 323/327/304 174/178/156 322/326/303
f 320/324/301 318/322/299 323/327/304
f 174/178/156 323/327/304 324/328/305
f 323/327/304 318/322/299 325/329/306
f 323/327/304 325/329/306 324/328/305
f 318/322/299 314/318/295 325/329/306
f 174/178/156 324/328/305 172/176/154
f 325/329/306 314/318/295 326/330/307
f 311/315/292 326/330/307 314/318/295
f 326/330/307 311/315/292 308/312/289
f 327/331/308 325/329/306 326/330/307
f 325/329/306 327/331/308 324/328/305
f 308/312/289 328/332/309 326/330/307
f 327/331/308 326/330/307 328/332/309
f 328/332/309 308/312/289 310/314/291
f 310/314/291 329/333/310 328/332/309
f 328/332/309 329/333/310 330/334/311
f 331/335/312 324/328/305 327/331/308
f 331/335/312 327/331/308 328/332/309
f 328/332/309 330/334/311 332/336/313
f 331/335/312 328/332/309 332/336/313
f 332/336/313 330/334/311 333/337/314
f 332/336/313 333/337/314 118/122/100
f 117/121/99 332/336/313 118/122/100
f 324/328/305 331/335/312 334/338/315
f 172/176/154 324/328/305 334/338/315
f 332/336/313 335/339/316 331/335/312
f 331/335/312 335/339/316 334/338/315
f 335/339/316 332/336/313 117/121/99
f 172/176/154 334/338/315 336/340/317
f 336/340/317 334/338/315 335/339/316
f 126/130/108 172/176/154 336/340/317
f 117/121/99 337/341/318 335/339/316
f 336/340/317 335/339/316 337/341/318
f 117/121/99 124/128/106 337/341/318
f 338/342/319 126/130/108 336/340/317
f 338/342/319 336/340/317 337/341/318
f 338/342/319 337/341/318 124/128/106
f 126/130/108 338/342/319 123/127/105
f 123/127/105 338/342/319 124/128/106
f 75/343/57 77/344/59 339/345/320
f 339/345/320 77/344/59 340/346/321
f 79/347/61 340/346/321 77/344/59
f 339/345/320 340/346/321 341/348/322
f 340/346/321 79/347/61 342/349/323
f 82/350/64 342/349/323 79/347/61
f 341/348/322 340/346/321 343/351/324
f 342/349/323 343/351/324 340/346/321
f 82/350/64 85/352/67 344/353/325
f 342/349/323 82/350/64 345/354/326
f 345/354/326 82/350/64 344/353/325
f 346/355/327 342/349/323 345/354/326
f 343/351/324 342/349/323 346/355/327
f 347/356/328 345/354/326 344/353/325
f 346/355/327 345/354/326 347/356/328
f 347/356/328 344/353/325 348/357/329
f 347/356/328 348/357/329 349/358/330
f 350/359/331 347/356/328 349/358/330
f 350/359/331 349/358/330 351/360/332
f 352/361/333 350/359/331 351/360/332
f 347/356/328 353/362/334 346/355/327
f 353/362/334 347/356/328 350/359/331
f 354/363/335 350/359/331 352/361/333
f 354/363/335 352/361/333 355/364/336
f 354/363/335 355/364/336 356/365/337
f 350/359/331 357/366/338 353/362/334
f 357/366/338 350/359/331 354/363/335
f 358/367/339 346/355/327 353/362/334
f 346/355/327 358/367/339 343/351/324
f 359/368/340 353/362/334 357/366/338
f 353/362/334 359/368/340 358/367/339
f 354/363/335 360/369/341 357/366/338
f 361/370/342 354/363/335 356/365/337
f 360/369/341 354/363/335 361/370/342
f 361/370/342 356/365/337 362/371/343
f 361/370/342 362/371/343 363/372/344
f 364/373/345 361/370/342 363/372/344
f 360/369/341 361/370/342 364/373/345
f 364/373/345 363/372/344 365/374/346
f 366/375/347 357/366/338 360/369/341
f 357/366/338 366/375/347 359/368/340
f 367/376/348 360/369/341 364/373/345
f 366/375/347 360/369/341 367/376/348
f 364/373/345 365/374/346 368/377/349
f 365/374/346 369/378/350 368/377/349
f 368/377/349 369/378/350 370/379/351
f 371/380/352 364/373/345 368/377/349
f 370/379/351 372/381/353 368/377/349
f 371/380/352 368/377/349 372/381/353
f 372/381/353 370/379/351 373/382/354
f 374/383/355 364/373/345 371/380/352
f 374/383/355 367/376/348 364/373/345
f 372/381/353 375/384/356 371/380/352
f 375/384/356 374/383/355 371/380/352
f 376/385/357 372/381/353 373/382/354
f 372/381/353 376/385/357 375/384/356
f 377/386/358 376/385/357 373/382/354
f 374/383/355 375/384/356 378/387/359
f 376/385/357 378/387/359 375/384/356
f 379/388/360 367/376/348 374/383/355
f 378/387/359 379/388/360 374/383/355
f 367/376/348 379/388/360 380/389/361
f 380/389/361 366/375/347 367/376/348
f 379/388/360 378/387/359 381/390/362
f 376/385/357 381/390/362 378/387/359
f 381/390/362 382/391/363 379/388/360
f 382/391/363 380/389/361 379/388/360
f 376/385/357 383/392/364 381/390/362
f 382/391/363 381/390/362 383/392/364
f 380/389/361 384/393/365 366/375/347
f 384/393/365 359/368/340 366/375/347
f 380/389/361 382/391/363 385/394/366
f 359/368/340 384/393/365 386/395/367
f 386/395/367 358/367/339 359/368/340
f 384/393/365 380/389/361 387/396/368
f 385/394/366 387/396/368 380/389/361
f 388/397/369 386/395/367 384/393/365
f 387/396/368 388/397/369 384/393/365
f 358/367/339 386/395/367 389/398/370
f 389/398/370 343/351/324 358/367/339
f 386/395/367 388/397/369 390/399/371
f 390/399/371 389/398/370 386/395/367
f 343/351/324 389/398/370 391/400/372
f 391/400/372 341/348/322 343/351/324
f 391/400/372 392/401/373 341/348/322
f 389/398/370 390/399/371 393/402/374
f 393/402/374 391/400/372 389/398/370
f 394/403/375 392/401/373 391/400/372
f 391/400/372 393/402/374 394/403/375
f 395/404/376 392/401/373 394/403/375
f 396/405/377 393/402/374 390/399/371
f 390/399/371 388/397/369 396/405/377
f 397/406/378 394/403/375 393/402/374
f 393/402/374 396/405/377 397/406/378
f 398/407/379 395/404/376 394/403/375
f 398/407/379 394/403/375 397/406/378
f 395/404/376 398/407/379 399/408/380
f 399/408/380 398/407/379 400/409/381
f 401/410/382 398/407/379 397/406/378
f 398/407/379 401/410/382 400/409/381
f 397/406/378 396/405/377 401/410/382
f 400/409/381 401/410/382 402/411/383
f 402/411/383 401/410/382 403/412/384
f 402/411/383 403/412/384 404/413/385
f 401/410/382 396/405/377 405/414/386
f 401/410/382 405/414/386 403/412/384
f 404/413/385 403/412/384 406/415/387
f 406/415/387 407/416/388 404/413/385
f 403/412/384 405/414/386 408/417/389
f 406/415/387 403/412/384 408/417/389
f 396/405/377 409/418/390 405/414/386
f 396/405/377 388/397/369 409/418/390
f 407/416/388 406/415/387 410/419/391
f 410/419/391 411/420/392 407/416/388
f 410/419/391 406/415/387 412/421/393
f 406/415/387 408/417/389 412/421/393
f 410/419/391 413/422/394 411/420/392
f 413/422/394 414/423/395 411/420/392
f 410/419/391 412/421/393 415/424/396
f 413/422/394 410/419/391 415/424/396
f 413/422/394 416/425/397 414/423/395
f 416/425/397 417/426/398 414/423/395
f 413/422/394 415/424/396 418/427/399
f 416/425/397 413/422/394 419/428/400
f 418/427/399 419/428/400 413/422/394
f 412/421/393 420/429/401 415/424/396
f 420/429/401 418/427/399 415/424/396
f 421/430/402 420/429/401 412/421/393
f 408/417/389 421/430/402 412/421/393
f 420/429/401 422/431/403 418/427/399
f 423/432/404 421/430/402 408/417/389
f 405/414/386 423/432/404 408/417/389
f 409/418/390 423/432/404 405/414/386
f 421/430/402 424/433/405 420/429/401
f 424/433/405 422/431/403 420/429/401
f 423/432/404 425/434/406 421/430/402
f 425/434/406 424/433/405 421/430/402
f 409/418/390 426/435/407 423/432/404
f 426/435/407 425/434/406 423/432/404
f 426/435/407 409/418/390 427/436/408
f 427/436/408 409/418/390 388/397/369
f 388/397/369 387/396/368 427/436/408
f 426/435/407 428/437/409 425/434/406
f 429/438/410 427/436/408 387/396/368
f 430/439/411 426/435/407 427/436/408
f 427/436/408 429/438/410 430/439/411
f 426/435/407 430/439/411 428/437/409
f 387/396/368 385/394/366 429/438/410
f 431/440/412 425/434/406 428/437/409
f 425/434/406 431/440/412 424/433/405
f 432/441/413 428/437/409 430/439/411
f 433/442/414 424/433/405 431/440/412
f 424/433/405 433/442/414 422/431/403
f 434/443/415 431/440/412 428/437/409
f 428/437/409 432/441/413 434/443/415
f 431/440/412 435/444/416 433/442/414
f 431/440/412 434/443/415 435/444/416
f 436/445/417 422/431/403 433/442/414
f 437/446/418 433/442/414 435/444/416
f 433/442/414 437/446/418 436/445/417
f 438/447/419 435/444/416 434/443/415
f 422/431/403 436/445/417 439/448/420
f 422/431/403 439/448/420 418/427/399
f 418/427/399 439/448/420 419/428/400
f 439/448/420 440/449/421 419/428/400
f 419/428/400 440/449/421 416/425/397
f 441/450/422 439/448/420 436/445/417
f 439/448/420 441/450/422 440/449/421
f 440/449/421 442/451/423 416/425/397
f 417/426/398 416/425/397 442/451/423
f 441/450/422 443/452/424 440/449/421
f 440/449/421 443/452/424 442/451/423
f 436/445/417 444/453/425 441/450/422
f 444/453/425 436/445/417 437/446/418
f 441/450/422 445/454/426 443/452/424
f 445/454/426 441/450/422 444/453/425
f 443/452/424 446/455/427 442/451/423
f 447/456/428 417/426/398 442/451/423
f 446/455/427 447/456/428 442/451/423
f 447/456/428 448/457/429 417/426/398
f 443/452/424 449/458/430 446/455/427
f 445/454/426 449/458/430 443/452/424
f 450/459/431 447/456/428 446/455/427
f 449/458/430 450/459/431 446/455/427
f 451/460/432 448/457/429 447/456/428
f 447/456/428 450/459/431 451/460/432
f 452/461/433 448/457/429 451/460/432
f 453/462/434 448/457/429 452/461/433
f 454/463/435 451/460/432 450/459/431
f 451/460/432 454/463/435 452/461/433
f 452/461/433 455/464/436 453/462/434
f 452/461/433 454/463/435 455/464/436
f 453/462/434 455/464/436 456/465/437
f 450/459/431 457/466/438 454/463/435
f 457/466/438 450/459/431 449/458/430
f 458/467/439 455/464/436 454/463/435
f 457/466/438 458/467/439 454/463/435
f 455/464/436 459/468/440 456/465/437
f 459/468/440 455/464/436 458/467/439
f 449/458/430 460/469/441 457/466/438
f 460/469/441 449/458/430 445/454/426
f 458/467/439 457/466/438 461/470/442
f 460/469/441 461/470/442 457/466/438
f 461/470/442 459/468/440 458/467/439
f 445/454/426 462/471/443 460/469/441
f 462/471/443 445/454/426 444/453/425
f 461/470/442 460/469/441 463/472/444
f 462/471/443 463/472/444 460/469/441
f 459/468/440 461/470/442 464/473/445
f 463/472/444 464/473/445 461/470/442
f 465/474/446 456/465/437 459/468/440
f 465/474/446 459/468/440 464/473/445
f 466/475/447 456/465/437 465/474/446
f 464/473/445 463/472/444 467/476/448
f 466/475/447 465/474/446 468/477/449
f 468/477/449 469/478/450 466/475/447
f 465/474/446 464/473/445 470/479/451
f 468/477/449 465/474/446 470/479/451
f 470/479/451 464/473/445 467/476/448
f 468/477/449 471/480/452 469/478/450
f 471/480/452 472/481/453 469/478/450
f 470/479/451 473/482/454 468/477/449
f 471/480/452 468/477/449 473/482/454
f 473/482/454 470/479/451 474/483/455
f 470/479/451 467/476/448 474/483/455
f 473/482/454 475/484/456 471/480/452
f 474/483/455 475/484/456 473/482/454
f 471/480/452 476/485/457 472/481/453
f 475/484/456 476/485/457 471/480/452
f 476/485/457 477/486/458 472/481/453
f 472/481/453 477/486/458 478/487/459
f 476/485/457 475/484/456 479/488/460
f 477/486/458 480/489/461 478/487/459
f 481/490/462 478/487/459 480/489/461
f 476/485/457 482/491/463 477/486/458
f 482/491/463 480/489/461 477/486/458
f 479/488/460 482/491/463 476/485/457
f 483/492/464 481/490/462 480/489/461
f 484/493/465 481/490/462 483/492/464
f 482/491/463 485/494/466 480/489/461
f 485/494/466 483/492/464 480/489/461
f 486/495/467 484/493/465 483/492/464
f 486/495/467 487/496/468 484/493/465
f 485/494/466 488/497/469 483/492/464
f 488/497/469 486/495/467 483/492/464
f 489/498/470 485/494/466 482/491/463
f 482/491/463 479/488/460 489/498/470
f 490/499/471 488/497/469 485/494/466
f 485/494/466 489/498/470 490/499/471
f 491/500/472 487/496/468 486/495/467
f 491/500/472 492/501/473 487/496/468
f 491/500/472 493/502/474 492/501/473
f 486/495/467 488/497/469 494/503/475
f 494/503/475 491/500/472 486/495/467
f 493/502/474 491/500/472 495/504/476
f 494/503/475 495/504/476 491/500/472
f 495/504/476 496/505/477 493/502/474
f 493/502/474 496/505/477 497/506/478
f 495/504/476 494/503/475 498/507/479
f 496/505/477 499/508/480 497/506/478
f 497/506/478 499/508/480 500/509/481
f 266/510/247 500/509/481 499/508/480
f 266/510/247 499/508/480 267/511/248
f 496/505/477 495/504/476 501/512/482
f 498/507/479 501/512/482 495/504/476
f 499/508/480 496/505/477 502/513/483
f 501/512/482 502/513/483 496/505/477
f 267/511/248 499/508/480 503/514/484
f 499/508/480 502/513/483 503/514/484
f 267/511/248 503/514/484 270/515/251
f 270/515/251 503/514/484 271/516/252
f 503/514/484 504/517/485 271/516/252
f 502/513/483 504/517/485 503/514/484
f 505/518/486 271/516/252 504/517/485
f 271/516/252 505/518/486 274/519/255
f 274/519/255 505/518/486 275/520/256
f 504/517/485 502/513/483 506/521/487
f 504/517/485 506/521/487 505/518/486
f 502/513/483 501/512/482 507/522/488
f 507/522/488 506/521/487 502/513/483
f 505/518/486 508/523/489 275/520/256
f 275/520/256 508/523/489 282/524/263
f 508/523/489 509/525/490 282/524/263
f 508/523/489 510/526/491 509/525/490
f 505/518/486 506/521/487 511/527/492
f 511/527/492 508/523/489 505/518/486
f 508/523/489 512/528/493 510/526/491
f 508/523/489 511/527/492 512/528/493
f 510/526/491 512/528/493 513/529/494
f 506/521/487 514/530/495 511/527/492
f 506/521/487 507/522/488 514/530/495
f 515/531/496 512/528/493 511/527/492
f 511/527/492 514/530/495 515/531/496
f 516/532/497 513/529/494 512/528/493
f 512/528/493 515/531/496 516/532/497
f 513/529/494 516/532/497 517/533/498
f 518/534/499 517/533/498 516/532/497
f 519/535/500 516/532/497 515/531/496
f 514/530/495 519/535/500 515/531/496
f 516/532/497 520/536/501 518/534/499
f 516/532/497 519/535/500 520/536/501
f 518/534/499 520/536/501 521/537/502
f 520/536/501 522/538/503 521/537/502
f 520/536/501 523/539/504 522/538/503
f 522/538/503 523/539/504 524/540/470
f 525/541/505 524/540/470 523/539/504
f 526/542/506 520/536/501 519/535/500
f 520/536/501 526/542/506 523/539/504
f 523/539/504 527/543/507 525/541/505
f 526/542/506 527/543/507 523/539/504
f 525/541/505 527/543/507 528/544/508
f 527/543/507 529/545/509 528/544/508
f 530/546/510 526/542/506 519/535/500
f 519/535/500 514/530/495 530/546/510
f 527/543/507 531/547/511 529/545/509
f 529/545/509 531/547/511 532/548/512
f 533/549/513 532/548/512 531/547/511
f 526/542/506 534/550/514 527/543/507
f 534/550/514 531/547/511 527/543/507
f 535/551/515 534/550/514 526/542/506
f 530/546/510 535/551/515 526/542/506
f 531/547/511 536/552/516 533/549/513
f 533/549/513 536/552/516 537/553/517
f 536/552/516 538/554/518 537/553/517
f 534/550/514 539/555/519 531/547/511
f 539/555/519 536/552/516 531/547/511
f 535/551/515 540/556/520 534/550/514
f 540/556/520 539/555/519 534/550/514
f 530/546/510 541/557/521 535/551/515
f 540/556/520 535/551/515 541/557/521
f 514/530/495 542/558/522 530/546/510
f 541/557/521 530/546/510 542/558/522
f 542/558/522 514/530/495 507/522/488
f 541/557/521 543/559/523 540/556/520
f 507/522/488 544/560/524 542/558/522
f 544/560/524 507/522/488 501/512/482
f 501/512/482 498/507/479 544/560/524
f 542/558/522 545/561/525 541/557/521
f 545/561/525 542/558/522 544/560/524
f 543/559/523 541/557/521 545/561/525
f 546/562/526 544/560/524 498/507/479
f 544/560/524 546/562/526 545/561/525
f 546/562/526 498/507/479 494/503/475
f 545/561/525 547/563/527 543/559/523
f 547/563/527 545/561/525 546/562/526
f 494/503/475 548/564/528 546/562/526
f 548/564/528 494/503/475 488/497/469
f 488/497/469 490/499/471 548/564/528
f 549/565/529 546/562/526 548/564/528
f 546/562/526 549/565/529 547/563/527
f 550/566/530 548/564/528 490/499/471
f 548/564/528 550/566/530 549/565/529
f 490/499/471 551/567/531 550/566/530
f 551/567/531 490/499/471 489/498/470
f 552/568/532 549/565/529 550/566/530
f 489/498/470 553/569/533 551/567/531
f 553/569/533 489/498/470 479/488/460
f 551/567/531 554/570/534 550/566/530
f 550/566/530 554/570/534 552/568/532
f 553/569/533 555/571/535 551/567/531
f 551/567/531 555/571/535 554/570/534
f 479/488/460 556/572/536 553/569/533
f 556/572/536 479/488/460 475/484/456
f 475/484/456 474/483/455 556/572/536
f 556/572/536 557/573/537 553/569/533
f 553/569/533 557/573/537 555/571/535
f 474/483/455 558/574/538 556/572/536
f 556/572/536 558/574/538 557/573/537
f 474/483/455 467/476/448 558/574/538
f 557/573/537 559/575/539 555/571/535
f 467/476/448 560/576/540 558/574/538
f 560/576/540 467/476/448 463/472/444
f 463/472/444 462/471/443 560/576/540
f 558/574/538 561/577/541 557/573/537
f 561/577/541 558/574/538 560/576/540
f 559/575/539 557/573/537 561/577/541
f 562/578/542 560/576/540 462/471/443
f 560/576/540 562/578/542 561/577/541
f 444/453/425 562/578/542 462/471/443
f 562/578/542 444/453/425 437/446/418
f 563/579/543 561/577/541 562/578/542
f 437/446/418 563/579/543 562/578/542
f 561/577/541 563/579/543 559/575/539
f 563/579/543 437/446/418 435/444/416
f 435/444/416 438/447/419 563/579/543
f 559/575/539 563/579/543 438/447/419
f 559/575/539 438/447/419 564/580/544
f 555/571/535 559/575/539 564/580/544
f 564/580/544 554/570/534 555/571/535
f 564/580/544 438/447/419 565/581/545
f 434/443/415 565/581/545 438/447/419
f 554/570/534 564/580/544 566/582/546
f 564/580/544 565/581/545 566/582/546
f 565/581/545 434/443/415 432/441/413
f 566/582/546 552/568/532 554/570/534
f 432/441/413 567/583/547 565/581/545
f 566/582/546 565/581/545 567/583/547
f 552/568/532 566/582/546 568/584/548
f 566/582/546 567/583/547 568/584/548
f 567/583/547 432/441/413 569/585/549
f 430/439/411 569/585/549 432/441/413
f 569/585/549 430/439/411 429/438/410
f 569/585/549 570/586/550 567/583/547
f 568/584/548 567/583/547 570/586/550
f 429/438/410 571/587/551 569/585/549
f 570/586/550 569/585/549 571/587/551
f 571/587/551 429/438/410 385/394/366
f 568/584/548 570/586/550 572/588/552
f 568/584/548 573/589/553 552/568/532
f 573/589/553 568/584/548 572/588/552
f 549/565/529 552/568/532 573/589/553
f 573/589/553 547/563/527 549/565/529
f 547/563/527 573/589/553 574/590/554
f 573/589/553 572/588/552 574/590/554
f 574/590/554 543/559/523 547/563/527
f 572/588/552 570/586/550 575/591/555
f 571/587/551 575/591/555 570/586/550
f 574/590/554 572/588/552 576/592/556
f 572/588/552 575/591/555 576/592/556
f 543/559/523 574/590/554 577/593/557
f 574/590/554 576/592/556 577/593/557
f 577/593/557 540/556/520 543/559/523
f 540/556/520 577/593/557 539/555/519
f 577/593/557 578/594/558 539/555/519
f 577/593/557 576/592/556 578/594/558
f 539/555/519 578/594/558 536/552/516
f 576/592/556 579/595/559 578/594/558
f 579/595/559 576/592/556 575/591/555
f 578/594/558 580/596/560 536/552/516
f 578/594/558 579/595/559 580/596/560
f 536/552/516 580/596/560 538/554/518
f 538/554/518 580/596/560 581/597/561
f 580/596/560 582/598/562 581/597/561
f 575/591/555 583/599/563 579/595/559
f 583/599/563 580/596/560 579/595/559
f 580/596/560 584/600/564 582/598/562
f 580/596/560 583/599/563 584/600/564
f 582/598/562 584/600/564 585/601/565
f 584/600/564 377/386/358 585/601/565
f 584/600/564 376/385/357 377/386/358
f 583/599/563 575/591/555 586/602/566
f 575/591/555 571/587/551 586/602/566
f 584/600/564 583/599/563 587/603/567
f 586/602/566 587/603/567 583/599/563
f 376/385/357 584/600/564 587/603/567
f 571/587/551 588/604/568 586/602/566
f 586/602/566 588/604/568 587/603/567
f 571/587/551 385/394/366 588/604/568
f 589/605/569 376/385/357 587/603/567
f 589/605/569 587/603/567 588/604/568
f 376/385/357 589/605/569 383/392/364
f 590/606/570 588/604/568 385/394/366
f 588/604/568 590/606/570 589/605/569
f 383/392/364 589/605/569 590/606/570
f 385/394/366 382/391/363 590/606/570
f 590/606/570 382/391/363 383/392/364
f 591/607/571 592/608/572 593/609/573
f 594/610/574 593/609/573 592/608/572
f 593/609/573 594/610/574 595/611/575
f 592/608/572 596/612/576 594/610/574
f 594/610/574 597/613/577 595/611/575
f 595/611/575 597/613/577 598/614/578
f 594/610/574 596/612/576 599/615/579
f 599/615/579 597/613/577 594/610/574
f 596/612/576 600/616/580 599/615/579
f 597/613/577 601/617/581 598/614/578
f 598/614/578 601/617/581 602/618/582
f 597/613/577 599/615/579 603/619/583
f 597/613/577 604/620/584 601/617/581
f 604/620/584 597/613/577 603/619/583
f 605/621/585 602/618/582 601/617/581
f 604/620/584 605/621/585 601/617/581
f 606/622/586 603/619/583 599/615/579
f 600/616/580 606/622/586 599/615/579
f 607/623/587 604/620/584 603/619/583
f 603/619/583 606/622/586 607/623/587
f 606/622/586 600/616/580 608/624/588
f 608/624/588 600/616/580 609/625/589
f 609/625/589 610/626/590 608/624/588
f 611/627/591 607/623/587 606/622/586
f 608/624/588 611/627/591 606/622/586
f 612/628/592 608/624/588 610/626/590
f 608/624/588 612/628/592 611/627/591
f 612/628/592 610/626/590 613/629/593
f 611/627/591 614/630/594 607/623/587
f 604/620/584 607/623/587 614/630/594
f 615/631/595 611/627/591 612/628/592
f 612/628/592 613/629/593 616/632/596
f 616/632/596 615/631/595 612/628/592
f 613/629/593 617/633/597 616/632/596
f 613/629/593 618/634/598 617/633/597
f 615/631/595 616/632/596 619/635/599
f 616/632/596 617/633/597 619/635/599
f 611/627/591 615/631/595 620/636/600
f 614/630/594 611/627/591 620/636/600
f 621/637/601 620/636/600 615/631/595
f 622/638/602 614/630/594 620/636/600
f 620/636/600 621/637/601 622/638/602
f 614/630/594 623/639/603 604/620/584
f 614/630/594 622/638/602 623/639/603
f 604/620/584 623/639/603 624/640/604
f 605/621/585 604/620/584 624/640/604
f 625/641/605 624/640/604 623/639/603
f 622/638/602 625/641/605 623/639/603
f 626/642/606 605/621/585 624/640/604
f 624/640/604 625/641/605 626/642/606
f 605/621/585 626/642/606 627/643/607
f 602/618/582 605/621/585 627/643/607
f 602/618/582 627/643/607 628/644/608
f 627/643/607 629/645/609 628/644/608
f 626/642/606 630/646/610 627/643/607
f 629/645/609 627/643/607 630/646/610
f 630/646/610 626/642/606 631/647/611
f 625/641/605 631/647/611 626/642/606
f 632/648/612 629/645/609 630/646/610
f 632/648/612 633/649/613 629/645/609
f 630/646/610 634/650/614 632/648/612
f 634/650/614 630/646/610 631/647/611
f 635/651/615 633/649/613 632/648/612
f 634/650/614 635/651/615 632/648/612
f 633/649/613 635/651/615 636/652/616
f 635/651/615 637/653/617 636/652/616
f 637/653/617 635/651/615 638/654/618
f 638/654/618 639/655/619 637/653/617
f 635/651/615 634/650/614 640/656/620
f 635/651/615 641/657/621 638/654/618
f 641/657/621 635/651/615 640/656/620
f 639/655/619 638/654/618 642/658/622
f 641/657/621 642/658/622 638/654/618
f 643/659/623 639/655/619 642/658/622
f 643/659/623 644/660/624 639/655/619
f 643/659/623 645/661/625 644/660/624
f 642/658/622 641/657/621 646/662/626
f 642/658/622 647/663/627 643/659/623
f 647/663/627 642/658/622 646/662/626
f 645/661/625 643/659/623 648/664/628
f 647/663/627 648/664/628 643/659/623
f 649/665/629 645/661/625 648/664/628
f 649/665/629 650/666/630 645/661/625
f 649/665/629 651/667/631 650/666/630
f 648/664/628 647/663/627 652/668/632
f 648/664/628 653/669/633 649/665/629
f 653/669/633 648/664/628 652/668/632
f 651/667/631 649/665/629 654/670/634
f 653/669/633 654/670/634 649/665/629
f 655/671/635 651/667/631 654/670/634
f 655/671/635 656/672/636 651/667/631
f 654/670/634 653/669/633 657/673/637
f 658/674/638 656/672/636 655/671/635
f 656/672/636 658/674/638 659/675/639
f 654/670/634 660/676/640 655/671/635
f 660/676/640 658/674/638 655/671/635
f 660/676/640 654/670/634 657/673/637
f 658/674/638 661/677/641 659/675/639
f 661/677/641 658/674/638 662/678/642
f 662/678/642 663/679/643 661/677/641
f 658/674/638 660/676/640 664/680/644
f 658/674/638 665/681/645 662/678/642
f 665/681/645 658/674/638 664/680/644
f 663/679/643 662/678/642 666/682/646
f 665/681/645 666/682/646 662/678/642
f 667/683/647 663/679/643 666/682/646
f 667/683/647 668/684/648 663/679/643
f 667/683/647 669/685/649 668/684/648
f 666/682/646 665/681/645 670/686/650
f 666/682/646 671/687/651 667/683/647
f 671/687/651 666/682/646 670/686/650
f 669/685/649 667/683/647 672/688/652
f 671/687/651 672/688/652 667/683/647
f 673/689/653 669/685/649 672/688/652
f 673/689/653 674/690/654 669/685/649
f 673/689/653 675/691/655 674/690/654
f 672/688/652 671/687/651 676/692/656
f 672/688/652 677/693/657 673/689/653
f 677/693/657 672/688/652 676/692/656
f 675/691/655 673/689/653 678/694/658
f 677/693/657 678/694/658 673/689/653
f 679/695/659 675/691/655 678/694/658
f 679/695/659 680/696/660 675/691/655
f 679/695/659 681/697/661 680/696/660
f 678/694/658 677/693/657 682/698/662
f 681/697/661 679/695/659 683/699/663
f 683/699/663 684/700/664 681/697/661
f 678/694/658 685/701/665 679/695/659
f 685/701/665 683/699/663 679/695/659
f 685/701/665 678/694/658 682/698/662
f 684/700/664 683/699/663 686/702/666
f 686/702/666 591/703/571 684/700/664
f 591/703/571 686/702/666 592/704/572
f 592/704/572 686/702/666 687/705/667
f 683/699/663 687/705/667 686/702/666
f 596/706/576 592/704/572 687/705/667
f 685/701/665 688/707/668 683/699/663
f 687/705/667 683/699/663 688/707/668
f 689/708/669 596/706/576 687/705/667
f 596/706/576 689/708/669 600/709/580
f 600/709/580 689/708/669 609/710/589
f 690/711/670 687/705/667 688/707/668
f 687/705/667 690/711/670 689/708/669
f 691/712/671 688/707/668 685/701/665
f 688/707/668 691/712/671 690/711/670
f 691/712/671 685/701/665 682/698/662
f 690/711/670 692/713/672 689/708/669
f 609/710/589 689/708/669 692/713/672
f 691/712/671 693/714/673 690/711/670
f 692/713/672 690/711/670 693/714/673
f 694/715/674 609/710/589 692/713/672
f 609/710/589 694/715/674 610/716/590
f 695/717/675 692/713/672 693/714/673
f 692/713/672 695/717/675 694/715/674
f 610/716/590 694/715/674 696/718/676
f 696/718/676 613/719/593 610/716/590
f 697/720/677 694/715/674 695/717/675
f 697/720/677 696/718/676 694/715/674
f 613/719/593 696/718/676 698/721/678
f 618/722/598 613/719/593 698/721/678
f 698/721/678 699/723/679 618/722/598
f 696/718/676 697/720/677 700/724/680
f 698/721/678 696/718/676 700/724/680
f 701/725/681 699/723/679 702/726/682
f 703/727/683 702/726/682 699/723/679
f 699/723/679 698/721/678 703/727/683
f 702/726/682 703/727/683 704/728/684
f 698/721/678 705/729/685 703/727/683
f 703/727/683 705/729/685 704/728/684
f 698/721/678 700/724/680 705/729/685
f 704/728/684 705/729/685 706/730/686
f 707/731/687 705/729/685 700/724/680
f 700/724/680 697/720/677 707/731/687
f 705/729/685 708/732/688 706/730/686
f 705/729/685 707/731/687 708/732/688
f 706/730/686 708/732/688 709/733/689
f 697/720/677 710/734/690 707/731/687
f 710/734/690 697/720/677 695/717/675
f 707/731/687 711/735/691 708/732/688
f 711/735/691 709/733/689 708/732/688
f 707/731/687 710/734/690 712/736/692
f 711/735/691 707/731/687 712/736/692
f 713/737/693 709/733/689 711/735/691
f 709/733/689 713/737/693 714/738/694
f 714/738/694 713/737/693 715/739/695
f 711/735/691 716/740/696 713/737/693
f 716/740/696 711/735/691 712/736/692
f 717/741/697 715/739/695 713/737/693
f 716/740/696 717/741/697 713/737/693
f 718/742/698 715/739/695 717/741/697
f 715/739/695 718/742/698 719/743/699
f 719/743/699 718/742/698 720/744/700
f 717/741/697 716/740/696 721/745/701
f 717/741/697 722/746/702 718/742/698
f 722/746/702 717/741/697 721/745/701
f 723/747/703 720/744/700 718/742/698
f 722/746/702 723/747/703 718/742/698
f 724/748/704 720/744/700 723/747/703
f 720/744/700 724/748/704 725/749/705
f 723/747/703 722/746/702 726/750/706
f 727/751/707 725/749/705 724/748/704
f 725/749/705 727/751/707 728/752/708
f 723/747/703 729/753/709 724/748/704
f 729/753/709 727/751/707 724/748/704
f 729/753/709 723/747/703 726/750/706
f 727/751/707 730/754/710 728/752/708
f 730/754/710 727/751/707 731/755/711
f 730/754/710 731/755/711 732/756/712
f 727/751/707 729/753/709 733/757/713
f 727/751/707 734/758/714 731/755/711
f 734/758/714 727/751/707 733/757/713
f 735/759/715 732/756/712 731/755/711
f 734/758/714 735/759/715 731/755/711
f 732/756/712 735/759/715 736/760/716
f 732/756/712 736/760/716 737/761/717
f 737/761/717 736/760/716 738/762/718
f 735/759/715 734/758/714 739/763/719
f 735/759/715 740/764/720 736/760/716
f 740/764/720 735/759/715 739/763/719
f 741/765/721 738/762/718 736/760/716
f 740/764/720 741/765/721 736/760/716
f 742/766/722 738/762/718 741/765/721
f 738/762/718 742/766/722 743/767/723
f 743/767/723 742/766/722 744/768/724
f 741/765/721 740/764/720 745/769/725
f 741/765/721 746/770/726 742/766/722
f 746/770/726 741/765/721 745/769/725
f 747/771/727 744/768/724 742/766/722
f 746/770/726 747/771/727 742/766/722
f 748/772/728 744/768/724 747/771/727
f 744/768/724 748/772/728 749/773/729
f 747/771/727 746/770/726 750/774/730
f 751/775/731 749/773/729 748/772/728
f 749/773/729 751/775/731 752/776/732
f 747/771/727 753/777/733 748/772/728
f 753/777/733 751/775/731 748/772/728
f 753/777/733 747/771/727 750/774/730
f 751/775/731 754/778/734 752/776/732
f 754/778/734 751/775/731 755/779/735
f 754/778/734 755/779/735 756/780/736
f 751/775/731 753/777/733 757/781/737
f 751/775/731 758/782/738 755/779/735
f 758/782/738 751/775/731 757/781/737
f 759/783/739 756/780/736 755/779/735
f 758/782/738 759/783/739 755/779/735
f 760/784/740 756/780/736 759/783/739
f 756/780/736 760/784/740 761/785/741
f 760/784/740 762/786/742 761/785/741
f 759/783/739 758/782/738 763/787/743
f 759/783/739 764/788/744 760/784/740
f 764/788/744 759/783/739 763/787/743
f 762/786/742 760/784/740 765/789/745
f 764/788/744 765/789/745 760/784/740
f 766/790/746 762/786/742 765/789/745
f 766/790/746 767/791/747 762/786/742
f 766/790/746 768/792/748 767/791/747
f 765/789/745 764/788/744 769/793/749
f 768/792/748 766/790/746 770/794/750
f 770/794/750 771/795/751 768/792/748
f 765/789/745 772/796/752 766/790/746
f 772/796/752 770/794/750 766/790/746
f 772/796/752 765/789/745 769/793/749
f 771/795/751 770/794/750 773/797/753
f 773/797/753 701/798/681 771/795/751
f 701/798/681 773/797/753 699/799/679
f 773/797/753 618/634/598 699/799/679
f 618/634/598 773/797/753 617/633/597
f 770/794/750 617/633/597 773/797/753
f 617/633/597 770/794/750 774/800/754
f 772/796/752 774/800/754 770/794/750
f 617/633/597 774/800/754 619/635/599
f 774/800/754 772/796/752 775/801/755
f 619/635/599 774/800/754 775/801/755
f 775/801/755 772/796/752 769/793/749
f 775/801/755 615/631/595 619/635/599
f 615/631/595 775/801/755 621/637/601
f 775/801/755 769/793/749 776/802/756
f 775/801/755 777/803/757 621/637/601
f 777/803/757 775/801/755 776/802/756
f 777/803/757 622/638/602 621/637/601
f 769/793/749 778/804/758 776/802/756
f 778/804/758 777/803/757 776/802/756
f 778/804/758 769/793/749 764/788/744
f 763/787/743 778/804/758 764/788/744
f 779/805/759 622/638/602 777/803/757
f 777/803/757 778/804/758 779/805/759
f 622/638/602 779/805/759 780/806/760
f 625/641/605 622/638/602 780/806/760
f 778/804/758 763/787/743 781/807/761
f 782/808/762 625/641/605 780/806/760
f 779/805/759 782/808/762 780/806/760
f 778/804/758 783/809/763 779/805/759
f 783/809/763 778/804/758 781/807/761
f 782/808/762 779/805/759 783/809/763
f 784/810/764 781/807/761 763/787/743
f 784/810/764 783/809/763 781/807/761
f 758/782/738 784/810/764 763/787/743
f 757/781/737 784/810/764 758/782/738
f 783/809/763 784/810/764 785/811/765
f 785/811/765 782/808/762 783/809/763
f 786/812/766 784/810/764 757/781/737
f 784/810/764 787/813/767 785/811/765
f 787/813/767 784/810/764 786/812/766
f 788/814/768 786/812/766 757/781/737
f 788/814/768 787/813/767 786/812/766
f 753/777/733 788/814/768 757/781/737
f 750/774/730 788/814/768 753/777/733
f 789/815/769 785/811/765 787/813/767
f 790/816/770 788/814/768 750/774/730
f 785/811/765 789/815/769 791/817/771
f 785/811/765 791/817/771 782/808/762
f 787/813/767 788/814/768 792/818/772
f 792/818/772 789/815/769 787/813/767
f 793/819/773 788/814/768 790/816/770
f 788/814/768 793/819/773 792/818/772
f 794/820/774 790/816/770 750/774/730
f 794/820/774 793/819/773 790/816/770
f 746/770/726 794/820/774 750/774/730
f 745/769/725 794/820/774 746/770/726
f 795/821/775 792/818/772 793/819/773
f 794/820/774 745/769/725 796/822/776
f 792/818/772 795/821/775 797/823/777
f 792/818/772 797/823/777 789/815/769
f 793/819/773 794/820/774 798/824/778
f 798/824/778 795/821/775 793/819/773
f 799/825/779 794/820/774 796/822/776
f 794/820/774 799/825/779 798/824/778
f 800/826/780 796/822/776 745/769/725
f 800/826/780 799/825/779 796/822/776
f 740/764/720 800/826/780 745/769/725
f 739/763/719 800/826/780 740/764/720
f 801/827/781 798/824/778 799/825/779
f 802/828/782 800/826/780 739/763/719
f 798/824/778 801/827/781 803/829/783
f 798/824/778 803/829/783 795/821/775
f 799/825/779 800/826/780 804/830/784
f 804/830/784 801/827/781 799/825/779
f 805/831/785 800/826/780 802/828/782
f 800/826/780 805/831/785 804/830/784
f 806/832/786 802/828/782 739/763/719
f 806/832/786 805/831/785 802/828/782
f 734/758/714 806/832/786 739/763/719
f 733/757/713 806/832/786 734/758/714
f 807/833/787 804/830/784 805/831/785
f 808/834/788 806/832/786 733/757/713
f 804/830/784 807/833/787 809/835/789
f 804/830/784 809/835/789 801/827/781
f 805/831/785 806/832/786 810/836/790
f 810/836/790 807/833/787 805/831/785
f 811/837/791 806/832/786 808/834/788
f 806/832/786 811/837/791 810/836/790
f 812/838/792 808/834/788 733/757/713
f 812/838/792 811/837/791 808/834/788
f 729/753/709 812/838/792 733/757/713
f 726/750/706 812/838/792 729/753/709
f 813/839/793 810/836/790 811/837/791
f 814/840/794 812/838/792 726/750/706
f 810/836/790 813/839/793 815/841/795
f 810/836/790 815/841/795 807/833/787
f 811/837/791 812/838/792 816/842/796
f 816/842/796 813/839/793 811/837/791
f 817/843/797 812/838/792 814/840/794
f 812/838/792 817/843/797 816/842/796
f 818/844/798 814/840/794 726/750/706
f 818/844/798 817/843/797 814/840/794
f 722/746/702 818/844/798 726/750/706
f 721/745/701 818/844/798 722/746/702
f 819/845/799 816/842/796 817/843/797
f 818/844/798 721/745/701 820/846/800
f 816/842/796 819/845/799 821/847/801
f 816/842/796 821/847/801 813/839/793
f 817/843/797 818/844/798 822/848/802
f 822/848/802 819/845/799 817/843/797
f 823/849/803 818/844/798 820/846/800
f 818/844/798 823/849/803 822/848/802
f 820/846/800 721/745/701 824/850/804
f 824/850/804 823/849/803 820/846/800
f 716/740/696 824/850/804 721/745/701
f 712/736/692 824/850/804 716/740/696
f 825/851/805 824/850/804 712/736/692
f 710/734/690 825/851/805 712/736/692
f 826/852/806 824/850/804 825/851/805
f 710/734/690 826/852/806 825/851/805
f 823/849/803 824/850/804 827/853/807
f 824/850/804 826/852/806 827/853/807
f 826/852/806 710/734/690 828/854/808
f 710/734/690 695/717/675 828/854/808
f 693/714/673 828/854/808 695/717/675
f 828/854/808 693/714/673 829/855/809
f 693/714/673 691/712/671 829/855/809
f 828/854/808 830/856/810 826/852/806
f 828/854/808 829/855/809 830/856/810
f 691/712/671 830/856/810 829/855/809
f 830/856/810 827/853/807 826/852/806
f 830/856/810 691/712/671 831/857/810
f 691/712/671 682/698/662 831/857/810
f 827/853/807 830/856/810 832/858/811
f 682/698/662 833/859/811 831/857/810
f 830/856/810 831/857/810 833/859/811
f 832/858/811 830/856/810 833/859/811
f 833/859/811 682/698/662 677/693/657
f 833/859/811 677/693/657 676/692/656
f 827/853/807 832/858/811 834/860/812
f 833/859/811 834/860/812 832/858/811
f 827/853/807 834/860/812 823/849/803
f 834/860/812 822/848/802 823/849/803
f 833/859/811 676/692/656 835/861/813
f 834/860/812 833/859/811 835/861/813
f 676/692/656 836/862/814 835/861/813
f 835/861/813 836/862/814 834/860/812
f 836/862/814 676/692/656 671/687/651
f 822/848/802 834/860/812 837/863/814
f 837/863/814 834/860/812 836/862/814
f 822/848/802 837/863/814 819/845/799
f 836/862/814 819/845/799 837/863/814
f 836/862/814 671/687/651 670/686/650
f 819/845/799 836/862/814 838/864/799
f 836/862/814 670/686/650 838/864/799
f 838/864/799 839/865/815 819/845/799
f 670/686/650 839/865/815 838/864/799
f 819/845/799 839/865/815 821/847/801
f 839/865/815 670/686/650 665/681/645
f 839/865/815 813/839/793 821/847/801
f 839/865/815 665/681/645 664/680/644
f 813/839/793 839/865/815 840/866/816
f 839/865/815 664/680/644 840/866/816
f 841/867/795 813/839/793 840/866/816
f 664/680/644 841/867/795 840/866/816
f 813/839/793 841/867/795 815/841/795
f 841/867/795 664/680/644 660/676/640
f 841/867/795 807/833/787 815/841/795
f 841/867/795 660/676/640 657/673/637
f 807/833/787 841/867/795 842/868/787
f 841/867/795 657/673/637 842/868/787
f 843/869/817 807/833/787 842/868/787
f 657/673/637 843/869/817 842/868/787
f 807/833/787 843/869/817 809/835/789
f 843/869/817 657/673/637 653/669/633
f 843/869/817 801/827/781 809/835/789
f 843/869/817 653/669/633 652/668/632
f 801/827/781 843/869/817 844/870/781
f 843/869/817 652/668/632 844/870/781
f 845/871/818 801/827/781 844/870/781
f 652/668/632 845/871/818 844/870/781
f 803/829/783 801/827/781 845/871/818
f 845/871/818 652/668/632 647/663/627
f 845/871/818 795/821/775 803/829/783
f 845/871/818 647/663/627 646/662/626
f 795/821/775 845/871/818 846/872/819
f 845/871/818 646/662/626 846/872/819
f 795/821/775 846/872/819 847/873/820
f 646/662/626 847/873/820 846/872/819
f 797/823/777 795/821/775 847/873/820
f 847/873/820 646/662/626 641/657/621
f 847/873/820 789/815/769 797/823/777
f 847/873/820 641/657/621 640/656/620
f 789/815/769 847/873/820 848/874/769
f 847/873/820 640/656/620 848/874/769
f 848/874/769 849/875/771 789/815/769
f 640/656/620 849/875/771 848/874/769
f 789/815/769 849/875/771 791/817/771
f 849/875/771 640/656/620 634/650/614
f 849/875/771 782/808/762 791/817/771
f 849/875/771 634/650/614 631/647/611
f 782/808/762 849/875/771 850/876/821
f 849/875/771 631/647/611 850/876/821
f 625/641/605 782/808/762 850/876/821
f 631/647/611 625/641/605 850/876/821
f 301/877/282 299/878/280 851/879/822
f 852/880/823 851/879/822 299/878/280
f 851/879/822 852/880/823 853/881/824
f 299/878/280 854/882/825 852/880/823
f 854/882/825 299/878/280 298/883/279
f 852/880/823 855/884/826 853/881/824
f 854/882/825 855/884/826 852/880/823
f 853/881/824 855/884/826 856/885/827
f 298/883/279 857/886/828 854/882/825
f 857/886/828 298/883/279 294/887/275
f 855/884/826 854/882/825 858/888/829
f 857/886/828 858/888/829 854/882/825
f 859/889/830 856/885/827 855/884/826
f 858/888/829 859/889/830 855/884/826
f 860/890/831 856/885/827 859/889/830
f 860/890/831 861/891/832 856/885/827
f 862/892/833 859/889/830 858/888/829
f 860/890/831 863/893/277 861/891/832
f 863/893/277 864/894/834 861/891/832
f 860/890/831 859/889/830 865/895/835
f 865/895/835 859/889/830 862/892/833
f 864/894/834 863/893/277 866/896/836
f 866/896/836 867/897/837 864/894/834
f 867/897/837 866/896/836 868/898/838
f 869/899/839 863/893/277 860/890/831
f 865/895/835 869/899/839 860/890/831
f 863/893/277 870/900/840 866/896/836
f 863/893/277 869/899/839 870/900/840
f 868/898/838 866/896/836 871/901/841
f 866/896/836 870/900/840 871/901/841
f 868/898/838 871/901/841 872/902/842
f 873/903/843 872/902/842 871/901/841
f 871/901/841 874/904/844 873/903/843
f 870/900/840 874/904/844 871/901/841
f 875/905/845 873/903/843 874/904/844
f 874/904/844 870/900/840 876/906/846
f 874/904/844 877/907/847 875/905/845
f 877/907/847 874/904/844 876/906/846
f 877/907/847 878/908/848 875/905/845
f 878/908/848 879/909/849 875/905/845
f 879/909/849 878/908/848 880/910/850
f 878/908/848 881/911/851 880/910/850
f 880/910/850 881/911/851 882/912/852
f 883/913/853 878/908/848 877/907/847
f 878/908/848 883/913/853 881/911/851
f 881/911/851 884/914/854 882/912/852
f 882/912/852 884/914/854 885/915/855
f 883/913/853 886/916/856 881/911/851
f 881/911/851 886/916/856 884/914/854
f 877/907/847 887/917/857 883/913/853
f 876/906/846 887/917/857 877/907/847
f 883/913/853 888/918/858 886/916/856
f 887/917/857 888/918/858 883/913/853
f 886/916/856 889/919/859 884/914/854
f 888/918/858 890/920/860 886/916/856
f 886/916/856 890/920/860 889/919/859
f 887/917/857 891/921/861 888/918/858
f 888/918/858 891/921/861 890/920/860
f 876/906/846 892/922/862 887/917/857
f 887/917/857 892/922/862 891/921/861
f 893/923/863 892/922/862 876/906/846
f 891/921/861 894/924/864 890/920/860
f 876/906/846 895/925/865 893/923/863
f 895/925/865 876/906/846 870/900/840
f 869/899/839 895/925/865 870/900/840
f 891/921/861 892/922/862 896/926/866
f 894/924/864 891/921/861 896/926/866
f 893/923/863 897/927/867 892/922/862
f 896/926/866 892/922/862 897/927/867
f 895/925/865 898/928/868 893/923/863
f 898/928/868 897/927/867 893/923/863
f 869/899/839 899/929/869 895/925/865
f 899/929/869 898/928/868 895/925/865
f 900/930/870 899/929/869 869/899/839
f 901/931/871 898/928/868 899/929/869
f 900/930/870 901/931/871 899/929/869
f 902/932/872 900/930/870 869/899/839
f 865/895/835 902/932/872 869/899/839
f 862/892/833 902/932/872 865/895/835
f 902/932/872 862/892/833 903/933/873
f 858/888/829 903/933/873 862/892/833
f 902/932/872 904/934/874 900/930/870
f 903/933/873 904/934/874 902/932/872
f 903/933/873 858/888/829 905/935/875
f 858/888/829 857/886/828 905/935/875
f 906/936/876 903/933/873 905/935/875
f 857/886/828 906/936/876 905/935/875
f 904/934/874 903/933/873 907/937/877
f 907/937/877 903/933/873 906/936/876
f 904/934/874 908/938/878 900/930/870
f 908/938/878 901/931/871 900/930/870
f 907/937/877 909/939/879 904/934/874
f 909/939/879 908/938/878 904/934/874
f 910/940/880 907/937/877 906/936/876
f 910/940/880 909/939/879 907/937/877
f 857/886/828 911/941/881 906/936/876
f 294/887/275 911/941/881 857/886/828
f 911/941/881 294/887/275 293/942/274
f 911/941/881 912/943/882 906/936/876
f 906/936/876 912/943/882 910/940/880
f 293/942/274 913/944/883 911/941/881
f 911/941/881 913/944/883 912/943/882
f 913/944/883 293/942/274 290/945/271
f 913/944/883 914/946/884 912/943/882
f 910/940/880 912/943/882 914/946/884
f 290/945/271 915/947/885 913/944/883
f 913/944/883 915/947/885 914/946/884
f 915/947/885 290/945/271 289/948/270
f 289/948/270 286/949/267 915/947/885
f 915/947/885 286/949/267 916/950/886
f 915/947/885 917/951/887 914/946/884
f 915/947/885 916/950/886 917/951/887
f 286/949/267 918/952/888 916/950/886
f 918/952/888 286/949/267 284/953/265
f 916/950/886 919/954/889 917/951/887
f 916/950/886 918/952/888 919/954/889
f 914/946/884 917/951/887 920/955/890
f 917/951/887 919/954/889 920/955/890
f 284/953/265 921/956/891 918/952/888
f 921/956/891 284/953/265 283/957/264
f 918/952/888 922/958/892 919/954/889
f 918/952/888 921/956/891 922/958/892
f 283/957/264 923/959/893 921/956/891
f 923/959/893 283/957/264 282/960/263
f 282/960/263 509/961/490 923/959/893
f 921/956/891 923/959/893 924/962/894
f 921/956/891 924/962/894 922/958/892
f 925/963/895 923/959/893 509/961/490
f 925/963/895 924/962/894 923/959/893
f 925/963/895 509/961/490 510/964/491
f 926/965/896 925/963/895 510/964/491
f 926/965/896 510/964/491 513/966/494
f 926/965/896 927/967/897 925/963/895
f 924/962/894 925/963/895 927/967/897
f 928/968/898 926/965/896 513/966/494
f 927/967/897 926/965/896 929/969/899
f 928/968/898 929/969/899 926/965/896
f 930/970/900 928/968/898 513/966/494
f 513/966/494 517/971/498 930/970/900
f 518/972/499 930/970/900 517/971/498
f 929/969/899 928/968/898 931/973/901
f 930/970/900 931/973/901 928/968/898
f 932/974/902 930/970/900 518/972/499
f 521/975/502 932/974/902 518/972/499
f 931/973/901 930/970/900 933/976/903
f 932/974/902 933/976/903 930/970/900
f 934/977/904 932/974/902 521/975/502
f 522/978/503 934/977/904 521/975/502
f 933/976/903 932/974/902 935/979/905
f 934/977/904 935/979/905 932/974/902
f 934/977/904 522/978/503 936/980/906
f 524/981/470 936/980/906 522/978/503
f 935/979/905 934/977/904 937/982/907
f 936/980/906 937/982/907 934/977/904
f 936/980/906 524/981/470 938/983/908
f 525/984/505 938/983/908 524/981/470
f 525/984/505 528/985/508 939/986/909
f 525/984/505 939/986/909 940/987/910
f 938/983/908 525/984/505 940/987/910
f 940/987/910 939/986/909 941/988/911
f 940/987/910 941/988/911 942/989/912
f 942/989/912 938/983/908 940/987/910
f 942/989/912 941/988/911 943/990/913
f 938/983/908 942/989/912 944/991/914
f 944/991/914 936/980/906 938/983/908
f 942/989/912 943/990/913 945/992/915
f 944/991/914 942/989/912 945/992/915
f 936/980/906 944/991/914 946/993/916
f 937/982/907 936/980/906 946/993/916
f 944/991/914 947/994/917 946/993/916
f 947/994/917 937/982/907 946/993/916
f 944/991/914 945/992/915 948/995/918
f 947/994/917 944/991/914 948/995/918
f 949/996/919 945/992/915 943/990/913
f 950/997/920 949/996/919 943/990/913
f 951/998/921 948/995/918 945/992/915
f 949/996/919 951/998/921 945/992/915
f 952/999/922 948/995/918 951/998/921
f 947/994/917 948/995/918 952/999/922
f 949/996/919 953/1000/923 951/998/921
f 952/999/922 951/998/921 953/1000/923
f 949/996/919 950/997/920 954/1001/506
f 953/1000/923 949/996/919 954/1001/506
f 955/1002/924 954/1001/506 950/997/920
f 954/1001/506 955/1002/924 956/1003/925
f 957/1004/926 956/1003/925 955/1002/924
f 956/1003/925 957/1004/926 958/1005/927
f 959/1006/928 954/1001/506 956/1003/925
f 953/1000/923 954/1001/506 959/1006/928
f 956/1003/925 958/1005/927 960/1007/929
f 956/1003/925 960/1007/929 959/1006/928
f 958/1005/927 961/1008/930 960/1007/929
f 961/1008/930 962/1009/931 960/1007/929
f 960/1007/929 962/1009/931 963/1010/932
f 963/1010/932 959/1006/928 960/1007/929
f 962/1009/931 964/1011/933 963/1010/932
f 959/1006/928 963/1010/932 965/1012/934
f 963/1010/932 964/1011/933 966/1013/935
f 963/1010/932 966/1013/935 965/1012/934
f 964/1011/933 967/1014/936 966/1013/935
f 967/1014/936 964/1011/933 968/1015/937
f 967/1014/936 968/1015/937 969/1016/938
f 969/1016/938 970/1017/939 967/1014/936
f 970/1017/939 969/1016/938 971/1018/940
f 972/1019/941 966/1013/935 967/1014/936
f 972/1019/941 967/1014/936 970/1017/939
f 971/1018/940 973/1020/942 970/1017/939
f 973/1020/942 971/1018/940 974/1021/943
f 970/1017/939 975/1022/944 972/1019/941
f 975/1022/944 970/1017/939 973/1020/942
f 976/1023/945 966/1013/935 972/1019/941
f 965/1012/934 966/1013/935 976/1023/945
f 977/1024/946 972/1019/941 975/1022/944
f 976/1023/945 972/1019/941 977/1024/946
f 975/1022/944 973/1020/942 978/1025/947
f 975/1022/944 979/1026/948 977/1024/946
f 979/1026/948 975/1022/944 978/1025/947
f 980/1027/949 976/1023/945 977/1024/946
f 980/1027/949 977/1024/946 979/1026/948
f 965/1012/934 976/1023/945 981/1028/950
f 976/1023/945 980/1027/949 981/1028/950
f 981/1028/950 982/1029/951 965/1012/934
f 979/1026/948 983/1030/952 980/1027/949
f 984/1031/953 965/1012/934 982/1029/951
f 965/1012/934 984/1031/953 959/1006/928
f 953/1000/923 959/1006/928 984/1031/953
f 980/1027/949 985/1032/954 981/1028/950
f 980/1027/949 983/1030/952 985/1032/954
f 986/1033/955 982/1029/951 981/1028/950
f 981/1028/950 985/1032/954 986/1033/955
f 984/1031/953 982/1029/951 987/1034/956
f 982/1029/951 986/1033/955 987/1034/956
f 988/1035/957 953/1000/923 984/1031/953
f 987/1034/956 988/1035/957 984/1031/953
f 953/1000/923 988/1035/957 989/1036/958
f 953/1000/923 989/1036/958 952/999/922
f 987/1034/956 990/1037/959 988/1035/957
f 989/1036/958 988/1035/957 990/1037/959
f 952/999/922 989/1036/958 991/1038/960
f 991/1038/960 947/994/917 952/999/922
f 990/1037/959 992/1039/961 989/1036/958
f 991/1038/960 989/1036/958 992/1039/961
f 993/1040/962 947/994/917 991/1038/960
f 937/982/907 947/994/917 993/1040/962
f 993/1040/962 991/1038/960 994/1041/963
f 992/1039/961 994/1041/963 991/1038/960
f 995/1042/964 937/982/907 993/1040/962
f 995/1042/964 993/1040/962 994/1041/963
f 935/979/905 937/982/907 995/1042/964
f 995/1042/964 933/976/903 935/979/905
f 994/1041/963 992/1039/961 996/1043/965
f 995/1042/964 994/1041/963 997/1044/966
f 996/1043/965 997/1044/966 994/1041/963
f 933/976/903 995/1042/964 998/1045/967
f 999/1046/968 995/1042/964 997/1044/966
f 998/1045/967 995/1042/964 999/1046/968
f 997/1044/966 1000/1047/969 999/1046/968
f 1000/1047/969 997/1044/966 996/1043/965
f 999/1046/968 1001/1048/970 998/1045/967
f 999/1046/968 1000/1047/969 1001/1048/970
f 1002/1049/971 933/976/903 998/1045/967
f 1002/1049/971 998/1045/967 1001/1048/970
f 931/973/901 933/976/903 1002/1049/971
f 1002/1049/971 929/969/899 931/973/901
f 1003/1050/972 1002/1049/971 1001/1048/970
f 929/969/899 1002/1049/971 1004/1051/973
f 1003/1050/972 1004/1051/973 1002/1049/971
f 1005/1052/974 1003/1050/972 1001/1048/970
f 1005/1052/974 1004/1051/973 1003/1050/972
f 1004/1051/973 1006/1053/975 929/969/899
f 927/967/897 929/969/899 1006/1053/975
f 1004/1051/973 1005/1052/974 1007/1054/976
f 1007/1054/976 1006/1053/975 1004/1051/973
f 927/967/897 1006/1053/975 1008/1055/977
f 1007/1054/976 1008/1055/977 1006/1053/975
f 1008/1055/977 924/962/894 927/967/897
f 1001/1048/970 1009/1056/978 1005/1052/974
f 1000/1047/969 1009/1056/978 1001/1048/970
f 1007/1054/976 1005/1052/974 1010/1057/979
f 1010/1057/979 1005/1052/974 1009/1056/978
f 1000/1047/969 1011/1058/980 1009/1056/978
f 996/1043/965 1011/1058/980 1000/1047/969
f 1009/1056/978 1012/1059/981 1010/1057/979
f 1011/1058/980 1012/1059/981 1009/1056/978
f 1011/1058/980 996/1043/965 1013/1060/982
f 1013/1060/982 996/1043/965 992/1039/961
f 992/1039/961 990/1037/959 1013/1060/982
f 1014/1061/983 1011/1058/980 1013/1060/982
f 1015/1062/982 1013/1060/982 990/1037/959
f 1013/1060/982 1015/1062/982 1014/1061/983
f 1016/1063/984 1011/1058/980 1014/1061/983
f 1011/1058/980 1016/1063/984 1012/1059/981
f 990/1037/959 1017/1064/985 1015/1062/982
f 990/1037/959 987/1034/956 1017/1064/985
f 1015/1062/982 1018/1065/986 1014/1061/983
f 1014/1061/983 1018/1065/986 1016/1063/984
f 1017/1064/985 1019/1066/987 1015/1062/982
f 1018/1065/986 1015/1062/982 1019/1066/987
f 987/1034/956 1020/1067/988 1017/1064/985
f 1019/1066/987 1017/1064/985 1020/1067/988
f 1020/1067/988 987/1034/956 986/1033/955
f 1020/1067/988 1021/1068/989 1019/1066/987
f 986/1033/955 1022/1069/990 1020/1067/988
f 1021/1068/989 1020/1067/988 1022/1069/990
f 1023/1070/991 1022/1069/990 986/1033/955
f 985/1032/954 1023/1070/991 986/1033/955
f 1019/1066/987 1021/1068/989 1024/1071/992
f 1018/1065/986 1019/1066/987 1024/1071/992
f 985/1032/954 1025/1072/993 1023/1070/991
f 1018/1065/986 1024/1071/992 1026/1073/994
f 1025/1072/993 985/1032/954 1027/1074/995
f 983/1030/952 1027/1074/995 985/1032/954
f 1028/1075/996 1023/1070/991 1025/1072/993
f 1023/1070/991 1028/1075/996 1022/1069/990
f 1027/1074/995 1029/1076/997 1025/1072/993
f 1030/1077/998 1022/1069/990 1028/1075/996
f 1022/1069/990 1030/1077/998 1021/1068/989
f 1025/1072/993 1031/1078/999 1028/1075/996
f 1031/1078/999 1025/1072/993 1029/1076/997
f 1028/1075/996 1032/1079/1000 1030/1077/998
f 1032/1079/1000 1028/1075/996 1031/1078/999
f 1033/1080/1001 1021/1068/989 1030/1077/998
f 1021/1068/989 1033/1080/1001 1024/1071/992
f 1034/1081/1002 1030/1077/998 1032/1079/1000
f 1030/1077/998 1034/1081/1002 1033/1080/1001
f 1035/1082/1003 1024/1071/992 1033/1080/1001
f 1024/1071/992 1035/1082/1003 1026/1073/994
f 1033/1080/1001 1034/1081/1002 1036/1083/1004
f 1035/1082/1003 1033/1080/1001 1036/1083/1004
f 1037/1084/1005 1026/1073/994 1035/1082/1003
f 1018/1065/986 1026/1073/994 1037/1084/1005
f 1038/1085/1006 1035/1082/1003 1036/1083/1004
f 1037/1084/1005 1035/1082/1003 1038/1085/1006
f 1039/1086/1006 1018/1065/986 1037/1084/1005
f 1016/1063/984 1018/1065/986 1039/1086/1006
f 1037/1084/1005 1038/1085/1006 1040/1087/1007
f 1037/1084/1005 1040/1087/1007 1039/1086/1006
f 1016/1063/984 1039/1086/1006 1041/1088/1008
f 1016/1063/984 1041/1088/1008 1012/1059/981
f 1039/1086/1006 1040/1087/1007 1042/1089/1009
f 1039/1086/1006 1042/1089/1009 1041/1088/1008
f 1043/1090/1010 1012/1059/981 1041/1088/1008
f 1012/1059/981 1043/1090/1010 1010/1057/979
f 1044/1091/1011 1041/1088/1008 1042/1089/1009
f 1041/1088/1008 1044/1091/1011 1043/1090/1010
f 1010/1057/979 1043/1090/1010 1045/1092/1012
f 1007/1054/976 1010/1057/979 1045/1092/1012
f 1043/1090/1010 1044/1091/1011 1046/1093/1013
f 1045/1092/1012 1043/1090/1010 1046/1093/1013
f 1007/1054/976 1045/1092/1012 1047/1094/1014
f 1008/1055/977 1007/1054/976 1047/1094/1014
f 1046/1093/1013 1048/1095/1015 1045/1092/1012
f 1047/1094/1014 1045/1092/1012 1048/1095/1015
f 1046/1093/1013 1044/1091/1011 1049/1096/1016
f 1008/1055/977 1047/1094/1014 1050/1097/1017
f 1048/1095/1015 1046/1093/1013 1051/1098/1018
f 1049/1096/1016 1051/1098/1018 1046/1093/1013
f 1047/1094/1014 1048/1095/1015 1052/1099/1019
f 1052/1099/1019 1050/1097/1017 1047/1094/1014
f 1048/1095/1015 1053/1100/1020 1052/1099/1019
f 1051/1098/1018 1053/1100/1020 1048/1095/1015
f 1054/1101/1021 1050/1097/1017 1052/1099/1019
f 1054/1101/1021 1052/1099/1019 1053/1100/1020
f 1050/1097/1017 1055/1102/1022 1008/1055/977
f 1055/1102/1022 924/962/894 1008/1055/977
f 1055/1102/1022 1050/1097/1017 1056/1103/1023
f 1050/1097/1017 1054/1101/1021 1056/1103/1023
f 1057/1104/1024 924/962/894 1055/1102/1022
f 1056/1103/1023 1057/1104/1024 1055/1102/1022
f 1057/1104/1024 1058/1105/1025 924/962/894
f 1057/1104/1024 1056/1103/1023 1058/1105/1025
f 924/962/894 1058/1105/1025 1059/1106/1026
f 922/958/892 924/962/894 1059/1106/1026
f 1058/1105/1025 1056/1103/1023 1060/1107/1027
f 1058/1105/1025 1060/1107/1027 1059/1106/1026
f 1054/1101/1021 1060/1107/1027 1056/1103/1023
f 922/958/892 1059/1106/1026 1061/1108/1028
f 1061/1108/1028 919/954/889 922/958/892
f 1062/1109/1029 1059/1106/1026 1060/1107/1027
f 1061/1108/1028 1063/1110/1030 919/954/889
f 1063/1110/1030 920/955/890 919/954/889
f 1059/1106/1026 1064/1111/1031 1061/1108/1028
f 1061/1108/1028 1064/1111/1031 1063/1110/1030
f 1064/1111/1031 1059/1106/1026 1062/1109/1029
f 1065/1112/1032 920/955/890 1063/1110/1030
f 1064/1111/1031 1066/1113/1033 1063/1110/1030
f 1066/1113/1033 1065/1112/1032 1063/1110/1030
f 1065/1112/1032 1067/1114/1034 920/955/890
f 1065/1112/1032 1066/1113/1033 1067/1114/1034
f 920/955/890 1067/1114/1034 1068/1115/1035
f 920/955/890 1068/1115/1035 914/946/884
f 1068/1115/1035 910/940/880 914/946/884
f 1069/1116/1036 1068/1115/1035 1067/1114/1034
f 910/940/880 1068/1115/1035 1069/1116/1036
f 1069/1116/1036 1070/1117/1037 910/940/880
f 1070/1117/1037 909/939/879 910/940/880
f 1071/1118/1038 1069/1116/1036 1067/1114/1034
f 1071/1118/1038 1070/1117/1037 1069/1116/1036
f 1070/1117/1037 1072/1119/1039 909/939/879
f 1070/1117/1037 1071/1118/1038 1072/1119/1039
f 1072/1119/1039 908/938/878 909/939/879
f 1067/1114/1034 1073/1120/1040 1071/1118/1038
f 1067/1114/1034 1066/1113/1033 1073/1120/1040
f 1074/1121/1041 1072/1119/1039 1071/1118/1038
f 1074/1121/1041 1071/1118/1038 1073/1120/1040
f 1072/1119/1039 1075/1122/1042 908/938/878
f 1072/1119/1039 1074/1121/1041 1075/1122/1042
f 1075/1122/1042 901/931/871 908/938/878
f 1066/1113/1033 1076/1123/1043 1073/1120/1040
f 1066/1113/1033 1064/1111/1031 1076/1123/1043
f 1073/1120/1040 1077/1124/1044 1074/1121/1041
f 1073/1120/1040 1076/1123/1043 1077/1124/1044
f 1074/1121/1041 1078/1125/1045 1075/1122/1042
f 1064/1111/1031 1079/1126/1046 1076/1123/1043
f 1079/1126/1046 1064/1111/1031 1062/1109/1029
f 1080/1127/1047 1078/1125/1045 1074/1121/1041
f 1080/1127/1047 1074/1121/1041 1077/1124/1044
f 1078/1125/1045 1081/1128/1048 1075/1122/1042
f 1075/1122/1042 1081/1128/1048 901/931/871
f 1082/1129/1049 1078/1125/1045 1080/1127/1047
f 1082/1129/1049 1081/1128/1048 1078/1125/1045
f 1081/1128/1048 1083/1130/1050 901/931/871
f 898/928/868 901/931/871 1083/1130/1050
f 1083/1130/1050 1081/1128/1048 1084/1131/1051
f 1081/1128/1048 1082/1129/1049 1084/1131/1051
f 898/928/868 1083/1130/1050 1085/1132/1052
f 1084/1131/1051 1085/1132/1052 1083/1130/1050
f 898/928/868 1085/1132/1052 897/927/867
f 1085/1132/1052 1084/1131/1051 1086/1133/1053
f 897/927/867 1085/1132/1052 1087/1134/1054
f 1086/1133/1053 1087/1134/1054 1085/1132/1052
f 1088/1135/1055 897/927/867 1087/1134/1054
f 897/927/867 1088/1135/1055 896/926/866
f 1084/1131/1051 1089/1136/1056 1086/1133/1053
f 1084/1131/1051 1082/1129/1049 1089/1136/1056
f 1090/1137/1057 1087/1134/1054 1086/1133/1053
f 1091/1138/1058 1088/1135/1055 1087/1134/1054
f 1087/1134/1054 1090/1137/1057 1091/1138/1058
f 1092/1139/1059 896/926/866 1088/1135/1055
f 1088/1135/1055 1091/1138/1058 1092/1139/1059
f 896/926/866 1092/1139/1059 1093/1140/1060
f 896/926/866 1093/1140/1060 894/924/864
f 1094/1141/1061 1092/1139/1059 1091/1138/1058
f 1095/1142/1062 1093/1140/1060 1092/1139/1059
f 1092/1139/1059 1094/1141/1061 1095/1142/1062
f 894/924/864 1093/1140/1060 1096/1143/1063
f 1091/1138/1058 1097/1144/1064 1094/1141/1061
f 1097/1144/1064 1091/1138/1058 1090/1137/1057
f 1093/1140/1060 1095/1142/1062 1098/1145/1065
f 1093/1140/1060 1098/1145/1065 1096/1143/1063
f 1098/1145/1065 1095/1142/1062 1099/1146/1066
f 1096/1143/1063 1098/1145/1065 1100/1147/1067
f 1098/1145/1065 1099/1146/1066 1100/1147/1067
f 1095/1142/1062 1101/1148/1068 1099/1146/1066
f 1095/1142/1062 1094/1141/1061 1101/1148/1068
f 1102/1149/1069 1100/1147/1067 1099/1146/1066
f 1102/1149/1069 1099/1146/1066 1101/1148/1068
f 1094/1141/1061 1103/1150/1070 1101/1148/1068
f 1094/1141/1061 1097/1144/1064 1103/1150/1070
f 1101/1148/1068 1104/1151/1071 1102/1149/1069
f 1101/1148/1068 1103/1150/1070 1104/1151/1071
f 1100/1147/1067 1102/1149/1069 1105/1152/1072
f 1103/1150/1070 1106/1153/1073 1104/1151/1071
f 1105/1152/1072 1107/1154/1074 1100/1147/1067
f 1096/1143/1063 1100/1147/1067 1107/1154/1074
f 1103/1150/1070 1108/1155/1075 1106/1153/1073
f 1097/1144/1064 1108/1155/1075 1103/1150/1070
f 1109/1156/1076 1096/1143/1063 1107/1154/1074
f 894/924/864 1096/1143/1063 1109/1156/1076
f 890/920/860 894/924/864 1109/1156/1076
f 890/920/860 1109/1156/1076 889/919/859
f 1109/1156/1076 1107/1154/1074 1110/1157/1077
f 889/919/859 1109/1156/1076 1110/1157/1077
f 1111/1158/1078 1110/1157/1077 1107/1154/1074
f 1107/1154/1074 1105/1152/1072 1111/1158/1078
f 889/919/859 1110/1157/1077 1112/1159/1079
f 884/914/854 889/919/859 1112/1159/1079
f 884/914/854 1112/1159/1079 885/915/855
f 1113/1160/1080 1112/1159/1079 1110/1157/1077
f 1110/1157/1077 1111/1158/1078 1113/1160/1080
f 1114/1161/1081 885/915/855 1112/1159/1079
f 1112/1159/1079 1113/1160/1080 1114/1161/1081
f 885/915/855 1114/1161/1081 1115/1162/1082
f 1116/1163/1083 1113/1160/1080 1111/1158/1078
f 1117/1164/1084 1115/1162/1082 1114/1161/1081
f 1115/1162/1082 1117/1164/1084 1118/1165/1085
f 1119/1166/1086 1114/1161/1081 1113/1160/1080
f 1114/1161/1081 1119/1166/1086 1117/1164/1084
f 1113/1160/1080 1116/1163/1083 1119/1166/1086
f 1117/1164/1084 1120/1167/1087 1118/1165/1085
f 1111/1158/1078 1121/1168/1088 1116/1163/1083
f 1105/1152/1072 1121/1168/1088 1111/1158/1078
f 1120/1167/1087 1117/1164/1084 1122/1169/1089
f 1105/1152/1072 1123/1170/1090 1121/1168/1088
f 1123/1170/1090 1105/1152/1072 1102/1149/1069
f 1122/1169/1089 1124/1171/1091 1120/1167/1087
f 1120/1167/1087 1124/1171/1091 1125/1172/1092
f 1117/1164/1084 1126/1173/1093 1122/1169/1089
f 1126/1173/1093 1117/1164/1084 1119/1166/1086
f 1122/1169/1089 1127/1174/1094 1124/1171/1091
f 1126/1173/1093 1127/1174/1094 1122/1169/1089
f 1124/1171/1091 1128/1175/1095 1125/1172/1092
f 1125/1172/1092 1128/1175/1095 1129/1176/1096
f 1127/1174/1094 1130/1177/1097 1124/1171/1091
f 1124/1171/1091 1130/1177/1097 1128/1175/1095
f 1128/1175/1095 1131/1178/1098 1129/1176/1096
f 1129/1176/1096 1131/1178/1098 1132/1179/1099
f 1130/1177/1097 1133/1180/1100 1128/1175/1095
f 1128/1175/1095 1133/1180/1100 1131/1178/1098
f 1131/1178/1098 1134/1181/1101 1132/1179/1099
f 1132/1179/1099 1134/1181/1101 1135/1182/1102
f 1134/1181/1101 1131/1178/1098 1133/1180/1100
f 1133/1180/1100 1136/1183/1103 1134/1181/1101
f 1137/1184/1104 1133/1180/1100 1130/1177/1097
f 1127/1174/1094 1137/1184/1104 1130/1177/1097
f 1133/1180/1100 1138/1185/1105 1136/1183/1103
f 1133/1180/1100 1137/1184/1104 1138/1185/1105
f 1138/1185/1105 1139/1186/1106 1136/1183/1103
f 1140/1187/1107 1137/1184/1104 1127/1174/1094
f 1126/1173/1093 1140/1187/1107 1127/1174/1094
f 1138/1185/1105 1137/1184/1104 1141/1188/1108
f 1140/1187/1107 1141/1188/1108 1137/1184/1104
f 1138/1185/1105 1142/1189/1109 1139/1186/1106
f 1141/1188/1108 1142/1189/1109 1138/1185/1105
f 1142/1189/1109 1143/1190/1110 1139/1186/1106
f 1144/1191/1111 1140/1187/1107 1126/1173/1093
f 1119/1166/1086 1144/1191/1111 1126/1173/1093
f 1144/1191/1111 1119/1166/1086 1116/1163/1083
f 1143/1190/1110 1142/1189/1109 1145/1192/1112
f 1145/1192/1112 1146/1193/1113 1143/1190/1110
f 1116/1163/1083 1147/1194/1114 1144/1191/1111
f 1147/1194/1114 1116/1163/1083 1121/1168/1088
f 1144/1191/1111 1148/1195/1115 1140/1187/1107
f 1148/1195/1115 1144/1191/1111 1147/1194/1114
f 1141/1188/1108 1140/1187/1107 1148/1195/1115
f 1121/1168/1088 1149/1196/1116 1147/1194/1114
f 1149/1196/1116 1121/1168/1088 1123/1170/1090
f 1147/1194/1114 1150/1197/1117 1148/1195/1115
f 1150/1197/1117 1147/1194/1114 1149/1196/1116
f 1148/1195/1115 1151/1198/1118 1141/1188/1108
f 1151/1198/1118 1148/1195/1115 1150/1197/1117
f 1142/1189/1109 1141/1188/1108 1151/1198/1118
f 1151/1198/1118 1145/1192/1112 1142/1189/1109
f 1150/1197/1117 1152/1199/1119 1151/1198/1118
f 1145/1192/1112 1151/1198/1118 1152/1199/1119
f 1149/1196/1116 1153/1200/1120 1150/1197/1117
f 1152/1199/1119 1150/1197/1117 1153/1200/1120
f 1152/1199/1119 1154/1201/1121 1145/1192/1112
f 1146/1193/1113 1145/1192/1112 1154/1201/1121
f 1154/1201/1121 1155/1202/1122 1146/1193/1113
f 1154/1201/1121 1152/1199/1119 1156/1203/1123
f 1153/1200/1120 1156/1203/1123 1152/1199/1119
f 1154/1201/1121 1157/1204/1124 1155/1202/1122
f 1156/1203/1123 1157/1204/1124 1154/1201/1121
f 1157/1204/1124 1158/1205/1125 1155/1202/1122
f 1156/1203/1123 1153/1200/1120 1159/1206/1126
f 1157/1204/1124 1160/1207/1127 1158/1205/1125
f 1160/1207/1127 1161/1208/1128 1158/1205/1125
f 1157/1204/1124 1156/1203/1123 1162/1209/1129
f 1162/1209/1129 1160/1207/1127 1157/1204/1124
f 1159/1206/1126 1162/1209/1129 1156/1203/1123
f 1160/1207/1127 1163/1210/1130 1161/1208/1128
f 1163/1210/1130 1164/1211/1131 1161/1208/1128
f 1160/1207/1127 1162/1209/1129 1165/1212/1132
f 1163/1210/1130 1166/1213/1133 1164/1211/1131
f 1166/1213/1133 1167/1214/1134 1164/1211/1131
f 1168/1215/1135 1163/1210/1130 1160/1207/1127
f 1168/1215/1135 1160/1207/1127 1165/1212/1132
f 1163/1210/1130 1169/1216/1136 1166/1213/1133
f 1163/1210/1130 1168/1215/1135 1169/1216/1136
f 1167/1214/1134 1166/1213/1133 1170/1217/1137
f 1170/1217/1137 1171/1218/1138 1167/1214/1134
f 1166/1213/1133 1169/1216/1136 1172/1219/1139
f 1166/1213/1133 1172/1219/1139 1170/1217/1137
f 1173/1220/1140 1169/1216/1136 1168/1215/1135
f 1174/1221/1141 1172/1219/1139 1169/1216/1136
f 1169/1216/1136 1173/1220/1140 1174/1221/1141
f 1175/1222/1142 1168/1215/1135 1165/1212/1132
f 1168/1215/1135 1175/1222/1142 1173/1220/1140
f 1176/1223/1143 1165/1212/1132 1162/1209/1129
f 1165/1212/1132 1176/1223/1143 1175/1222/1142
f 1162/1209/1129 1159/1206/1126 1176/1223/1143
f 1177/1224/1144 1173/1220/1140 1175/1222/1142
f 1178/1225/1145 1175/1222/1142 1176/1223/1143
f 1175/1222/1142 1178/1225/1145 1177/1224/1144
f 1179/1226/1146 1176/1223/1143 1159/1206/1126
f 1176/1223/1143 1179/1226/1146 1178/1225/1145
f 1159/1206/1126 1180/1227/1147 1179/1226/1146
f 1180/1227/1147 1159/1206/1126 1153/1200/1120
f 1153/1200/1120 1149/1196/1116 1180/1227/1147
f 1123/1170/1090 1180/1227/1147 1149/1196/1116
f 1180/1227/1147 1123/1170/1090 1181/1228/1148
f 1181/1228/1148 1179/1226/1146 1180/1227/1147
f 1102/1149/1069 1181/1228/1148 1123/1170/1090
f 1181/1228/1148 1102/1149/1069 1104/1151/1071
f 1179/1226/1146 1181/1228/1148 1182/1229/1149
f 1182/1229/1149 1181/1228/1148 1104/1151/1071
f 1182/1229/1149 1178/1225/1145 1179/1226/1146
f 1104/1151/1071 1106/1153/1073 1182/1229/1149
f 1178/1225/1145 1182/1229/1149 1183/1230/1150
f 1183/1230/1150 1177/1224/1144 1178/1225/1145
f 1184/1231/1151 1182/1229/1149 1106/1153/1073
f 1182/1229/1149 1184/1231/1151 1183/1230/1150
f 1108/1155/1075 1184/1231/1151 1106/1153/1073
f 1177/1224/1144 1183/1230/1150 1185/1232/1152
f 1108/1155/1075 1186/1233/1153 1184/1231/1151
f 1097/1144/1064 1186/1233/1153 1108/1155/1075
f 1187/1234/1154 1183/1230/1150 1184/1231/1151
f 1186/1233/1153 1187/1234/1154 1184/1231/1151
f 1183/1230/1150 1187/1234/1154 1185/1232/1152
f 1186/1233/1153 1097/1144/1064 1188/1235/1155
f 1090/1137/1057 1188/1235/1155 1097/1144/1064
f 1186/1233/1153 1189/1236/1156 1187/1234/1154
f 1188/1235/1155 1189/1236/1156 1186/1233/1153
f 1090/1137/1057 1190/1237/1157 1188/1235/1155
f 1086/1133/1053 1190/1237/1157 1090/1137/1057
f 1190/1237/1157 1086/1133/1053 1089/1136/1056
f 1190/1237/1157 1191/1238/1158 1188/1235/1155
f 1189/1236/1156 1188/1235/1155 1191/1238/1158
f 1089/1136/1056 1192/1239/1159 1190/1237/1157
f 1190/1237/1157 1192/1239/1159 1191/1238/1158
f 1192/1239/1159 1089/1136/1056 1193/1240/1160
f 1082/1129/1049 1193/1240/1160 1089/1136/1056
f 1193/1240/1160 1194/1241/1161 1192/1239/1159
f 1082/1129/1049 1194/1241/1161 1193/1240/1160
f 1192/1239/1159 1195/1242/1162 1191/1238/1158
f 1194/1241/1161 1195/1242/1162 1192/1239/1159
f 1082/1129/1049 1196/1243/1163 1194/1241/1161
f 1080/1127/1047 1196/1243/1163 1082/1129/1049
f 1195/1242/1162 1194/1241/1161 1197/1244/1164
f 1194/1241/1161 1196/1243/1163 1197/1244/1164
f 1195/1242/1162 1198/1245/1012 1191/1238/1158
f 1191/1238/1158 1198/1245/1012 1189/1236/1156
f 1196/1243/1163 1080/1127/1047 1199/1246/1165
f 1077/1124/1044 1199/1246/1165 1080/1127/1047
f 1199/1246/1165 1200/1247/1166 1196/1243/1163
f 1197/1244/1164 1196/1243/1163 1200/1247/1166
f 1077/1124/1044 1201/1248/1167 1199/1246/1165
f 1201/1248/1167 1077/1124/1044 1076/1123/1043
f 1201/1248/1167 1076/1123/1043 1079/1126/1046
f 1202/1249/1168 1199/1246/1165 1201/1248/1167
f 1199/1246/1165 1202/1249/1168 1200/1247/1166
f 1079/1126/1046 1203/1250/1169 1201/1248/1167
f 1202/1249/1168 1201/1248/1167 1203/1250/1169
f 1204/1251/1170 1203/1250/1169 1079/1126/1046
f 1062/1109/1029 1204/1251/1170 1079/1126/1046
f 1203/1250/1169 1205/1252/1171 1202/1249/1168
f 1204/1251/1170 1062/1109/1029 1206/1253/1172
f 1060/1107/1027 1206/1253/1172 1062/1109/1029
f 1060/1107/1027 1054/1101/1021 1206/1253/1172
f 1203/1250/1169 1204/1251/1170 1207/1254/1173
f 1207/1254/1173 1205/1252/1171 1203/1250/1169
f 1204/1251/1170 1206/1253/1172 1208/1255/1174
f 1054/1101/1021 1208/1255/1174 1206/1253/1172
f 1207/1254/1173 1204/1251/1170 1208/1255/1174
f 1208/1255/1174 1054/1101/1021 1209/1256/1175
f 1054/1101/1021 1053/1100/1020 1209/1256/1175
f 1210/1257/1176 1207/1254/1173 1208/1255/1174
f 1208/1255/1174 1209/1256/1175 1210/1257/1176
f 1211/1258/1177 1209/1256/1175 1053/1100/1020
f 1211/1258/1177 1053/1100/1020 1051/1098/1018
f 1212/1259/1178 1210/1257/1176 1209/1256/1175
f 1211/1258/1177 1212/1259/1178 1209/1256/1175
f 1213/1260/1179 1207/1254/1173 1210/1257/1176
f 1212/1259/1178 1214/1261/1180 1210/1257/1176
f 1214/1261/1180 1213/1260/1179 1210/1257/1176
f 1215/1262/1181 1212/1259/1178 1211/1258/1177
f 1214/1261/1180 1212/1259/1178 1216/1263/1182
f 1212/1259/1178 1215/1262/1181 1216/1263/1182
f 1217/1264/1023 1214/1261/1180 1216/1263/1182
f 1215/1262/1181 1217/1264/1023 1216/1263/1182
f 1214/1261/1180 1217/1264/1023 1213/1260/1179
f 1218/1265/1183 1215/1262/1181 1211/1258/1177
f 1217/1264/1023 1215/1262/1181 1218/1265/1183
f 1211/1258/1177 1051/1098/1018 1218/1265/1183
f 1217/1264/1023 1219/1266/1184 1213/1260/1179
f 1213/1260/1179 1219/1266/1184 1207/1254/1173
f 1220/1267/1185 1217/1264/1023 1218/1265/1183
f 1220/1267/1185 1218/1265/1183 1051/1098/1018
f 1219/1266/1184 1217/1264/1023 1221/1268/1023
f 1217/1264/1023 1220/1267/1185 1221/1268/1023
f 1219/1266/1184 1222/1269/1186 1207/1254/1173
f 1205/1252/1171 1207/1254/1173 1222/1269/1186
f 1223/1270/1023 1219/1266/1184 1221/1268/1023
f 1220/1267/1185 1223/1270/1023 1221/1268/1023
f 1219/1266/1184 1224/1271/1187 1222/1269/1186
f 1219/1266/1184 1223/1270/1023 1224/1271/1187
f 1222/1269/1186 1225/1272/1188 1205/1252/1171
f 1222/1269/1186 1224/1271/1187 1226/1273/1170
f 1225/1272/1188 1222/1269/1186 1226/1273/1170
f 1205/1252/1171 1225/1272/1188 1227/1274/1189
f 1227/1274/1189 1202/1249/1168 1205/1252/1171
f 1227/1274/1189 1200/1247/1166 1202/1249/1168
f 1226/1273/1170 1228/1275/1190 1225/1272/1188
f 1228/1275/1190 1227/1274/1189 1225/1272/1188
f 1200/1247/1166 1227/1274/1189 1229/1276/1191
f 1200/1247/1166 1229/1276/1191 1197/1244/1164
f 1227/1274/1189 1228/1275/1190 1230/1277/1192
f 1230/1277/1192 1229/1276/1191 1227/1274/1189
f 1231/1278/1193 1197/1244/1164 1229/1276/1191
f 1197/1244/1164 1231/1278/1193 1195/1242/1162
f 1195/1242/1162 1231/1278/1193 1198/1245/1012
f 1229/1276/1191 1232/1279/1194 1231/1278/1193
f 1229/1276/1191 1230/1277/1192 1232/1279/1194
f 1231/1278/1193 1233/1280/1195 1198/1245/1012
f 1231/1278/1193 1232/1279/1194 1233/1280/1195
f 1198/1245/1012 1233/1280/1195 1234/1281/1196
f 1198/1245/1012 1234/1281/1196 1189/1236/1156
f 1232/1279/1194 1235/1282/1197 1233/1280/1195
f 1235/1282/1197 1232/1279/1194 1230/1277/1192
f 1233/1280/1195 1236/1283/1198 1234/1281/1196
f 1233/1280/1195 1235/1282/1197 1236/1283/1198
f 1189/1236/1156 1234/1281/1196 1237/1284/1199
f 1189/1236/1156 1237/1284/1199 1187/1234/1154
f 1237/1284/1199 1185/1232/1152 1187/1234/1154
f 1234/1281/1196 1238/1285/1200 1237/1284/1199
f 1234/1281/1196 1236/1283/1198 1238/1285/1200
f 1185/1232/1152 1237/1284/1199 1239/1286/1201
f 1238/1285/1200 1239/1286/1201 1237/1284/1199
f 1240/1287/1202 1185/1232/1152 1239/1286/1201
f 1185/1232/1152 1240/1287/1202 1177/1224/1144
f 1173/1220/1140 1177/1224/1144 1240/1287/1202
f 1240/1287/1202 1174/1221/1141 1173/1220/1140
f 1241/1288/1203 1240/1287/1202 1239/1286/1201
f 1174/1221/1141 1240/1287/1202 1241/1288/1203
f 1239/1286/1201 1238/1285/1200 1242/1289/1204
f 1241/1288/1203 1239/1286/1201 1242/1289/1204
f 1241/1288/1203 1243/1290/1205 1174/1221/1141
f 1172/1219/1139 1174/1221/1141 1243/1290/1205
f 1244/1291/1206 1241/1288/1203 1242/1289/1204
f 1243/1290/1205 1241/1288/1203 1244/1291/1206
f 1245/1292/1207 1242/1289/1204 1238/1285/1200
f 1236/1283/1198 1245/1292/1207 1238/1285/1200
f 1246/1293/1208 1172/1219/1139 1243/1290/1205
f 1172/1219/1139 1246/1293/1208 1170/1217/1137
f 1247/1294/1209 1246/1293/1208 1243/1290/1205
f 1247/1294/1209 1243/1290/1205 1248/1295/1210
f 1248/1295/1210 1243/1290/1205 1244/1291/1206
f 1249/1296/1211 1246/1293/1208 1247/1294/1209
f 1250/1297/1212 1247/1294/1209 1248/1295/1210
f 1247/1294/1209 1250/1297/1212 1249/1296/1211
f 1170/1217/1137 1246/1293/1208 1251/1298/1213
f 1246/1293/1208 1249/1296/1211 1251/1298/1213
f 1170/1217/1137 1251/1298/1213 1252/1299/1214
f 1253/1300/1215 1170/1217/1137 1252/1299/1214
f 1170/1217/1137 1253/1300/1215 1171/1218/1138
f 1252/1299/1214 1251/1298/1213 1254/1301/1216
f 1253/1300/1215 1252/1299/1214 1254/1301/1216
f 1255/1302/1217 1254/1301/1216 1251/1298/1213
f 1253/1300/1215 1254/1301/1216 1255/1302/1217
f 1251/1298/1213 1249/1296/1211 1255/1302/1217
f 1253/1300/1215 1256/1303/1218 1171/1218/1138
f 1253/1300/1215 1255/1302/1217 1256/1303/1218
f 1256/1303/1218 1257/1304/1219 1171/1218/1138
f 1249/1296/1211 1258/1305/1220 1255/1302/1217
f 1258/1305/1220 1249/1296/1211 1250/1297/1212
f 1256/1303/1218 1255/1302/1217 1259/1306/1221
f 1255/1302/1217 1258/1305/1220 1259/1306/1221
f 1256/1303/1218 1260/1307/1222 1257/1304/1219
f 1256/1303/1218 1259/1306/1221 1260/1307/1222
f 1260/1307/1222 1261/1308/1223 1257/1304/1219
f 1260/1307/1222 1262/1309/1224 1261/1308/1223
f 1259/1306/1221 1258/1305/1220 1263/1310/1225
f 1260/1307/1222 1264/1311/1226 1262/1309/1224
f 1264/1311/1226 1265/1312/1227 1262/1309/1224
f 1260/1307/1222 1259/1306/1221 1266/1313/1228
f 1266/1313/1228 1259/1306/1221 1263/1310/1225
f 1264/1311/1226 1260/1307/1222 1267/1314/1229
f 1260/1307/1222 1266/1313/1228 1267/1314/1229
f 1264/1311/1226 1268/1315/1230 1265/1312/1227
f 1264/1311/1226 1267/1314/1229 1269/1316/1231
f 1268/1315/1230 1264/1311/1226 1269/1316/1231
f 1267/1314/1229 1266/1313/1228 1270/1317/1232
f 1268/1315/1230 1271/1318/1233 1265/1312/1227
f 1265/1312/1227 1271/1318/1233 1272/1319/1234
f 1267/1314/1229 1270/1317/1232 1273/1320/1235
f 1269/1316/1231 1267/1314/1229 1273/1320/1235
f 1274/1321/1236 1270/1317/1232 1266/1313/1228
f 1266/1313/1228 1263/1310/1225 1274/1321/1236
f 1273/1320/1235 1270/1317/1232 1275/1322/1237
f 1270/1317/1232 1274/1321/1236 1276/1323/1238
f 1270/1317/1232 1276/1323/1238 1275/1322/1237
f 1263/1310/1225 1277/1324/1239 1274/1321/1236
f 1274/1321/1236 1278/1325/1240 1276/1323/1238
f 1274/1321/1236 1277/1324/1239 1278/1325/1240
f 1263/1310/1225 1279/1326/1241 1277/1324/1239
f 1258/1305/1220 1279/1326/1241 1263/1310/1225
f 1279/1326/1241 1258/1305/1220 1250/1297/1212
f 1250/1297/1212 1280/1327/1242 1279/1326/1241
f 1248/1295/1210 1280/1327/1242 1250/1297/1212
f 1279/1326/1241 1281/1328/1243 1277/1324/1239
f 1280/1327/1242 1281/1328/1243 1279/1326/1241
f 1277/1324/1239 1282/1329/1244 1278/1325/1240
f 1277/1324/1239 1281/1328/1243 1282/1329/1244
f 1280/1327/1242 1248/1295/1210 1283/1330/1245
f 1281/1328/1243 1280/1327/1242 1284/1331/1246
f 1283/1330/1245 1284/1331/1246 1280/1327/1242
f 1285/1332/1247 1283/1330/1245 1248/1295/1210
f 1248/1295/1210 1244/1291/1206 1285/1332/1247
f 1284/1331/1246 1283/1330/1245 1286/1333/1248
f 1285/1332/1247 1286/1333/1248 1283/1330/1245
f 1284/1331/1246 1287/1334/1249 1281/1328/1243
f 1286/1333/1248 1287/1334/1249 1284/1331/1246
f 1285/1332/1247 1244/1291/1206 1288/1335/1250
f 1285/1332/1247 1288/1335/1250 1286/1333/1248
f 1281/1328/1243 1287/1334/1249 1289/1336/1251
f 1282/1329/1244 1281/1328/1243 1289/1336/1251
f 1287/1334/1249 1286/1333/1248 1290/1337/1252
f 1286/1333/1248 1288/1335/1250 1290/1337/1252
f 1287/1334/1249 1291/1338/1253 1289/1336/1251
f 1244/1291/1206 1292/1339/1254 1288/1335/1250
f 1244/1291/1206 1242/1289/1204 1292/1339/1254
f 1242/1289/1204 1245/1292/1207 1292/1339/1254
f 1292/1339/1254 1293/1340/1255 1288/1335/1250
f 1288/1335/1250 1293/1340/1255 1290/1337/1252
f 1245/1292/1207 1294/1341/1256 1292/1339/1254
f 1293/1340/1255 1292/1339/1254 1294/1341/1256
f 1295/1342/1257 1287/1334/1249 1290/1337/1252
f 1287/1334/1249 1295/1342/1257 1291/1338/1253
f 1290/1337/1252 1293/1340/1255 1296/1343/1258
f 1290/1337/1252 1296/1343/1258 1295/1342/1257
f 1293/1340/1255 1297/1344/1259 1296/1343/1258
f 1297/1344/1259 1295/1342/1257 1296/1343/1258
f 1297/1344/1259 1293/1340/1255 1294/1341/1256
f 1298/1345/1260 1297/1344/1259 1294/1341/1256
f 1245/1292/1207 1298/1345/1260 1294/1341/1256
f 1295/1342/1257 1297/1344/1259 1299/1346/1261
f 1298/1345/1260 1300/1347/1262 1297/1344/1259
f 1300/1347/1262 1299/1346/1261 1297/1344/1259
f 1245/1292/1207 1301/1348/1263 1298/1345/1260
f 1301/1348/1263 1300/1347/1262 1298/1345/1260
f 1245/1292/1207 1302/1349/1264 1301/1348/1263
f 1236/1283/1198 1302/1349/1264 1245/1292/1207
f 1301/1348/1263 1303/1350/1265 1300/1347/1262
f 1236/1283/1198 1304/1351/1266 1302/1349/1264
f 1235/1282/1197 1304/1351/1266 1236/1283/1198
f 1305/1352/1267 1301/1348/1263 1302/1349/1264
f 1301/1348/1263 1305/1352/1267 1303/1350/1265
f 1304/1351/1266 1235/1282/1197 1306/1353/1268
f 1230/1277/1192 1306/1353/1268 1235/1282/1197
f 1304/1351/1266 1307/1354/1269 1302/1349/1264
f 1306/1353/1268 1307/1354/1269 1304/1351/1266
f 1307/1354/1269 1305/1352/1267 1302/1349/1264
f 1230/1277/1192 1308/1355/1270 1306/1353/1268
f 1308/1355/1270 1307/1354/1269 1306/1353/1268
f 1228/1275/1190 1308/1355/1270 1230/1277/1192
f 1309/1356/1271 1307/1354/1269 1308/1355/1270
f 1305/1352/1267 1307/1354/1269 1309/1356/1271
f 1228/1275/1190 1310/1357/1272 1308/1355/1270
f 1310/1357/1272 1309/1356/1271 1308/1355/1270
f 1311/1358/1273 1310/1357/1272 1228/1275/1190
f 1228/1275/1190 1226/1273/1170 1311/1358/1273
f 1312/1359/1274 1309/1356/1271 1310/1357/1272
f 1313/1360/1275 1311/1358/1273 1226/1273/1170
f 1224/1271/1187 1313/1360/1275 1226/1273/1170
f 1224/1271/1187 1223/1270/1023 1313/1360/1275
f 1314/1361/1276 1310/1357/1272 1311/1358/1273
f 1314/1361/1276 1312/1359/1274 1310/1357/1272
f 1315/1362/1277 1311/1358/1273 1313/1360/1275
f 1314/1361/1276 1311/1358/1273 1315/1362/1277
f 1316/1363/1278 1309/1356/1271 1312/1359/1274
f 1309/1356/1271 1316/1363/1278 1305/1352/1267
f 1314/1361/1276 1317/1364/1023 1312/1359/1274
f 1318/1365/1279 1305/1352/1267 1316/1363/1278
f 1305/1352/1267 1318/1365/1279 1303/1350/1265
f 1312/1359/1274 1319/1366/1280 1316/1363/1278
f 1319/1366/1280 1318/1365/1279 1316/1363/1278
f 1312/1359/1274 1317/1364/1023 1319/1366/1280
f 1303/1350/1265 1318/1365/1279 1320/1367/1281
f 1303/1350/1265 1320/1367/1281 1300/1347/1262
f 1300/1347/1262 1320/1367/1281 1299/1346/1261
f 1321/1368/1282 1320/1367/1281 1318/1365/1279
f 1319/1366/1280 1321/1368/1282 1318/1365/1279
f 1322/1369/1283 1299/1346/1261 1320/1367/1281
f 1322/1369/1283 1320/1367/1281 1321/1368/1282
f 1322/1369/1283 1323/1370/1284 1299/1346/1261
f 1299/1346/1261 1323/1370/1284 1295/1342/1257
f 1295/1342/1257 1323/1370/1284 1291/1338/1253
f 1322/1369/1283 1321/1368/1282 1324/1371/1285
f 1324/1371/1285 1323/1370/1284 1322/1369/1283
f 1319/1366/1280 1325/1372/1286 1321/1368/1282
f 1324/1371/1285 1321/1368/1282 1325/1372/1286
f 1319/1366/1280 1326/1373/1287 1325/1372/1286
f 1326/1373/1287 1319/1366/1280 1317/1364/1023
f 1323/1370/1284 1324/1371/1285 1327/1374/1288
f 1328/1375/1289 1326/1373/1287 1317/1364/1023
f 1323/1370/1284 1327/1374/1288 1329/1376/1290
f 1323/1370/1284 1329/1376/1290 1291/1338/1253
f 1324/1371/1285 1330/1377/1291 1327/1374/1288
f 1331/1378/1292 1291/1338/1253 1329/1376/1290
f 1331/1378/1292 1289/1336/1251 1291/1338/1253
f 1282/1329/1244 1289/1336/1251 1331/1378/1292
f 1327/1374/1288 1332/1379/1293 1329/1376/1290
f 1327/1374/1288 1330/1377/1291 1332/1379/1293
f 1333/1380/1294 1331/1378/1292 1329/1376/1290
f 1333/1380/1294 1329/1376/1290 1332/1379/1293
f 1334/1381/1295 1282/1329/1244 1331/1378/1292
f 1334/1381/1295 1331/1378/1292 1333/1380/1294
f 1278/1325/1240 1282/1329/1244 1334/1381/1295
f 1332/1379/1293 1335/1382/1296 1333/1380/1294
f 1278/1325/1240 1334/1381/1295 1336/1383/1297
f 1276/1323/1238 1278/1325/1240 1336/1383/1297
f 1333/1380/1294 1337/1384/1298 1334/1381/1295
f 1336/1383/1297 1334/1381/1295 1337/1384/1298
f 1337/1384/1298 1333/1380/1294 1335/1382/1296
f 1276/1323/1238 1336/1383/1297 1338/1385/1299
f 1275/1322/1237 1276/1323/1238 1338/1385/1299
f 1337/1384/1298 1339/1386/1300 1336/1383/1297
f 1338/1385/1299 1336/1383/1297 1339/1386/1300
f 1339/1386/1300 1337/1384/1298 1340/1387/1301
f 1335/1382/1296 1340/1387/1301 1337/1384/1298
f 1341/1388/1302 1338/1385/1299 1339/1386/1300
f 1340/1387/1301 1341/1388/1302 1339/1386/1300
f 1332/1379/1293 1342/1389/1303 1335/1382/1296
f 1342/1389/1303 1332/1379/1293 1330/1377/1291
f 1335/1382/1296 1343/1390/1304 1340/1387/1301
f 1343/1390/1304 1335/1382/1296 1342/1389/1303
f 1330/1377/1291 1344/1391/1305 1342/1389/1303
f 1344/1391/1305 1343/1390/1304 1342/1389/1303
f 1344/1391/1305 1330/1377/1291 1345/1392/1306
f 1324/1371/1285 1345/1392/1306 1330/1377/1291
f 1324/1371/1285 1325/1372/1286 1345/1392/1306
f 1344/1391/1305 1345/1392/1306 1325/1372/1286
f 1343/1390/1304 1346/1393/1307 1340/1387/1301
f 1341/1388/1302 1340/1387/1301 1346/1393/1307
f 1344/1391/1305 1347/1394/1308 1343/1390/1304
f 1344/1391/1305 1325/1372/1286 1348/1395/1309
f 1347/1394/1308 1344/1391/1305 1348/1395/1309
f 1347/1394/1308 1349/1396/1310 1343/1390/1304
f 1346/1393/1307 1343/1390/1304 1349/1396/1310
f 1350/1397/1311 1347/1394/1308 1348/1395/1309
f 1347/1394/1308 1350/1397/1311 1349/1396/1310
f 1325/1372/1286 1351/1398/1312 1348/1395/1309
f 1351/1398/1312 1325/1372/1286 1326/1373/1287
f 1326/1373/1287 1328/1375/1289 1351/1398/1312
f 1351/1398/1312 1352/1399/1313 1348/1395/1309
f 1350/1397/1311 1348/1395/1309 1352/1399/1313
f 1351/1398/1312 1353/1400/1314 1352/1399/1313
f 1328/1375/1289 1353/1400/1314 1351/1398/1312
f 1352/1399/1313 1354/1401/1315 1350/1397/1311
f 1355/1402/1316 1352/1399/1313 1353/1400/1314
f 1352/1399/1313 1355/1402/1316 1354/1401/1315
f 1354/1401/1315 1356/1403/1317 1350/1397/1311
f 1350/1397/1311 1356/1403/1317 1349/1396/1310
f 1355/1402/1316 1357/1404/1318 1354/1401/1315
f 1357/1404/1318 1356/1403/1317 1354/1401/1315
f 1358/1405/1319 1355/1402/1316 1353/1400/1314
f 1358/1405/1319 1353/1400/1314 1328/1375/1289
f 1356/1403/1317 1359/1406/1320 1349/1396/1310
f 1359/1406/1320 1346/1393/1307 1349/1396/1310
f 1356/1403/1317 1357/1404/1318 1360/1407/1321
f 1360/1407/1321 1359/1406/1320 1356/1403/1317
f 1346/1393/1307 1359/1406/1320 1361/1408/1322
f 1359/1406/1320 1360/1407/1321 1362/1409/1323
f 1363/1410/1324 1346/1393/1307 1361/1408/1322
f 1341/1388/1302 1346/1393/1307 1363/1410/1324
f 1359/1406/1320 1364/1411/1325 1361/1408/1322
f 1363/1410/1324 1361/1408/1322 1364/1411/1325
f 1364/1411/1325 1359/1406/1320 1362/1409/1323
f 1365/1412/1326 1341/1388/1302 1363/1410/1324
f 1366/1413/1327 1363/1410/1324 1364/1411/1325
f 1365/1412/1326 1363/1410/1324 1366/1413/1327
f 1364/1411/1325 1362/1409/1323 1367/1414/1328
f 1367/1414/1328 1366/1413/1327 1364/1411/1325
f 1368/1415/1329 1362/1409/1323 1360/1407/1321
f 1362/1409/1323 1368/1415/1329 1367/1414/1328
f 1368/1415/1329 1360/1407/1321 1357/1404/1318
f 1369/1416/1330 1366/1413/1327 1367/1414/1328
f 1368/1415/1329 1357/1404/1318 1370/1417/1331
f 1357/1404/1318 1355/1402/1316 1370/1417/1331
f 1368/1415/1329 1371/1418/1332 1367/1414/1328
f 1367/1414/1328 1371/1418/1332 1369/1416/1330
f 1372/1419/1333 1370/1417/1331 1355/1402/1316
f 1372/1419/1333 1355/1402/1316 1358/1405/1319
f 1368/1415/1329 1370/1417/1331 1373/1420/1334
f 1372/1419/1333 1374/1421/1335 1370/1417/1331
f 1374/1421/1335 1373/1420/1334 1370/1417/1331
f 1375/1422/1336 1372/1419/1333 1358/1405/1319
f 1374/1421/1335 1372/1419/1333 1376/1423/1337
f 1375/1422/1336 1376/1423/1337 1372/1419/1333
f 1377/1424/1338 1374/1421/1335 1376/1423/1337
f 1373/1420/1334 1374/1421/1335 1377/1424/1338
f 1378/1425/1339 1376/1423/1337 1375/1422/1336
f 1377/1424/1338 1376/1423/1337 1378/1425/1339
f 1358/1405/1319 1379/1426/1340 1375/1422/1336
f 1379/1426/1340 1358/1405/1319 1328/1375/1289
f 1380/1427/1341 1375/1422/1336 1379/1426/1340
f 1375/1422/1336 1380/1427/1341 1378/1425/1339
f 1328/1375/1289 1381/1428/1342 1379/1426/1340
f 1379/1426/1340 1382/1429/1343 1380/1427/1341
f 1381/1428/1342 1382/1429/1343 1379/1426/1340
f 1381/1428/1342 1328/1375/1289 1383/1430/1344
f 1383/1430/1344 1328/1375/1289 1317/1364/1023
f 1317/1364/1023 1314/1361/1276 1383/1430/1344
f 1383/1430/1344 1314/1361/1276 1315/1362/1277
f 1383/1430/1344 1384/1431/1345 1381/1428/1342
f 1381/1428/1342 1384/1431/1345 1382/1429/1343
f 1383/1430/1344 1315/1362/1277 1385/1432/1346
f 1384/1431/1345 1383/1430/1344 1385/1432/1346
f 1386/1433/1347 1385/1432/1346 1315/1362/1277
f 1313/1360/1275 1386/1433/1347 1315/1362/1277
f 1385/1432/1346 1387/1434/1348 1384/1431/1345
f 1313/1360/1275 1388/1435/1349 1386/1433/1347
f 1385/1432/1346 1386/1433/1347 1389/1436/1350
f 1387/1434/1348 1385/1432/1346 1389/1436/1350
f 1388/1435/1349 1389/1436/1350 1386/1433/1347
f 1388/1435/1349 1387/1434/1348 1389/1436/1350
f 1223/1270/1023 1388/1435/1349 1313/1360/1275
f 1390/1437/1351 1384/1431/1345 1387/1434/1348
f 1390/1437/1351 1387/1434/1348 1388/1435/1349
f 1223/1270/1023 1390/1437/1351 1388/1435/1349
f 1382/1429/1343 1384/1431/1345 1390/1437/1351
f 1391/1438/1352 1390/1437/1351 1223/1270/1023
f 1223/1270/1023 1220/1267/1185 1391/1438/1352
f 1392/1439/1353 1382/1429/1343 1390/1437/1351
f 1390/1437/1351 1391/1438/1352 1392/1439/1353
f 1392/1439/1353 1380/1427/1341 1382/1429/1343
f 1391/1438/1352 1220/1267/1185 1393/1440/1354
f 1393/1440/1354 1392/1439/1353 1391/1438/1352
f 1051/1098/1018 1393/1440/1354 1220/1267/1185
f 1051/1098/1018 1049/1096/1016 1393/1440/1354
f 1393/1440/1354 1394/1441/1355 1392/1439/1353
f 1394/1441/1355 1393/1440/1354 1049/1096/1016
f 1380/1427/1341 1392/1439/1353 1394/1441/1355
f 1049/1096/1016 1395/1442/1356 1394/1441/1355
f 1395/1442/1356 1380/1427/1341 1394/1441/1355
f 1044/1091/1011 1395/1442/1356 1049/1096/1016
f 1380/1427/1341 1395/1442/1356 1378/1425/1339
f 1042/1089/1009 1395/1442/1356 1044/1091/1011
f 1395/1442/1356 1042/1089/1009 1396/1443/1357
f 1396/1443/1357 1378/1425/1339 1395/1442/1356
f 1042/1089/1009 1040/1087/1007 1396/1443/1357
f 1378/1425/1339 1396/1443/1357 1397/1444/1358
f 1397/1444/1358 1377/1424/1338 1378/1425/1339
f 1040/1087/1007 1398/1445/1359 1396/1443/1357
f 1398/1445/1359 1397/1444/1358 1396/1443/1357
f 1040/1087/1007 1038/1085/1006 1398/1445/1359
f 1397/1444/1358 1399/1446/1360 1377/1424/1338
f 1397/1444/1358 1398/1445/1359 1399/1446/1360
f 1377/1424/1338 1399/1446/1360 1373/1420/1334
f 1398/1445/1359 1038/1085/1006 1400/1447/1046
f 1398/1445/1359 1400/1447/1046 1399/1446/1360
f 1038/1085/1006 1036/1083/1004 1400/1447/1046
f 1399/1446/1360 1401/1448/1361 1373/1420/1334
f 1399/1446/1360 1400/1447/1046 1401/1448/1361
f 1400/1447/1046 1036/1083/1004 1402/1449/1362
f 1400/1447/1046 1402/1449/1362 1401/1448/1361
f 1034/1081/1002 1402/1449/1362 1036/1083/1004
f 1373/1420/1334 1401/1448/1361 1403/1450/1363
f 1373/1420/1334 1403/1450/1363 1368/1415/1329
f 1371/1418/1332 1368/1415/1329 1403/1450/1363
f 1401/1448/1361 1404/1451/1364 1403/1450/1363
f 1401/1448/1361 1402/1449/1362 1404/1451/1364
f 1403/1450/1363 1405/1452/1365 1371/1418/1332
f 1405/1452/1365 1403/1450/1363 1404/1451/1364
f 1402/1449/1362 1034/1081/1002 1406/1453/1366
f 1032/1079/1000 1406/1453/1366 1034/1081/1002
f 1402/1449/1362 1407/1454/1367 1404/1451/1364
f 1402/1449/1362 1406/1453/1366 1407/1454/1367
f 1404/1451/1364 1408/1455/1368 1405/1452/1365
f 1408/1455/1368 1404/1451/1364 1407/1454/1367
f 1371/1418/1332 1405/1452/1365 1409/1456/1369
f 1369/1416/1330 1371/1418/1332 1409/1456/1369
f 1405/1452/1365 1408/1455/1368 1410/1457/1370
f 1409/1456/1369 1405/1452/1365 1410/1457/1370
f 1407/1454/1367 1411/1458/1371 1408/1455/1368
f 1410/1457/1370 1408/1455/1368 1412/1459/1372
f 1408/1455/1368 1411/1458/1371 1412/1459/1372
f 1409/1456/1369 1410/1457/1370 1413/1460/1373
f 1411/1458/1371 1407/1454/1367 1414/1461/1374
f 1406/1453/1366 1414/1461/1374 1407/1454/1367
f 1410/1457/1370 1412/1459/1372 1415/1462/1375
f 1413/1460/1373 1410/1457/1370 1415/1462/1375
f 1406/1453/1366 1416/1463/1376 1414/1461/1374
f 1406/1453/1366 1032/1079/1000 1416/1463/1376
f 1416/1463/1376 1417/1464/1377 1414/1461/1374
f 1032/1079/1000 1418/1465/1378 1416/1463/1376
f 1416/1463/1376 1418/1465/1378 1417/1464/1377
f 1032/1079/1000 1031/1078/999 1418/1465/1378
f 1419/1466/1379 1414/1461/1374 1417/1464/1377
f 1414/1461/1374 1419/1466/1379 1411/1458/1371
f 1420/1467/1380 1417/1464/1377 1418/1465/1378
f 1420/1467/1380 1419/1466/1379 1417/1464/1377
f 1031/1078/999 1421/1468/1381 1418/1465/1378
f 1418/1465/1378 1421/1468/1381 1420/1467/1380
f 1031/1078/999 1029/1076/997 1421/1468/1381
f 1411/1458/1371 1419/1466/1379 1422/1469/1382
f 1412/1459/1372 1411/1458/1371 1422/1469/1382
f 1029/1076/997 1423/1470/1383 1421/1468/1381
f 1412/1459/1372 1422/1469/1382 1424/1471/1384
f 1415/1462/1375 1412/1459/1372 1424/1471/1384
f 1029/1076/997 1425/1472/1385 1423/1470/1383
f 1029/1076/997 1027/1074/995 1425/1472/1385
f 1423/1470/1383 1426/1473/1386 1421/1468/1381
f 1426/1473/1386 1420/1467/1380 1421/1468/1381
f 1425/1472/1385 1427/1474/1387 1423/1470/1383
f 1427/1474/1387 1426/1473/1386 1423/1470/1383
f 1027/1074/995 1428/1475/1388 1425/1472/1385
f 1425/1472/1385 1428/1475/1388 1427/1474/1387
f 1027/1074/995 983/1030/952 1428/1475/1388
f 1426/1473/1386 1429/1476/1389 1420/1467/1380
f 1419/1466/1379 1420/1467/1380 1429/1476/1389
f 983/1030/952 1430/1477/1390 1428/1475/1388
f 983/1030/952 979/1026/948 1430/1477/1390
f 979/1026/948 978/1025/947 1430/1477/1390
f 1428/1475/1388 1430/1477/1390 1431/1478/1391
f 1428/1475/1388 1431/1478/1391 1427/1474/1387
f 1430/1477/1390 978/1025/947 1432/1479/1392
f 1430/1477/1390 1432/1479/1392 1431/1478/1391
f 1431/1478/1391 1433/1480/1393 1427/1474/1387
f 1426/1473/1386 1427/1474/1387 1433/1480/1393
f 1432/1479/1392 1434/1481/1394 1431/1478/1391
f 1433/1480/1393 1431/1478/1391 1434/1481/1394
f 978/1025/947 1435/1482/1395 1432/1479/1392
f 978/1025/947 973/1020/942 1435/1482/1395
f 973/1020/942 974/1021/943 1435/1482/1395
f 1435/1482/1395 1436/1483/1396 1432/1479/1392
f 1434/1481/1394 1432/1479/1392 1436/1483/1396
f 974/1021/943 1437/1484/1397 1435/1482/1395
f 1436/1483/1396 1435/1482/1395 1437/1484/1397
f 1437/1484/1397 974/1021/943 1438/1485/1398
f 1436/1483/1396 1439/1486/1399 1434/1481/1394
f 1438/1485/1398 1440/1487/1400 1437/1484/1397
f 1440/1487/1400 1438/1485/1398 1441/1488/1401
f 1437/1484/1397 1442/1489/1402 1436/1483/1396
f 1442/1489/1402 1437/1484/1397 1440/1487/1400
f 1439/1486/1399 1436/1483/1396 1442/1489/1402
f 1440/1487/1400 1441/1488/1401 1443/1490/1403
f 1444/1491/1404 1434/1481/1394 1439/1486/1399
f 1433/1480/1393 1434/1481/1394 1444/1491/1404
f 1440/1487/1400 1443/1490/1403 1445/1492/1405
f 1446/1493/1406 1433/1480/1393 1444/1491/1404
f 1433/1480/1393 1446/1493/1406 1426/1473/1386
f 1429/1476/1389 1426/1473/1386 1446/1493/1406
f 1447/1494/1407 1440/1487/1400 1445/1492/1405
f 1440/1487/1400 1447/1494/1407 1442/1489/1402
f 1443/1490/1403 1448/1495/1408 1445/1492/1405
f 1448/1495/1408 1443/1490/1403 1449/1496/1409
f 1445/1492/1405 1450/1497/1410 1447/1494/1407
f 1450/1497/1410 1445/1492/1405 1448/1495/1408
f 1451/1498/1411 1442/1489/1402 1447/1494/1407
f 1442/1489/1402 1451/1498/1411 1439/1486/1399
f 1452/1499/1412 1447/1494/1407 1450/1497/1410
f 1447/1494/1407 1452/1499/1412 1451/1498/1411
f 1453/1500/1413 1439/1486/1399 1451/1498/1411
f 1439/1486/1399 1453/1500/1413 1444/1491/1404
f 1454/1501/1414 1451/1498/1411 1452/1499/1412
f 1451/1498/1411 1454/1501/1414 1453/1500/1413
f 1455/1502/1415 1444/1491/1404 1453/1500/1413
f 1444/1491/1404 1455/1502/1415 1446/1493/1406
f 1456/1503/1416 1453/1500/1413 1454/1501/1414
f 1453/1500/1413 1456/1503/1416 1455/1502/1415
f 1457/1504/1417 1446/1493/1406 1455/1502/1415
f 1446/1493/1406 1457/1504/1417 1429/1476/1389
f 1458/1505/1418 1455/1502/1415 1456/1503/1416
f 1455/1502/1415 1458/1505/1418 1457/1504/1417
f 1459/1506/1419 1429/1476/1389 1457/1504/1417
f 1429/1476/1389 1459/1506/1419 1419/1466/1379
f 1422/1469/1382 1419/1466/1379 1459/1506/1419
f 1457/1504/1417 1460/1507/1420 1459/1506/1419
f 1460/1507/1420 1457/1504/1417 1458/1505/1418
f 1422/1469/1382 1459/1506/1419 1461/1508/1421
f 1461/1508/1421 1459/1506/1419 1460/1507/1420
f 1424/1471/1384 1422/1469/1382 1461/1508/1421
f 1458/1505/1418 1462/1509/1422 1460/1507/1420
f 1424/1471/1384 1461/1508/1421 1463/1510/1423
f 1461/1508/1421 1460/1507/1420 1464/1511/1424
f 1463/1510/1423 1461/1508/1421 1464/1511/1424
f 1464/1511/1424 1460/1507/1420 1462/1509/1422
f 1465/1512/1425 1424/1471/1384 1463/1510/1423
f 1415/1462/1375 1424/1471/1384 1465/1512/1425
f 1463/1510/1423 1464/1511/1424 1466/1513/1426
f 1466/1513/1426 1465/1512/1425 1463/1510/1423
f 1467/1514/1427 1415/1462/1375 1465/1512/1425
f 1467/1514/1427 1413/1460/1373 1415/1462/1375
f 1465/1512/1425 1466/1513/1426 1468/1515/1428
f 1468/1515/1428 1467/1514/1427 1465/1512/1425
f 1466/1513/1426 1464/1511/1424 1469/1516/1429
f 1464/1511/1424 1462/1509/1422 1469/1516/1429
f 1468/1515/1428 1466/1513/1426 1470/1517/1430
f 1466/1513/1426 1471/1518/1431 1470/1517/1430
f 1466/1513/1426 1469/1516/1429 1471/1518/1431
f 1468/1515/1428 1470/1517/1430 1472/1519/1432
f 1469/1516/1429 1473/1520/1433 1471/1518/1431
f 1474/1521/1434 1468/1515/1428 1472/1519/1432
f 1468/1515/1428 1474/1521/1434 1467/1514/1427
f 1474/1521/1434 1472/1519/1432 1272/1319/1234
f 1474/1521/1434 1272/1319/1234 1271/1318/1233
f 1469/1516/1429 1475/1522/1435 1473/1520/1433
f 1469/1516/1429 1462/1509/1422 1475/1522/1435
f 1475/1522/1435 1476/1523/1436 1473/1520/1433
f 1474/1521/1434 1477/1524/1437 1467/1514/1427
f 1477/1524/1437 1474/1521/1434 1271/1318/1233
f 1477/1524/1437 1413/1460/1373 1467/1514/1427
f 1478/1525/1438 1476/1523/1436 1475/1522/1435
f 1478/1525/1438 1479/1526/1439 1476/1523/1436
f 1480/1527/1440 1475/1522/1435 1462/1509/1422
f 1475/1522/1435 1480/1527/1440 1478/1525/1438
f 1462/1509/1422 1458/1505/1418 1480/1527/1440
f 1456/1503/1416 1480/1527/1440 1458/1505/1418
f 1480/1527/1440 1456/1503/1416 1481/1528/1441
f 1481/1528/1441 1478/1525/1438 1480/1527/1440
f 1454/1501/1414 1481/1528/1441 1456/1503/1416
f 1482/1529/1442 1479/1526/1439 1478/1525/1438
f 1478/1525/1438 1481/1528/1441 1482/1529/1442
f 1482/1529/1442 1483/1530/1443 1479/1526/1439
f 1481/1528/1441 1454/1501/1414 1484/1531/1444
f 1484/1531/1444 1482/1529/1442 1481/1528/1441
f 1452/1499/1412 1484/1531/1444 1454/1501/1414
f 1482/1529/1442 1485/1532/1445 1483/1530/1443
f 1482/1529/1442 1484/1531/1444 1485/1532/1445
f 1485/1532/1445 1486/1533/1446 1483/1530/1443
f 1484/1531/1444 1452/1499/1412 1487/1534/1447
f 1485/1532/1445 1484/1531/1444 1487/1534/1447
f 1450/1497/1410 1487/1534/1447 1452/1499/1412
f 1485/1532/1445 1488/1535/1448 1486/1533/1446
f 1488/1535/1448 1485/1532/1445 1487/1534/1447
f 1488/1535/1448 1489/1536/1449 1486/1533/1446
f 1487/1534/1447 1450/1497/1410 1490/1537/1450
f 1487/1534/1447 1490/1537/1450 1488/1535/1448
f 1448/1495/1408 1490/1537/1450 1450/1497/1410
f 1491/1538/1451 1492/1539/1452 1489/1536/1449
f 1490/1537/1450 1448/1495/1408 1493/1540/1453
f 1493/1540/1453 1488/1535/1448 1490/1537/1450
f 1449/1496/1409 1493/1540/1453 1448/1495/1408
f 1493/1540/1453 1449/1496/1409 1494/1541/1454
f 1495/1542/1455 1489/1536/1449 1488/1535/1448
f 1488/1535/1448 1493/1540/1453 1495/1542/1455
f 1489/1536/1449 1495/1542/1455 1491/1538/1451
f 1494/1541/1454 1495/1542/1455 1493/1540/1453
f 1495/1542/1455 1494/1541/1454 1491/1538/1451
f 1496/1543/1456 1409/1456/1369 1413/1460/1373
f 1477/1524/1437 1496/1543/1456 1413/1460/1373
f 1496/1543/1456 1369/1416/1330 1409/1456/1369
f 1497/1544/1457 1496/1543/1456 1477/1524/1437
f 1271/1318/1233 1497/1544/1457 1477/1524/1437
f 1496/1543/1456 1498/1545/1458 1369/1416/1330
f 1499/1546/1459 1496/1543/1456 1497/1544/1457
f 1499/1546/1459 1498/1545/1458 1496/1543/1456
f 1271/1318/1233 1500/1547/1460 1497/1544/1457
f 1497/1544/1457 1501/1548/1461 1499/1546/1459
f 1501/1548/1461 1497/1544/1457 1500/1547/1460
f 1500/1547/1460 1271/1318/1233 1502/1549/1462
f 1271/1318/1233 1268/1315/1230 1502/1549/1462
f 1268/1315/1230 1503/1550/1463 1502/1549/1462
f 1500/1547/1460 1502/1549/1462 1503/1550/1463
f 1268/1315/1230 1269/1316/1231 1503/1550/1463
f 1503/1550/1463 1269/1316/1231 1500/1547/1460
f 1501/1548/1461 1500/1547/1460 1269/1316/1231
f 1273/1320/1235 1501/1548/1461 1269/1316/1231
f 1501/1548/1461 1273/1320/1235 1504/1551/1464
f 1504/1551/1464 1499/1546/1459 1501/1548/1461
f 1499/1546/1459 1504/1551/1464 1498/1545/1458
f 1273/1320/1235 1275/1322/1237 1504/1551/1464
f 1275/1322/1237 1505/1552/1465 1504/1551/1464
f 1505/1552/1465 1498/1545/1458 1504/1551/1464
f 1338/1385/1299 1505/1552/1465 1275/1322/1237
f 1505/1552/1465 1338/1385/1299 1506/1553/1466
f 1338/1385/1299 1341/1388/1302 1506/1553/1466
f 1341/1388/1302 1365/1412/1326 1506/1553/1466
f 1506/1553/1466 1507/1554/1467 1505/1552/1465
f 1507/1554/1467 1506/1553/1466 1365/1412/1326
f 1498/1545/1458 1505/1552/1465 1507/1554/1467
f 1508/1555/1468 1507/1554/1467 1365/1412/1326
f 1508/1555/1468 1498/1545/1458 1507/1554/1467
f 1508/1555/1468 1365/1412/1326 1366/1413/1327
f 1498/1545/1458 1508/1555/1468 1369/1416/1330
f 1366/1413/1327 1369/1416/1330 1508/1555/1468
f 85/1556/67 1509/1557/1469 1510/1558/1470
f 85/1556/67 84/1559/66 1509/1557/1469
f 1510/1558/1470 1509/1557/1469 1511/1560/1471
f 84/1559/66 1512/1561/1472 1509/1557/1469
f 84/1559/66 89/1562/71 1512/1561/1472
f 1509/1557/1469 1513/1563/1473 1511/1560/1471
f 1509/1557/1469 1512/1561/1472 1513/1563/1473
f 1514/1564/1474 1511/1560/1471 1513/1563/1473
f 1511/1560/1471 1514/1564/1474 1515/1565/1475
f 1512/1561/1472 1516/1566/1476 1513/1563/1473
f 1513/1563/1473 1516/1566/1476 1514/1564/1474
f 89/1562/71 1517/1567/1477 1512/1561/1472
f 1512/1561/1472 1517/1567/1477 1516/1566/1476
f 89/1562/71 90/1568/72 1517/1567/1477
f 1515/1565/1475 1514/1564/1474 1518/1569/1478
f 1515/1565/1475 1518/1569/1478 1519/1570/1479
f 1520/1571/1480 1517/1567/1477 90/1568/72
f 90/1568/72 92/1572/74 1520/1571/1480
f 1517/1567/1477 1520/1571/1480 1521/1573/1481
f 1517/1567/1477 1521/1573/1481 1516/1566/1476
f 92/1572/74 1522/1574/1482 1520/1571/1480
f 1522/1574/1482 92/1572/74 93/1575/75
f 93/1575/75 96/1576/78 1522/1574/1482
f 1520/1571/1480 1523/1577/1483 1521/1573/1481
f 1520/1571/1480 1522/1574/1482 1523/1577/1483
f 1524/1578/1484 1516/1566/1476 1521/1573/1481
f 1523/1577/1483 1524/1578/1484 1521/1573/1481
f 1525/1579/1485 1514/1564/1474 1516/1566/1476
f 1516/1566/1476 1524/1578/1484 1525/1579/1485
f 1525/1579/1485 1518/1569/1478 1514/1564/1474
f 1524/1578/1484 1526/1580/1486 1525/1579/1485
f 1518/1569/1478 1525/1579/1485 1526/1580/1486
f 1527/1581/1487 1524/1578/1484 1523/1577/1483
f 1526/1580/1486 1524/1578/1484 1528/1582/1488
f 1527/1581/1487 1528/1582/1488 1524/1578/1484
f 1529/1583/1489 1518/1569/1478 1526/1580/1486
f 1530/1584/1490 1527/1581/1487 1523/1577/1483
f 1522/1574/1482 1530/1584/1490 1523/1577/1483
f 1518/1569/1478 1529/1583/1489 1531/1585/1491
f 1531/1585/1491 1519/1570/1479 1518/1569/1478
f 1519/1570/1479 1531/1585/1491 1532/1586/1492
f 1532/1586/1492 1531/1585/1491 1533/1587/1493
f 1522/1574/1482 1534/1588/1494 1530/1584/1490
f 1522/1574/1482 96/1576/78 1534/1588/1494
f 96/1576/78 97/1589/79 1534/1588/1494
f 1531/1585/1491 1535/1590/1495 1533/1587/1493
f 1531/1585/1491 1529/1583/1489 1535/1590/1495
f 1534/1588/1494 97/1589/79 1536/1591/1496
f 97/1589/79 102/1592/84 1536/1591/1496
f 1534/1588/1494 1537/1593/1497 1530/1584/1490
f 1534/1588/1494 1536/1591/1496 1537/1593/1497
f 1537/1593/1497 1538/1594/1498 1530/1584/1490
f 1538/1594/1498 1527/1581/1487 1530/1584/1490
f 1536/1591/1496 1539/1595/1499 1537/1593/1497
f 1538/1594/1498 1537/1593/1497 1540/1596/1500
f 1539/1595/1499 1540/1596/1500 1537/1593/1497
f 1536/1591/1496 102/1592/84 1541/1597/1501
f 103/1598/85 1541/1597/1501 102/1592/84
f 1536/1591/1496 1542/1599/1502 1539/1595/1499
f 1542/1599/1502 1536/1591/1496 1541/1597/1501
f 1540/1596/1500 1539/1595/1499 1543/1600/1503
f 1542/1599/1502 1543/1600/1503 1539/1595/1499
f 1541/1597/1501 103/1598/85 1544/1601/1504
f 106/1602/88 1544/1601/1504 103/1598/85
f 1541/1597/1501 1545/1603/1505 1542/1599/1502
f 1545/1603/1505 1541/1597/1501 1544/1601/1504
f 1543/1600/1503 1542/1599/1502 1546/1604/1506
f 1545/1603/1505 1546/1604/1506 1542/1599/1502
f 1544/1601/1504 106/1602/88 1547/1605/1507
f 110/1606/92 1547/1605/1507 106/1602/88
f 1544/1601/1504 1548/1607/1508 1545/1603/1505
f 1548/1607/1508 1544/1601/1504 1547/1605/1507
f 1549/1608/1509 1547/1605/1507 110/1606/92
f 110/1606/92 111/1609/93 1549/1608/1509
f 114/1610/96 1549/1608/1509 111/1609/93
f 1547/1605/1507 1550/1611/1510 1548/1607/1508
f 1550/1611/1510 1547/1605/1507 1549/1608/1509
f 1548/1607/1508 1551/1612/1511 1545/1603/1505
f 1546/1604/1506 1545/1603/1505 1551/1612/1511
f 1550/1611/1510 1552/1613/1512 1548/1607/1508
f 1551/1612/1511 1548/1607/1508 1552/1613/1512
f 1549/1608/1509 1553/1614/1513 1550/1611/1510
f 1549/1608/1509 114/1610/96 1554/1615/1514
f 1553/1614/1513 1549/1608/1509 1554/1615/1514
f 1555/1616/1515 1554/1615/1514 114/1610/96
f 1555/1616/1515 114/1610/96 118/1617/100
f 1554/1615/1514 1556/1618/1516 1553/1614/1513
f 1556/1618/1516 1554/1615/1514 1555/1616/1515
f 118/1617/100 1557/1619/1517 1555/1616/1515
f 1557/1619/1517 118/1617/100 333/1620/314
f 1555/1616/1515 1558/1621/1518 1556/1618/1516
f 1558/1621/1518 1555/1616/1515 1557/1619/1517
f 333/1620/314 1559/1622/1519 1557/1619/1517
f 1559/1622/1519 333/1620/314 330/1623/311
f 1557/1619/1517 1560/1624/1520 1558/1621/1518
f 1560/1624/1520 1557/1619/1517 1559/1622/1519
f 1556/1618/1516 1558/1621/1518 1561/1625/1521
f 1553/1614/1513 1556/1618/1516 1561/1625/1521
f 1560/1624/1520 1562/1626/1522 1558/1621/1518
f 1561/1625/1521 1558/1621/1518 1562/1626/1522
f 1561/1625/1521 1563/1627/1523 1553/1614/1513
f 1561/1625/1521 1562/1626/1522 1564/1628/1524
f 1564/1628/1524 1563/1627/1523 1561/1625/1521
f 1565/1629/1525 1553/1614/1513 1563/1627/1523
f 1550/1611/1510 1553/1614/1513 1565/1629/1525
f 1552/1613/1512 1550/1611/1510 1565/1629/1525
f 1563/1627/1523 1564/1628/1524 1566/1630/1526
f 1566/1630/1526 1565/1629/1525 1563/1627/1523
f 1562/1626/1522 1567/1631/1527 1564/1628/1524
f 1566/1630/1526 1564/1628/1524 1568/1632/1528
f 1564/1628/1524 1567/1631/1527 1568/1632/1528
f 1565/1629/1525 1566/1630/1526 1569/1633/1529
f 1566/1630/1526 1568/1632/1528 1570/1634/1530
f 1569/1633/1529 1566/1630/1526 1570/1634/1530
f 1565/1629/1525 1571/1635/1531 1552/1613/1512
f 1569/1633/1529 1571/1635/1531 1565/1629/1525
f 1552/1613/1512 1571/1635/1531 1572/1636/1532
f 1552/1613/1512 1572/1636/1532 1573/1637/1533
f 1551/1612/1511 1552/1613/1512 1573/1637/1533
f 1572/1636/1532 1571/1635/1531 1574/1638/1534
f 1551/1612/1511 1573/1637/1533 1575/1639/1535
f 1575/1639/1535 1546/1604/1506 1551/1612/1511
f 1576/1640/1536 1573/1637/1533 1572/1636/1532
f 1574/1638/1534 1576/1640/1536 1572/1636/1532
f 1577/1641/1537 1575/1639/1535 1573/1637/1533
f 1576/1640/1536 1577/1641/1537 1573/1637/1533
f 1546/1604/1506 1575/1639/1535 1578/1642/1538
f 1576/1640/1536 1574/1638/1534 1579/1643/1539
f 1574/1638/1534 1571/1635/1531 1579/1643/1539
f 1580/1644/1540 1578/1642/1538 1575/1639/1535
f 1577/1641/1537 1580/1644/1540 1575/1639/1535
f 1581/1645/1541 1546/1604/1506 1578/1642/1538
f 1546/1604/1506 1581/1645/1541 1543/1600/1503
f 1543/1600/1503 1581/1645/1541 1540/1596/1500
f 1580/1644/1540 1582/1646/1542 1578/1642/1538
f 1582/1646/1542 1581/1645/1541 1578/1642/1538
f 1540/1596/1500 1581/1645/1541 1583/1647/1543
f 1540/1596/1500 1583/1647/1543 1538/1594/1498
f 1581/1645/1541 1582/1646/1542 1584/1648/1544
f 1584/1648/1544 1583/1647/1543 1581/1645/1541
f 1538/1594/1498 1583/1647/1543 1585/1649/1545
f 1538/1594/1498 1585/1649/1545 1527/1581/1487
f 1583/1647/1543 1584/1648/1544 1586/1650/1546
f 1586/1650/1546 1585/1649/1545 1583/1647/1543
f 1527/1581/1487 1585/1649/1545 1587/1651/1547
f 1528/1582/1488 1527/1581/1487 1587/1651/1547
f 1585/1649/1545 1586/1650/1546 1588/1652/1548
f 1588/1652/1548 1587/1651/1547 1585/1649/1545
f 1589/1653/1549 1528/1582/1488 1587/1651/1547
f 1587/1651/1547 1588/1652/1548 1589/1653/1549
f 1528/1582/1488 1589/1653/1549 1590/1654/1550
f 1590/1654/1550 1526/1580/1486 1528/1582/1488
f 1526/1580/1486 1590/1654/1550 1529/1583/1489
f 1589/1653/1549 1588/1652/1548 1591/1655/1551
f 1529/1583/1489 1590/1654/1550 1592/1656/1552
f 1589/1653/1549 1593/1657/1553 1590/1654/1550
f 1590/1654/1550 1593/1657/1553 1592/1656/1552
f 1593/1657/1553 1589/1653/1549 1591/1655/1551
f 1529/1583/1489 1592/1656/1552 1535/1590/1495
f 1588/1652/1548 1594/1658/1554 1591/1655/1551
f 1586/1650/1546 1594/1658/1554 1588/1652/1548
f 1593/1657/1553 1591/1655/1551 1595/1659/1555
f 1594/1658/1554 1586/1650/1546 1596/1660/1556
f 1586/1650/1546 1584/1648/1544 1596/1660/1556
f 1591/1655/1551 1594/1658/1554 1597/1661/1557
f 1591/1655/1551 1597/1661/1557 1595/1659/1555
f 1594/1658/1554 1596/1660/1556 1598/1662/1558
f 1594/1658/1554 1598/1662/1558 1597/1661/1557
f 1584/1648/1544 1599/1663/1559 1596/1660/1556
f 1599/1663/1559 1584/1648/1544 1582/1646/1542
f 1596/1660/1556 1600/1664/1560 1598/1662/1558
f 1599/1663/1559 1600/1664/1560 1596/1660/1556
f 1597/1661/1557 1598/1662/1558 1601/1665/1561
f 1598/1662/1558 1600/1664/1560 1602/1666/1562
f 1602/1666/1562 1601/1665/1561 1598/1662/1558
f 1600/1664/1560 1599/1663/1559 1603/1667/1563
f 1604/1668/1564 1602/1666/1562 1600/1664/1560
f 1600/1664/1560 1603/1667/1563 1604/1668/1564
f 1602/1666/1562 1605/1669/1565 1601/1665/1561
f 1603/1667/1563 1599/1663/1559 1606/1670/1566
f 1607/1671/1567 1605/1669/1565 1602/1666/1562
f 1604/1668/1564 1607/1671/1567 1602/1666/1562
f 1608/1672/1568 1604/1668/1564 1603/1667/1563
f 1603/1667/1563 1606/1670/1566 1608/1672/1568
f 1604/1668/1564 1609/1673/1569 1607/1671/1567
f 1608/1672/1568 1609/1673/1569 1604/1668/1564
f 1599/1663/1559 1610/1674/1570 1606/1670/1566
f 1582/1646/1542 1610/1674/1570 1599/1663/1559
f 1611/1675/1571 1608/1672/1568 1606/1670/1566
f 1582/1646/1542 1612/1676/1572 1610/1674/1570
f 1612/1676/1572 1582/1646/1542 1580/1644/1540
f 1610/1674/1570 1613/1677/1573 1606/1670/1566
f 1612/1676/1572 1613/1677/1573 1610/1674/1570
f 1606/1670/1566 1613/1677/1573 1611/1675/1571
f 1612/1676/1572 1580/1644/1540 1614/1678/1574
f 1577/1641/1537 1614/1678/1574 1580/1644/1540
f 1612/1676/1572 1615/1679/1575 1613/1677/1573
f 1577/1641/1537 1616/1680/1576 1614/1678/1574
f 1616/1680/1576 1577/1641/1537 1576/1640/1536
f 1617/1681/1577 1612/1676/1572 1614/1678/1574
f 1615/1679/1575 1612/1676/1572 1617/1681/1577
f 1616/1680/1576 1576/1640/1536 1579/1643/1539
f 1613/1677/1573 1615/1679/1575 1618/1682/1578
f 1618/1682/1578 1611/1675/1571 1613/1677/1573
f 1619/1683/1579 1615/1679/1575 1617/1681/1577
f 1615/1679/1575 1619/1683/1579 1618/1682/1578
f 1614/1678/1574 1620/1684/1580 1617/1681/1577
f 1620/1684/1580 1619/1683/1579 1617/1681/1577
f 1618/1682/1578 1621/1685/1581 1611/1675/1571
f 1614/1678/1574 1622/1686/1582 1620/1684/1580
f 1622/1686/1582 1614/1678/1574 1616/1680/1576
f 1618/1682/1578 1623/1687/1583 1621/1685/1581
f 1619/1683/1579 1623/1687/1583 1618/1682/1578
f 1611/1675/1571 1621/1685/1581 1624/1688/1584
f 1611/1675/1571 1624/1688/1584 1608/1672/1568
f 1608/1672/1568 1624/1688/1584 1609/1673/1569
f 1623/1687/1583 1625/1689/1585 1621/1685/1581
f 1625/1689/1585 1624/1688/1584 1621/1685/1581
f 1619/1683/1579 1626/1690/1586 1623/1687/1583
f 1623/1687/1583 1627/1691/1587 1625/1689/1585
f 1623/1687/1583 1626/1690/1586 1627/1691/1587
f 1624/1688/1584 1625/1689/1585 1628/1692/1588
f 1626/1690/1586 1619/1683/1579 1629/1693/1589
f 1619/1683/1579 1620/1684/1580 1629/1693/1589
f 1630/1694/1590 1629/1693/1589 1620/1684/1580
f 1622/1686/1582 1630/1694/1590 1620/1684/1580
f 1629/1693/1589 1630/1694/1590 1631/1695/1591
f 1622/1686/1582 1631/1695/1591 1630/1694/1590
f 1626/1690/1586 1629/1693/1589 1631/1695/1591
f 1631/1695/1591 1622/1686/1582 1632/1696/1592
f 1633/1697/1593 1626/1690/1586 1631/1695/1591
f 1633/1697/1593 1631/1695/1591 1632/1696/1592
f 1634/1698/1594 1632/1696/1592 1622/1686/1582
f 1632/1696/1592 1634/1698/1594 1635/1699/1595
f 1635/1699/1595 1633/1697/1593 1632/1696/1592
f 1636/1700/1596 1634/1698/1594 1622/1686/1582
f 1636/1700/1596 1635/1699/1595 1634/1698/1594
f 1622/1686/1582 1616/1680/1576 1636/1700/1596
f 1635/1699/1595 1637/1701/1597 1633/1697/1593
f 1638/1702/1598 1636/1700/1596 1616/1680/1576
f 1579/1643/1539 1638/1702/1598 1616/1680/1576
f 1639/1703/1599 1635/1699/1595 1636/1700/1596
f 1637/1701/1597 1635/1699/1595 1639/1703/1599
f 1636/1700/1596 1638/1702/1598 1640/1704/1600
f 1639/1703/1599 1636/1700/1596 1640/1704/1600
f 1641/1705/1601 1640/1704/1600 1638/1702/1598
f 1638/1702/1598 1579/1643/1539 1641/1705/1601
f 1642/1706/1602 1639/1703/1599 1640/1704/1600
f 1642/1706/1602 1640/1704/1600 1641/1705/1601
f 1643/1707/1603 1639/1703/1599 1642/1706/1602
f 1637/1701/1597 1639/1703/1599 1643/1707/1603
f 1644/1708/1604 1642/1706/1602 1641/1705/1601
f 1644/1708/1604 1643/1707/1603 1642/1706/1602
f 1579/1643/1539 1645/1709/1605 1641/1705/1601
f 1645/1709/1605 1644/1708/1604 1641/1705/1601
f 1579/1643/1539 1646/1710/1606 1645/1709/1605
f 1645/1709/1605 1646/1710/1606 1644/1708/1604
f 1646/1710/1606 1579/1643/1539 1647/1711/1607
f 1571/1635/1531 1647/1711/1607 1579/1643/1539
f 1571/1635/1531 1569/1633/1529 1647/1711/1607
f 1647/1711/1607 1569/1633/1529 1646/1710/1606
f 1646/1710/1606 1569/1633/1529 1644/1708/1604
f 1569/1633/1529 1643/1707/1603 1644/1708/1604
f 1569/1633/1529 1570/1634/1530 1643/1707/1603
f 1643/1707/1603 1570/1634/1530 1648/1712/1608
f 1643/1707/1603 1648/1712/1608 1637/1701/1597
f 1570/1634/1530 1649/1713/1609 1648/1712/1608
f 1568/1632/1528 1649/1713/1609 1570/1634/1530
f 1648/1712/1608 1650/1714/1610 1637/1701/1597
f 1568/1632/1528 1651/1715/1611 1649/1713/1609
f 1652/1716/1612 1637/1701/1597 1650/1714/1610
f 1637/1701/1597 1652/1716/1612 1633/1697/1593
f 1650/1714/1610 1648/1712/1608 1653/1717/1613
f 1654/1718/1614 1633/1697/1593 1652/1716/1612
f 1633/1697/1593 1654/1718/1614 1626/1690/1586
f 1655/1719/1615 1652/1716/1612 1650/1714/1610
f 1656/1720/1616 1626/1690/1586 1654/1718/1614
f 1626/1690/1586 1656/1720/1616 1627/1691/1587
f 1657/1721/1615 1654/1718/1614 1652/1716/1612
f 1652/1716/1612 1655/1719/1615 1657/1721/1615
f 1658/1722/1617 1656/1720/1616 1654/1718/1614
f 1654/1718/1614 1657/1721/1615 1658/1722/1617
f 1659/1723/1618 1627/1691/1587 1656/1720/1616
f 1656/1720/1616 1658/1722/1617 1660/1724/1615
f 1660/1724/1615 1659/1723/1618 1656/1720/1616
f 1658/1722/1617 1657/1721/1615 1661/1725/1619
f 1627/1691/1587 1659/1723/1618 1662/1726/1620
f 1662/1726/1620 1625/1689/1585 1627/1691/1587
f 1662/1726/1620 1628/1692/1588 1625/1689/1585
f 1663/1727/1621 1662/1726/1620 1659/1723/1618
f 1664/1728/1622 1628/1692/1588 1662/1726/1620
f 1662/1726/1620 1663/1727/1621 1664/1728/1622
f 1663/1727/1621 1659/1723/1618 1665/1729/1623
f 1659/1723/1618 1660/1724/1615 1665/1729/1623
f 1666/1730/1624 1664/1728/1622 1663/1727/1621
f 1665/1729/1623 1666/1730/1624 1663/1727/1621
f 1664/1728/1622 1666/1730/1624 1667/1731/1625
f 1660/1724/1615 1658/1722/1617 1668/1732/1626
f 1658/1722/1617 1661/1725/1619 1668/1732/1626
f 1660/1724/1615 1668/1732/1626 1669/1733/1627
f 1665/1729/1623 1660/1724/1615 1669/1733/1627
f 1668/1732/1626 1670/1734/1628 1669/1733/1627
f 1661/1725/1619 1671/1735/1629 1668/1732/1626
f 1670/1734/1628 1668/1732/1626 1671/1735/1629
f 1670/1734/1628 1672/1736/1630 1669/1733/1627
f 1665/1729/1623 1669/1733/1627 1672/1736/1630
f 1673/1737/1631 1672/1736/1630 1670/1734/1628
f 1671/1735/1629 1674/1738/1632 1670/1734/1628
f 1673/1737/1631 1670/1734/1628 1674/1738/1632
f 1673/1737/1631 1675/1739/1633 1672/1736/1630
f 1675/1739/1633 1665/1729/1623 1672/1736/1630
f 1671/1735/1629 1661/1725/1619 1676/1740/1634
f 1675/1739/1633 1673/1737/1631 1677/1741/1635
f 1676/1740/1634 1678/1742/1636 1671/1735/1629
f 1674/1738/1632 1671/1735/1629 1678/1742/1636
f 1679/1743/1637 1676/1740/1634 1661/1725/1619
f 1657/1721/1615 1679/1743/1637 1661/1725/1619
f 1657/1721/1615 1655/1719/1615 1679/1743/1637
f 1676/1740/1634 1679/1743/1637 1680/1744/1638
f 1655/1719/1615 1681/1745/1639 1679/1743/1637
f 1681/1745/1639 1680/1744/1638 1679/1743/1637
f 1681/1745/1639 1655/1719/1615 1682/1746/1640
f 1650/1714/1610 1682/1746/1640 1655/1719/1615
f 1653/1717/1613 1682/1746/1640 1650/1714/1610
f 1680/1744/1638 1683/1747/1641 1676/1740/1634
f 1683/1747/1641 1678/1742/1636 1676/1740/1634
f 1653/1717/1613 1684/1748/1642 1682/1746/1640
f 1685/1749/1643 1678/1742/1636 1683/1747/1641
f 1684/1748/1642 1686/1750/1644 1682/1746/1640
f 1682/1746/1640 1686/1750/1644 1681/1745/1639
f 1678/1742/1636 1685/1749/1643 1687/1751/1645
f 1687/1751/1645 1674/1738/1632 1678/1742/1636
f 1686/1750/1644 1688/1752/1646 1681/1745/1639
f 1681/1745/1639 1688/1752/1646 1680/1744/1638
f 1689/1753/1647 1683/1747/1641 1680/1744/1638
f 1680/1744/1638 1688/1752/1646 1689/1753/1647
f 1690/1754/1648 1683/1747/1641 1689/1753/1647
f 1683/1747/1641 1690/1754/1648 1685/1749/1643
f 1688/1752/1646 1691/1755/1649 1689/1753/1647
f 1689/1753/1647 1691/1755/1649 1690/1754/1648
f 1686/1750/1644 1692/1756/1650 1688/1752/1646
f 1688/1752/1646 1692/1756/1650 1691/1755/1649
f 1692/1756/1650 1686/1750/1644 1693/1757/1651
f 1684/1748/1642 1693/1757/1651 1686/1750/1644
f 1692/1756/1650 1694/1758/1652 1691/1755/1649
f 1684/1748/1642 1695/1759/1653 1693/1757/1651
f 1691/1755/1649 1694/1758/1652 1696/1760/1654
f 1691/1755/1649 1696/1760/1654 1690/1754/1648
f 1697/1761/1655 1695/1759/1653 1684/1748/1642
f 1697/1761/1655 1684/1748/1642 1653/1717/1613
f 1653/1717/1613 1648/1712/1608 1697/1761/1655
f 1648/1712/1608 1649/1713/1609 1697/1761/1655
f 1697/1761/1655 1649/1713/1609 1698/1762/1656
f 1651/1715/1611 1698/1762/1656 1649/1713/1609
f 1697/1761/1655 1698/1762/1656 1699/1763/1657
f 1651/1715/1611 1700/1764/1658 1698/1762/1656
f 1699/1763/1657 1698/1762/1656 1700/1764/1658
f 1697/1761/1655 1699/1763/1657 1701/1765/1659
f 1695/1759/1653 1697/1761/1655 1701/1765/1659
f 1699/1763/1657 1700/1764/1658 1702/1766/1660
f 1701/1765/1659 1703/1767/1661 1695/1759/1653
f 1702/1766/1660 1704/1768/1662 1699/1763/1657
f 1704/1768/1662 1701/1765/1659 1699/1763/1657
f 1703/1767/1661 1705/1769/1663 1695/1759/1653
f 1695/1759/1653 1705/1769/1663 1693/1757/1651
f 1701/1765/1659 1706/1770/1585 1703/1767/1661
f 1705/1769/1663 1707/1771/1664 1693/1757/1651
f 1693/1757/1651 1707/1771/1664 1692/1756/1650
f 1708/1772/1665 1705/1769/1663 1703/1767/1661
f 1706/1770/1585 1708/1772/1665 1703/1767/1661
f 1707/1771/1664 1705/1769/1663 1709/1773/1666
f 1708/1772/1665 1709/1773/1666 1705/1769/1663
f 1707/1771/1664 1710/1774/1667 1692/1756/1650
f 1692/1756/1650 1710/1774/1667 1694/1758/1652
f 1709/1773/1666 1711/1775/1668 1707/1771/1664
f 1707/1771/1664 1712/1776/1669 1710/1774/1667
f 1711/1775/1668 1712/1776/1669 1707/1771/1664
f 1713/1777/1670 1694/1758/1652 1710/1774/1667
f 1713/1777/1670 1710/1774/1667 1712/1776/1669
f 1694/1758/1652 1713/1777/1670 1714/1778/1671
f 1694/1758/1652 1714/1778/1671 1696/1760/1654
f 1712/1776/1669 1715/1779/1672 1713/1777/1670
f 1716/1780/1673 1714/1778/1671 1713/1777/1670
f 1716/1780/1673 1713/1777/1670 1715/1779/1672
f 1696/1760/1654 1714/1778/1671 1717/1781/1674
f 1714/1778/1671 1716/1780/1673 1718/1782/1675
f 1714/1778/1671 1718/1782/1675 1717/1781/1674
f 1696/1760/1654 1717/1781/1674 1719/1783/1676
f 1690/1754/1648 1696/1760/1654 1719/1783/1676
f 1718/1782/1675 1720/1784/1677 1717/1781/1674
f 1690/1754/1648 1719/1783/1676 1721/1785/1678
f 1685/1749/1643 1690/1754/1648 1721/1785/1678
f 1721/1785/1678 1687/1751/1645 1685/1749/1643
f 1717/1781/1674 1722/1786/1679 1719/1783/1676
f 1722/1786/1679 1717/1781/1674 1720/1784/1677
f 1719/1783/1676 1723/1787/1680 1721/1785/1678
f 1723/1787/1680 1719/1783/1676 1722/1786/1679
f 1687/1751/1645 1721/1785/1678 1724/1788/1681
f 1725/1789/1682 1721/1785/1678 1723/1787/1680
f 1721/1785/1678 1725/1789/1682 1724/1788/1681
f 1723/1787/1680 1722/1786/1679 1726/1790/1683
f 1687/1751/1645 1724/1788/1681 1727/1791/1684
f 1723/1787/1680 1726/1790/1683 1728/1792/1685
f 1725/1789/1682 1723/1787/1680 1728/1792/1685
f 1722/1786/1679 1729/1793/1686 1726/1790/1683
f 1722/1786/1679 1720/1784/1677 1729/1793/1686
f 1730/1794/1687 1724/1788/1681 1725/1789/1682
f 1724/1788/1681 1730/1794/1687 1727/1791/1684
f 1725/1789/1682 1731/1795/1688 1730/1794/1687
f 1732/1796/1689 1727/1791/1684 1730/1794/1687
f 1733/1797/1690 1732/1796/1689 1730/1794/1687
f 1730/1794/1687 1731/1795/1688 1733/1797/1690
f 1727/1791/1684 1732/1796/1689 1734/1798/1691
f 1731/1795/1688 1735/1799/1692 1733/1797/1690
f 1734/1798/1691 1736/1800/1693 1727/1791/1684
f 1736/1800/1693 1687/1751/1645 1727/1791/1684
f 1736/1800/1693 1734/1798/1691 1737/1801/1694
f 1674/1738/1632 1687/1751/1645 1736/1800/1693
f 1737/1801/1694 1738/1802/1695 1736/1800/1693
f 1674/1738/1632 1736/1800/1693 1738/1802/1695
f 1738/1802/1695 1737/1801/1694 1739/1803/1696
f 1673/1737/1631 1674/1738/1632 1738/1802/1695
f 1739/1803/1696 1740/1804/1697 1738/1802/1695
f 1740/1804/1697 1673/1737/1631 1738/1802/1695
f 1740/1804/1697 1739/1803/1696 1741/1805/1698
f 1740/1804/1697 1677/1741/1635 1673/1737/1631
f 1741/1805/1698 1742/1806/1699 1740/1804/1697
f 1677/1741/1635 1740/1804/1697 1742/1806/1699
f 1742/1806/1699 1741/1805/1698 1743/1807/1700
f 1677/1741/1635 1742/1806/1699 1744/1808/1701
f 1743/1807/1700 1744/1808/1701 1742/1806/1699
f 1744/1808/1701 1743/1807/1700 1745/1809/1702
f 1746/1810/1703 1745/1809/1702 1743/1807/1700
f 1746/1810/1703 1747/1811/1704 1745/1809/1702
f 1745/1809/1702 1748/1812/1705 1744/1808/1701
f 1745/1809/1702 1747/1811/1704 1749/1813/1706
f 1748/1812/1705 1745/1809/1702 1749/1813/1706
f 1747/1811/1704 1750/1814/1707 1749/1813/1706
f 1747/1811/1704 1751/1815/1708 1750/1814/1707
f 1749/1813/1706 1752/1816/1709 1748/1812/1705
f 1752/1816/1709 1749/1813/1706 1750/1814/1707
f 1753/1817/1710 1744/1808/1701 1748/1812/1705
f 1748/1812/1705 1752/1816/1709 1753/1817/1710
f 1744/1808/1701 1753/1817/1710 1677/1741/1635
f 1751/1815/1708 1754/1818/1711 1750/1814/1707
f 1751/1815/1708 1755/1819/1712 1754/1818/1711
f 1750/1814/1707 1756/1820/1713 1752/1816/1709
f 1756/1820/1713 1750/1814/1707 1754/1818/1711
f 1755/1819/1712 1757/1821/1714 1754/1818/1711
f 1757/1821/1714 1755/1819/1712 1758/1822/1715
f 1754/1818/1711 1759/1823/1716 1756/1820/1713
f 1754/1818/1711 1757/1821/1714 1759/1823/1716
f 1752/1816/1709 1756/1820/1713 1760/1824/1717
f 1753/1817/1710 1752/1816/1709 1760/1824/1717
f 1756/1820/1713 1759/1823/1716 1761/1825/1718
f 1760/1824/1717 1756/1820/1713 1761/1825/1718
f 1762/1826/1719 1677/1741/1635 1753/1817/1710
f 1677/1741/1635 1762/1826/1719 1675/1739/1633
f 1763/1827/1720 1753/1817/1710 1760/1824/1717
f 1753/1817/1710 1763/1827/1720 1762/1826/1719
f 1762/1826/1719 1665/1729/1623 1675/1739/1633
f 1763/1827/1720 1665/1729/1623 1762/1826/1719
f 1760/1824/1717 1764/1828/1721 1763/1827/1720
f 1763/1827/1720 1764/1828/1721 1665/1729/1623
f 1764/1828/1721 1760/1824/1717 1761/1825/1718
f 1765/1829/1722 1665/1729/1623 1764/1828/1721
f 1764/1828/1721 1761/1825/1718 1765/1829/1722
f 1766/1830/1723 1665/1729/1623 1765/1829/1722
f 1767/1831/1724 1765/1829/1722 1761/1825/1718
f 1765/1829/1722 1767/1831/1724 1766/1830/1723
f 1761/1825/1718 1759/1823/1716 1767/1831/1724
f 1766/1830/1723 1768/1832/1725 1665/1729/1623
f 1665/1729/1623 1768/1832/1725 1666/1730/1624
f 1768/1832/1725 1667/1731/1625 1666/1730/1624
f 1766/1830/1723 1769/1833/1726 1768/1832/1725
f 1769/1833/1726 1766/1830/1723 1767/1831/1724
f 1667/1731/1625 1768/1832/1725 1770/1834/1727
f 1770/1834/1727 1768/1832/1725 1769/1833/1726
f 1771/1835/1728 1667/1731/1625 1770/1834/1727
f 1771/1835/1728 1664/1728/1622 1667/1731/1625
f 1769/1833/1726 1772/1836/1729 1770/1834/1727
f 1767/1831/1724 1772/1836/1729 1769/1833/1726
f 1770/1834/1727 1772/1836/1729 1771/1835/1728
f 1628/1692/1588 1664/1728/1622 1771/1835/1728
f 1767/1831/1724 1773/1837/1730 1772/1836/1729
f 1773/1837/1730 1767/1831/1724 1759/1823/1716
f 1757/1821/1714 1773/1837/1730 1759/1823/1716
f 1771/1835/1728 1772/1836/1729 1774/1838/1731
f 1757/1821/1714 1775/1839/1732 1773/1837/1730
f 1758/1822/1715 1775/1839/1732 1757/1821/1714
f 1775/1839/1732 1758/1822/1715 1776/1840/1733
f 1777/1841/1734 1775/1839/1732 1776/1840/1733
f 1778/1842/1735 1772/1836/1729 1773/1837/1730
f 1775/1839/1732 1778/1842/1735 1773/1837/1730
f 1772/1836/1729 1778/1842/1735 1774/1838/1731
f 1775/1839/1732 1777/1841/1734 1779/1843/1736
f 1775/1839/1732 1779/1843/1736 1778/1842/1735
f 1780/1844/1737 1779/1843/1736 1777/1841/1734
f 1779/1843/1736 1781/1845/1738 1778/1842/1735
f 1774/1838/1731 1778/1842/1735 1781/1845/1738
f 1779/1843/1736 1780/1844/1737 1782/1846/1739
f 1781/1845/1738 1779/1843/1736 1782/1846/1739
f 1783/1847/1740 1782/1846/1739 1780/1844/1737
f 1774/1838/1731 1781/1845/1738 1784/1848/1741
f 1782/1846/1739 1783/1847/1740 1785/1849/1742
f 1786/1850/1743 1785/1849/1742 1783/1847/1740
f 1782/1846/1739 1787/1851/1744 1781/1845/1738
f 1787/1851/1744 1782/1846/1739 1785/1849/1742
f 1784/1848/1741 1781/1845/1738 1787/1851/1744
f 1785/1849/1742 1786/1850/1743 1788/1852/1745
f 1789/1853/1746 1788/1852/1745 1786/1850/1743
f 1785/1849/1742 1790/1854/1747 1787/1851/1744
f 1790/1854/1747 1785/1849/1742 1788/1852/1745
f 1784/1848/1741 1787/1851/1744 1791/1855/1748
f 1787/1851/1744 1790/1854/1747 1791/1855/1748
f 1792/1856/1749 1774/1838/1731 1784/1848/1741
f 1771/1835/1728 1774/1838/1731 1792/1856/1749
f 1628/1692/1588 1771/1835/1728 1792/1856/1749
f 1792/1856/1749 1784/1848/1741 1793/1857/1750
f 1793/1857/1750 1784/1848/1741 1791/1855/1748
f 1628/1692/1588 1792/1856/1749 1794/1858/1751
f 1794/1858/1751 1792/1856/1749 1793/1857/1750
f 1624/1688/1584 1628/1692/1588 1794/1858/1751
f 1624/1688/1584 1794/1858/1751 1609/1673/1569
f 1609/1673/1569 1794/1858/1751 1795/1859/1752
f 1794/1858/1751 1793/1857/1750 1795/1859/1752
f 1609/1673/1569 1795/1859/1752 1607/1671/1567
f 1795/1859/1752 1793/1857/1750 1796/1860/1753
f 1793/1857/1750 1791/1855/1748 1796/1860/1753
f 1607/1671/1567 1795/1859/1752 1797/1861/1754
f 1795/1859/1752 1796/1860/1753 1797/1861/1754
f 1607/1671/1567 1797/1861/1754 1605/1669/1565
f 1796/1860/1753 1791/1855/1748 1798/1862/1755
f 1791/1855/1748 1790/1854/1747 1798/1862/1755
f 1797/1861/1754 1796/1860/1753 1799/1863/1756
f 1796/1860/1753 1798/1862/1755 1799/1863/1756
f 1605/1669/1565 1797/1861/1754 1800/1864/1757
f 1797/1861/1754 1799/1863/1756 1800/1864/1757
f 1798/1862/1755 1790/1854/1747 1801/1865/1758
f 1788/1852/1745 1801/1865/1758 1790/1854/1747
f 1799/1863/1756 1798/1862/1755 1802/1866/1759
f 1798/1862/1755 1801/1865/1758 1802/1866/1759
f 1801/1865/1758 1788/1852/1745 1803/1867/1760
f 1788/1852/1745 1789/1853/1746 1803/1867/1760
f 1803/1867/1760 1804/1868/1761 1801/1865/1758
f 1802/1866/1759 1801/1865/1758 1804/1868/1761
f 1789/1853/1746 1805/1869/1762 1803/1867/1760
f 1804/1868/1761 1803/1867/1760 1805/1869/1762
f 1805/1869/1762 1789/1853/1746 1806/1870/1763
f 1802/1866/1759 1804/1868/1761 1807/1871/1764
f 1806/1870/1763 1808/1872/1765 1805/1869/1762
f 1808/1872/1765 1806/1870/1763 1809/1873/1766
f 1809/1873/1766 1810/1874/1493 1808/1872/1765
f 1805/1869/1762 1811/1875/1767 1804/1868/1761
f 1811/1875/1767 1805/1869/1762 1808/1872/1765
f 1807/1871/1764 1804/1868/1761 1811/1875/1767
f 1810/1874/1493 1812/1876/1768 1808/1872/1765
f 1812/1876/1768 1811/1875/1767 1808/1872/1765
f 1812/1876/1768 1810/1874/1493 1813/1877/1769
f 1807/1871/1764 1811/1875/1767 1814/1878/1770
f 1814/1878/1770 1811/1875/1767 1812/1876/1768
f 1815/1879/1771 1812/1876/1768 1813/1877/1769
f 1816/1880/1772 1815/1879/1771 1813/1877/1769
f 1817/1881/1773 1814/1878/1770 1812/1876/1768
f 1812/1876/1768 1815/1879/1771 1817/1881/1773
f 1818/1882/1774 1807/1871/1764 1814/1878/1770
f 1818/1882/1774 1814/1878/1770 1817/1881/1773
f 1819/1883/1775 1815/1879/1771 1816/1880/1772
f 1820/1884/1493 1819/1883/1775 1816/1880/1772
f 1821/1885/1776 1817/1881/1773 1815/1879/1771
f 1815/1879/1771 1819/1883/1775 1821/1885/1776
f 1822/1886/1777 1819/1883/1775 1820/1884/1493
f 1823/1887/1778 1822/1886/1777 1820/1884/1493
f 1824/1888/1779 1821/1885/1776 1819/1883/1775
f 1819/1883/1775 1822/1886/1777 1824/1888/1779
f 1825/1889/1780 1817/1881/1773 1821/1885/1776
f 1825/1889/1780 1818/1882/1774 1817/1881/1773
f 1823/1887/1778 1826/1890/1781 1822/1886/1777
f 1533/1587/1493 1826/1890/1781 1823/1887/1778
f 1826/1890/1781 1533/1587/1493 1535/1590/1495
f 1827/1891/1782 1822/1886/1777 1826/1890/1781
f 1822/1886/1777 1827/1891/1782 1824/1888/1779
f 1826/1890/1781 1535/1590/1495 1828/1892/1783
f 1828/1892/1783 1827/1891/1782 1826/1890/1781
f 1535/1590/1495 1829/1893/1784 1828/1892/1783
f 1829/1893/1784 1535/1590/1495 1592/1656/1552
f 1827/1891/1782 1828/1892/1783 1830/1894/1785
f 1830/1894/1785 1828/1892/1783 1829/1893/1784
f 1831/1895/1786 1824/1888/1779 1827/1891/1782
f 1830/1894/1785 1831/1895/1786 1827/1891/1782
f 1831/1895/1786 1821/1885/1776 1824/1888/1779
f 1821/1885/1776 1831/1895/1786 1825/1889/1780
f 1829/1893/1784 1832/1896/1787 1830/1894/1785
f 1830/1894/1785 1832/1896/1787 1831/1895/1786
f 1832/1896/1787 1829/1893/1784 1833/1897/1788
f 1592/1656/1552 1833/1897/1788 1829/1893/1784
f 1833/1897/1788 1834/1898/1789 1832/1896/1787
f 1834/1898/1789 1831/1895/1786 1832/1896/1787
f 1592/1656/1552 1835/1899/1790 1833/1897/1788
f 1833/1897/1788 1835/1899/1790 1834/1898/1789
f 1835/1899/1790 1592/1656/1552 1593/1657/1553
f 1593/1657/1553 1595/1659/1555 1835/1899/1790
f 1835/1899/1790 1836/1900/1791 1834/1898/1789
f 1835/1899/1790 1595/1659/1555 1836/1900/1791
f 1834/1898/1789 1836/1900/1791 1831/1895/1786
f 1595/1659/1555 1837/1901/1792 1836/1900/1791
f 1837/1901/1792 1831/1895/1786 1836/1900/1791
f 1595/1659/1555 1597/1661/1557 1837/1901/1792
f 1831/1895/1786 1837/1901/1792 1838/1902/1793
f 1838/1902/1793 1825/1889/1780 1831/1895/1786
f 1597/1661/1557 1839/1903/1794 1837/1901/1792
f 1839/1903/1794 1838/1902/1793 1837/1901/1792
f 1601/1665/1561 1839/1903/1794 1597/1661/1557
f 1838/1902/1793 1840/1904/1795 1825/1889/1780
f 1840/1904/1795 1818/1882/1774 1825/1889/1780
f 1841/1905/1796 1838/1902/1793 1839/1903/1794
f 1601/1665/1561 1841/1905/1796 1839/1903/1794
f 1841/1905/1796 1840/1904/1795 1838/1902/1793
f 1605/1669/1565 1841/1905/1796 1601/1665/1561
f 1605/1669/1565 1800/1864/1757 1841/1905/1796
f 1841/1905/1796 1800/1864/1757 1840/1904/1795
f 1840/1904/1795 1842/1906/1797 1818/1882/1774
f 1800/1864/1757 1842/1906/1797 1840/1904/1795
f 1842/1906/1797 1807/1871/1764 1818/1882/1774
f 1800/1864/1757 1799/1863/1756 1842/1906/1797
f 1842/1906/1797 1802/1866/1759 1807/1871/1764
f 1799/1863/1756 1802/1866/1759 1842/1906/1797
f 1843/1907/1798 1731/1795/1688 1725/1789/1682
f 1735/1799/1692 1731/1795/1688 1843/1907/1798
f 1725/1789/1682 1728/1792/1685 1843/1907/1798
f 1844/1908/1799 1735/1799/1692 1843/1907/1798
f 1844/1908/1799 1843/1907/1798 1728/1792/1685
f 1735/1799/1692 1844/1908/1799 1845/1909/1800
f 1728/1792/1685 1846/1910/1801 1844/1908/1799
f 1728/1792/1685 1726/1790/1683 1846/1910/1801
f 1844/1908/1799 1847/1911/1802 1845/1909/1800
f 1847/1911/1802 1844/1908/1799 1846/1910/1801
f 1848/1912/1803 1845/1909/1800 1847/1911/1802
f 1726/1790/1683 1849/1913/1804 1846/1910/1801
f 1726/1790/1683 1729/1793/1686 1849/1913/1804
f 1846/1910/1801 1850/1914/1805 1847/1911/1802
f 1846/1910/1801 1849/1913/1804 1850/1914/1805
f 1847/1911/1802 1851/1915/1806 1848/1912/1803
f 1850/1914/1805 1851/1915/1806 1847/1911/1802
f 1852/1916/1807 1848/1912/1803 1851/1915/1806
f 1849/1913/1804 1853/1917/1808 1850/1914/1805
f 1851/1915/1806 1854/1918/1809 1852/1916/1807
f 1855/1919/1810 1852/1916/1807 1854/1918/1809
f 1851/1915/1806 1850/1914/1805 1856/1920/1811
f 1853/1917/1808 1856/1920/1811 1850/1914/1805
f 1857/1921/1812 1854/1918/1809 1851/1915/1806
f 1857/1921/1812 1851/1915/1806 1856/1920/1811
f 1858/1922/1813 1855/1919/1810 1854/1918/1809
f 1859/1923/1814 1855/1919/1810 1858/1922/1813
f 1854/1918/1809 1857/1921/1812 1860/1924/1815
f 1860/1924/1815 1858/1922/1813 1854/1918/1809
f 1859/1923/1814 1858/1922/1813 1861/1925/1816
f 1862/1926/1817 1859/1923/1814 1861/1925/1816
f 1858/1922/1813 1860/1924/1815 1863/1927/1818
f 1863/1927/1818 1861/1925/1816 1858/1922/1813
f 1861/1925/1816 1864/1928/1819 1862/1926/1817
f 1865/1929/1820 1862/1926/1817 1864/1928/1819
f 1865/1929/1820 1864/1928/1819 1866/1930/1821
f 1864/1928/1819 1867/1931/1822 1866/1930/1821
f 1864/1928/1819 1861/1925/1816 1868/1932/1823
f 1868/1932/1823 1867/1931/1822 1864/1928/1819
f 1861/1925/1816 1863/1927/1818 1868/1932/1823
f 1867/1931/1822 1868/1932/1823 1869/1933/1824
f 1868/1932/1823 1870/1934/1825 1869/1933/1824
f 1871/1935/1826 1870/1934/1825 1868/1932/1823
f 1871/1935/1826 1868/1932/1823 1863/1927/1818
f 1871/1935/1826 1872/1936/1827 1870/1934/1825
f 1863/1927/1818 1873/1937/1828 1871/1935/1826
f 1873/1937/1828 1863/1927/1818 1860/1924/1815
f 1874/1938/1829 1872/1936/1827 1871/1935/1826
f 1871/1935/1826 1873/1937/1828 1874/1938/1829
f 1874/1938/1829 1875/1939/1830 1872/1936/1827
f 1860/1924/1815 1876/1940/1831 1873/1937/1828
f 1876/1940/1831 1860/1924/1815 1857/1921/1812
f 1873/1937/1828 1877/1941/1832 1874/1938/1829
f 1873/1937/1828 1876/1940/1831 1877/1941/1832
f 1874/1938/1829 1878/1942/1833 1875/1939/1830
f 1874/1938/1829 1877/1941/1832 1878/1942/1833
f 1857/1921/1812 1879/1943/1834 1876/1940/1831
f 1879/1943/1834 1857/1921/1812 1856/1920/1811
f 1876/1940/1831 1880/1944/1835 1877/1941/1832
f 1880/1944/1835 1876/1940/1831 1879/1943/1834
f 1877/1941/1832 1881/1945/1836 1878/1942/1833
f 1877/1941/1832 1880/1944/1835 1881/1945/1836
f 1878/1942/1833 1882/1946/1837 1875/1939/1830
f 1878/1942/1833 1881/1945/1836 1882/1946/1837
f 1882/1946/1837 1883/1947/1838 1875/1939/1830
f 1880/1944/1835 1884/1948/1839 1881/1945/1836
f 1882/1946/1837 1885/1949/1840 1883/1947/1838
f 1883/1947/1838 1885/1949/1840 1886/1950/1841
f 1881/1945/1836 1887/1951/1842 1882/1946/1837
f 1881/1945/1836 1884/1948/1839 1887/1951/1842
f 1885/1949/1840 1882/1946/1837 1888/1952/1843
f 1882/1946/1837 1887/1951/1842 1888/1952/1843
f 1888/1952/1843 1889/1953/1844 1885/1949/1840
f 1887/1951/1842 1889/1953/1844 1888/1952/1843
f 1886/1950/1841 1885/1949/1840 1890/1954/1845
f 1890/1954/1845 1891/1955/1846 1886/1950/1841
f 1892/1956/1847 1885/1949/1840 1889/1953/1844
f 1885/1949/1840 1892/1956/1847 1890/1954/1845
f 1887/1951/1842 1893/1957/1848 1889/1953/1844
f 1884/1948/1839 1893/1957/1848 1887/1951/1842
f 1889/1953/1844 1894/1958/1849 1892/1956/1847
f 1893/1957/1848 1894/1958/1849 1889/1953/1844
f 1884/1948/1839 1895/1959/1850 1893/1957/1848
f 1893/1957/1848 1896/1960/1851 1894/1958/1849
f 1895/1959/1850 1896/1960/1851 1893/1957/1848
f 1880/1944/1835 1897/1961/1852 1884/1948/1839
f 1897/1961/1852 1895/1959/1850 1884/1948/1839
f 1879/1943/1834 1897/1961/1852 1880/1944/1835
f 1896/1960/1851 1895/1959/1850 1898/1962/1853
f 1897/1961/1852 1879/1943/1834 1899/1963/1854
f 1856/1920/1811 1899/1963/1854 1879/1943/1834
f 1895/1959/1850 1897/1961/1852 1900/1964/1855
f 1899/1963/1854 1900/1964/1855 1897/1961/1852
f 1900/1964/1855 1898/1962/1853 1895/1959/1850
f 1856/1920/1811 1853/1917/1808 1899/1963/1854
f 1899/1963/1854 1901/1965/1856 1900/1964/1855
f 1901/1965/1856 1899/1963/1854 1853/1917/1808
f 1900/1964/1855 1902/1966/1857 1898/1962/1853
f 1902/1966/1857 1900/1964/1855 1901/1965/1856
f 1898/1962/1853 1903/1967/1858 1896/1960/1851
f 1902/1966/1857 1903/1967/1858 1898/1962/1853
f 1904/1968/1859 1901/1965/1856 1853/1917/1808
f 1849/1913/1804 1904/1968/1859 1853/1917/1808
f 1729/1793/1686 1904/1968/1859 1849/1913/1804
f 1905/1969/1860 1901/1965/1856 1904/1968/1859
f 1901/1965/1856 1905/1969/1860 1902/1966/1857
f 1729/1793/1686 1906/1970/1861 1904/1968/1859
f 1906/1970/1861 1905/1969/1860 1904/1968/1859
f 1720/1784/1677 1906/1970/1861 1729/1793/1686
f 1907/1971/1862 1902/1966/1857 1905/1969/1860
f 1720/1784/1677 1908/1972/1863 1906/1970/1861
f 1720/1784/1677 1718/1782/1675 1908/1972/1863
f 1906/1970/1861 1909/1973/1864 1905/1969/1860
f 1908/1972/1863 1909/1973/1864 1906/1970/1861
f 1909/1973/1864 1907/1971/1862 1905/1969/1860
f 1910/1974/1865 1908/1972/1863 1718/1782/1675
f 1910/1974/1865 1718/1782/1675 1716/1780/1673
f 1911/1975/1866 1909/1973/1864 1908/1972/1863
f 1912/1976/1867 1910/1974/1865 1716/1780/1673
f 1716/1780/1673 1715/1779/1672 1912/1976/1867
f 1908/1972/1863 1910/1974/1865 1913/1977/1868
f 1913/1977/1868 1911/1975/1866 1908/1972/1863
f 1910/1974/1865 1912/1976/1867 1914/1978/1869
f 1913/1977/1868 1910/1974/1865 1915/1979/1870
f 1914/1978/1869 1915/1979/1870 1910/1974/1865
f 1913/1977/1868 1916/1980/1871 1911/1975/1866
f 1916/1980/1871 1913/1977/1868 1915/1979/1870
f 1917/1981/1872 1914/1978/1869 1912/1976/1867
f 1914/1978/1869 1918/1982/1873 1915/1979/1870
f 1914/1978/1869 1917/1981/1872 1918/1982/1873
f 1919/1983/1874 1916/1980/1871 1915/1979/1870
f 1918/1982/1873 1919/1983/1874 1915/1979/1870
f 1920/1984/1875 1917/1981/1872 1912/1976/1867
f 1912/1976/1867 1715/1779/1672 1920/1984/1875
f 1917/1981/1872 1921/1985/1876 1918/1982/1873
f 1922/1986/1877 1920/1984/1875 1715/1779/1672
f 1715/1779/1672 1712/1776/1669 1922/1986/1877
f 1920/1984/1875 1923/1987/1878 1917/1981/1872
f 1921/1985/1876 1917/1981/1872 1923/1987/1878
f 1923/1987/1878 1920/1984/1875 1924/1988/1879
f 1920/1984/1875 1922/1986/1877 1924/1988/1879
f 1925/1989/1880 1918/1982/1873 1921/1985/1876
f 1918/1982/1873 1925/1989/1880 1919/1983/1874
f 1926/1990/1881 1921/1985/1876 1923/1987/1878
f 1927/1991/1882 1925/1989/1880 1921/1985/1876
f 1921/1985/1876 1926/1990/1881 1927/1991/1882
f 1925/1989/1880 1928/1992/1883 1919/1983/1874
f 1929/1993/1884 1926/1990/1881 1923/1987/1878
f 1923/1987/1878 1924/1988/1879 1929/1993/1884
f 1930/1994/1885 1928/1992/1883 1925/1989/1880
f 1925/1989/1880 1927/1991/1882 1930/1994/1885
f 1931/1995/1886 1919/1983/1874 1928/1992/1883
f 1916/1980/1871 1919/1983/1874 1931/1995/1886
f 1928/1992/1883 1930/1994/1885 1932/1996/1887
f 1916/1980/1871 1931/1995/1886 1933/1997/1888
f 1933/1997/1888 1911/1975/1866 1916/1980/1871
f 1928/1992/1883 1934/1998/1889 1931/1995/1886
f 1928/1992/1883 1932/1996/1887 1934/1998/1889
f 1931/1995/1886 1935/1999/1890 1933/1997/1888
f 1934/1998/1889 1935/1999/1890 1931/1995/1886
f 1911/1975/1866 1933/1997/1888 1936/2000/1891
f 1909/1973/1864 1911/1975/1866 1936/2000/1891
f 1933/1997/1888 1937/2001/1892 1936/2000/1891
f 1933/1997/1888 1935/1999/1890 1937/2001/1892
f 1909/1973/1864 1936/2000/1891 1938/2002/1893
f 1936/2000/1891 1937/2001/1892 1938/2002/1893
f 1909/1973/1864 1938/2002/1893 1907/1971/1862
f 1935/1999/1890 1939/2003/1894 1937/2001/1892
f 1940/2004/1895 1907/1971/1862 1938/2002/1893
f 1937/2001/1892 1941/2005/1896 1938/2002/1893
f 1941/2005/1896 1940/2004/1895 1938/2002/1893
f 1937/2001/1892 1939/2003/1894 1941/2005/1896
f 1907/1971/1862 1940/2004/1895 1942/2006/1897
f 1941/2005/1896 1942/2006/1897 1940/2004/1895
f 1935/1999/1890 1943/2007/1898 1939/2003/1894
f 1934/1998/1889 1943/2007/1898 1935/1999/1890
f 1939/2003/1894 1944/2008/1899 1941/2005/1896
f 1934/1998/1889 1945/2009/1900 1943/2007/1898
f 1932/1996/1887 1945/2009/1900 1934/1998/1889
f 1943/2007/1898 1946/2010/1901 1939/2003/1894
f 1939/2003/1894 1946/2010/1901 1944/2008/1899
f 1945/2009/1900 1947/2011/1902 1943/2007/1898
f 1943/2007/1898 1947/2011/1902 1946/2010/1901
f 1945/2009/1900 1932/1996/1887 1948/2012/1903
f 1947/2011/1902 1945/2009/1900 1949/2013/1904
f 1948/2012/1903 1949/2013/1904 1945/2009/1900
f 1932/1996/1887 1950/2014/1905 1948/2012/1903
f 1950/2014/1905 1932/1996/1887 1930/1994/1885
f 1948/2012/1903 1951/2015/1906 1949/2013/1904
f 1930/1994/1885 1952/2016/1907 1950/2014/1905
f 1952/2016/1907 1930/1994/1885 1927/1991/1882
f 1953/2017/1908 1948/2012/1903 1950/2014/1905
f 1948/2012/1903 1953/2017/1908 1951/2015/1906
f 1954/2018/1909 1950/2014/1905 1952/2016/1907
f 1950/2014/1905 1954/2018/1909 1953/2017/1908
f 1927/1991/1882 1955/2019/1910 1952/2016/1907
f 1955/2019/1910 1927/1991/1882 1926/1990/1881
f 1952/2016/1907 1956/2020/1911 1954/2018/1909
f 1956/2020/1911 1952/2016/1907 1955/2019/1910
f 1926/1990/1881 1957/2021/1912 1955/2019/1910
f 1926/1990/1881 1929/1993/1884 1957/2021/1912
f 1958/2022/1913 1956/2020/1911 1955/2019/1910
f 1955/2019/1910 1957/2021/1912 1958/2022/1913
f 1956/2020/1911 1959/2023/1914 1954/2018/1909
f 1960/2024/1915 1958/2022/1913 1957/2021/1912
f 1961/2025/1916 1956/2020/1911 1958/2022/1913
f 1960/2024/1915 1961/2025/1916 1958/2022/1913
f 1959/2023/1914 1956/2020/1911 1962/2026/1917
f 1956/2020/1911 1961/2025/1916 1962/2026/1917
f 1959/2023/1914 1963/2027/1918 1954/2018/1909
f 1953/2017/1908 1954/2018/1909 1963/2027/1918
f 1964/2028/1919 1959/2023/1914 1962/2026/1917
f 1965/2029/1920 1953/2017/1908 1963/2027/1918
f 1953/2017/1908 1965/2029/1920 1951/2015/1906
f 1966/2030/1921 1963/2027/1918 1959/2023/1914
f 1959/2023/1914 1964/2028/1919 1966/2030/1921
f 1967/2031/1922 1965/2029/1920 1963/2027/1918
f 1963/2027/1918 1966/2030/1921 1967/2031/1922
f 1968/2032/1923 1964/2028/1919 1962/2026/1917
f 1962/2026/1917 1961/2025/1916 1968/2032/1923
f 1969/2033/1924 1966/2030/1921 1964/2028/1919
f 1968/2032/1923 1969/2033/1924 1964/2028/1919
f 1970/2034/1925 1967/2031/1922 1966/2030/1921
f 1966/2030/1921 1969/2033/1924 1970/2034/1925
f 1965/2029/1920 1967/2031/1922 1971/2035/1926
f 1967/2031/1922 1970/2034/1925 1972/2036/1927
f 1972/2036/1927 1971/2035/1926 1967/2031/1922
f 1965/2029/1920 1971/2035/1926 1973/2037/1928
f 1973/2037/1928 1951/2015/1906 1965/2029/1920
f 1971/2035/1926 1972/2036/1927 1974/2038/1929
f 1951/2015/1906 1973/2037/1928 1975/2039/1930
f 1951/2015/1906 1975/2039/1930 1949/2013/1904
f 1971/2035/1926 1976/2040/1931 1973/2037/1928
f 1976/2040/1931 1971/2035/1926 1974/2038/1929
f 1973/2037/1928 1977/2041/1932 1975/2039/1930
f 1973/2037/1928 1976/2040/1931 1977/2041/1932
f 1949/2013/1904 1975/2039/1930 1978/2042/1933
f 1949/2013/1904 1978/2042/1933 1947/2011/1902
f 1975/2039/1930 1977/2041/1932 1979/2043/1934
f 1975/2039/1930 1979/2043/1934 1978/2042/1933
f 1980/2044/1935 1947/2011/1902 1978/2042/1933
f 1947/2011/1902 1980/2044/1935 1946/2010/1901
f 1978/2042/1933 1981/2045/1936 1980/2044/1935
f 1978/2042/1933 1979/2043/1934 1981/2045/1936
f 1982/2046/1937 1946/2010/1901 1980/2044/1935
f 1982/2046/1937 1980/2044/1935 1981/2045/1936
f 1946/2010/1901 1982/2046/1937 1983/2047/1938
f 1946/2010/1901 1983/2047/1938 1944/2008/1899
f 1981/2045/1936 1984/2048/1939 1982/2046/1937
f 1944/2008/1899 1983/2047/1938 1985/2049/1940
f 1985/2049/1940 1941/2005/1896 1944/2008/1899
f 1986/2050/1941 1983/2047/1938 1982/2046/1937
f 1984/2048/1939 1986/2050/1941 1982/2046/1937
f 1941/2005/1896 1985/2049/1940 1987/2051/1942
f 1941/2005/1896 1987/2051/1942 1942/2006/1897
f 1988/2052/1943 1985/2049/1940 1983/2047/1938
f 1983/2047/1938 1986/2050/1941 1988/2052/1943
f 1985/2049/1940 1989/2053/1944 1987/2051/1942
f 1985/2049/1940 1988/2052/1943 1989/2053/1944
f 1987/2051/1942 1989/2053/1944 1990/2054/1945
f 1990/2054/1945 1942/2006/1897 1987/2051/1942
f 1988/2052/1943 1991/2055/1946 1989/2053/1944
f 1989/2053/1944 1991/2055/1946 1990/2054/1945
f 1942/2006/1897 1990/2054/1945 1992/2056/1947
f 1990/2054/1945 1991/2055/1946 1993/2057/1948
f 1993/2057/1948 1992/2056/1947 1990/2054/1945
f 1942/2006/1897 1992/2056/1947 1994/2058/1949
f 1907/1971/1862 1942/2006/1897 1994/2058/1949
f 1902/1966/1857 1907/1971/1862 1994/2058/1949
f 1994/2058/1949 1903/1967/1858 1902/1966/1857
f 1994/2058/1949 1992/2056/1947 1995/2059/1950
f 1992/2056/1947 1993/2057/1948 1995/2059/1950
f 1994/2058/1949 1996/2060/1951 1903/1967/1858
f 1996/2060/1951 1994/2058/1949 1995/2059/1950
f 1997/2061/1952 1995/2059/1950 1993/2057/1948
f 1995/2059/1950 1997/2061/1952 1996/2060/1951
f 1903/1967/1858 1996/2060/1951 1998/2062/1953
f 1896/1960/1851 1903/1967/1858 1998/2062/1953
f 1896/1960/1851 1998/2062/1953 1894/1958/1849
f 1998/2062/1953 1996/2060/1951 1999/2063/1954
f 1999/2063/1954 1996/2060/1951 1997/2061/1952
f 1894/1958/1849 1998/2062/1953 2000/2064/1955
f 1999/2063/1954 2000/2064/1955 1998/2062/1953
f 2000/2064/1955 1892/1956/1847 1894/1958/1849
f 1999/2063/1954 1997/2061/1952 2001/2065/1956
f 1892/1956/1847 2000/2064/1955 2002/2066/1957
f 2000/2064/1955 1999/2063/1954 2003/2067/1958
f 2003/2067/1958 2002/2066/1957 2000/2064/1955
f 2001/2065/1956 2003/2067/1958 1999/2063/1954
f 2002/2066/1957 1890/1954/1845 1892/1956/1847
f 2004/2068/1959 2001/2065/1956 1997/2061/1952
f 1997/2061/1952 1993/2057/1948 2004/2068/1959
f 1993/2057/1948 1991/2055/1946 2004/2068/1959
f 2005/2069/1960 2004/2068/1959 1991/2055/1946
f 1991/2055/1946 1988/2052/1943 2005/2069/1960
f 2006/2070/1961 2001/2065/1956 2004/2068/1959
f 2004/2068/1959 2005/2069/1960 2006/2070/1961
f 1988/2052/1943 2007/2071/1962 2005/2069/1960
f 1986/2050/1941 2007/2071/1962 1988/2052/1943
f 2005/2069/1960 2008/2072/1963 2006/2070/1961
f 2005/2069/1960 2007/2071/1962 2008/2072/1963
f 2001/2065/1956 2006/2070/1961 2009/2073/1964
f 2003/2067/1958 2001/2065/1956 2009/2073/1964
f 2010/2074/1965 2007/2071/1962 1986/2050/1941
f 1984/2048/1939 2010/2074/1965 1986/2050/1941
f 2009/2073/1964 2011/2075/1966 2003/2067/1958
f 2011/2075/1966 2002/2066/1957 2003/2067/1958
f 2006/2070/1961 2012/2076/1967 2009/2073/1964
f 2008/2072/1963 2012/2076/1967 2006/2070/1961
f 2011/2075/1966 2009/2073/1964 2013/2077/1968
f 2012/2076/1967 2013/2077/1968 2009/2073/1964
f 2002/2066/1957 2011/2075/1966 2014/2078/1969
f 2015/2079/1970 2013/2077/1968 2012/2076/1967
f 2012/2076/1967 2008/2072/1963 2015/2079/1970
f 2013/2077/1968 2016/2080/1971 2011/2075/1966
f 2014/2078/1969 2011/2075/1966 2016/2080/1971
f 2017/2081/1972 2002/2066/1957 2014/2078/1969
f 2002/2066/1957 2017/2081/1972 1890/1954/1845
f 2017/2081/1972 2014/2078/1969 2018/2082/1973
f 2014/2078/1969 2016/2080/1971 2018/2082/1973
f 2017/2081/1972 2019/2083/1974 1890/1954/1845
f 2019/2083/1974 2017/2081/1972 2018/2082/1973
f 1890/1954/1845 2019/2083/1974 1891/1955/1846
f 2020/2084/1975 1891/1955/1846 2019/2083/1974
f 2021/2085/1976 2018/2082/1973 2016/2080/1971
f 2018/2082/1973 2021/2085/1976 2019/2083/1974
f 2022/2086/1977 2016/2080/1971 2013/2077/1968
f 2016/2080/1971 2022/2086/1977 2021/2085/1976
f 2013/2077/1968 2015/2079/1970 2022/2086/1977
f 2019/2083/1974 2021/2085/1976 2023/2087/1978
f 2020/2084/1975 2019/2083/1974 2023/2087/1978
f 2021/2085/1976 2022/2086/1977 2024/2088/1979
f 2024/2088/1979 2023/2087/1978 2021/2085/1976
f 2022/2086/1977 2015/2079/1970 2025/2089/1980
f 2025/2089/1980 2024/2088/1979 2022/2086/1977
f 2020/2084/1975 2023/2087/1978 2026/2090/1981
f 2026/2090/1981 2027/2091/1982 2020/2084/1975
f 2028/2092/1983 2023/2087/1978 2024/2088/1979
f 2029/2093/1984 2026/2090/1981 2023/2087/1978
f 2023/2087/1978 2028/2092/1983 2029/2093/1984
f 2027/2091/1982 2026/2090/1981 7/7/4
f 7/7/4 1135/2094/1102 2027/2091/1982
f 7/7/4 1132/2095/1099 1135/2094/1102
f 2026/2090/1981 2029/2093/1984 2030/2096/1985
f 2029/2093/1984 2028/2092/1983 2030/2096/1985
f 1132/2095/1099 7/7/4 6/6/3
f 5/5/2 1132/2095/1099 6/6/3
f 1129/2097/1096 1132/2095/1099 5/5/2
f 2031/2098/1986 7/7/4 2026/2090/1981
f 2030/2096/1985 2031/2098/1986 2026/2090/1981
f 7/7/4 2032/2099/1987 5/5/2
f 2031/2098/1986 2032/2099/1987 7/7/4
f 2033/2100/1988 1129/2097/1096 5/5/2
f 2033/2100/1988 5/5/2 2032/2099/1987
f 1125/2101/1092 1129/2097/1096 2033/2100/1988
f 2031/2098/1986 2030/2096/1985 2034/2102/1989
f 2034/2102/1989 2030/2096/1985 2028/2092/1983
f 2033/2100/1988 2035/2103/1990 1125/2101/1092
f 1120/2104/1087 1125/2101/1092 2035/2103/1990
f 2032/2099/1987 2036/2105/1991 2033/2100/1988
f 2035/2103/1990 2033/2100/1988 2036/2105/1991
f 2031/2098/1986 2037/2106/1992 2032/2099/1987
f 2036/2105/1991 2032/2099/1987 2037/2106/1992
f 2034/2102/1989 2037/2106/1992 2031/2098/1986
f 2035/2103/1990 2038/2107/1993 1120/2104/1087
f 2038/2107/1993 1118/2108/1085 1120/2104/1087
f 2036/2105/1991 2039/2109/1994 2035/2103/1990
f 2038/2107/1993 2035/2103/1990 2039/2109/1994
f 2040/2110/1995 2036/2105/1991 2037/2106/1992
f 2039/2109/1994 2036/2105/1991 2040/2110/1995
f 2037/2106/1992 2034/2102/1989 2041/2111/1996
f 2041/2111/1996 2040/2110/1995 2037/2106/1992
f 2028/2092/1983 2042/2112/1997 2034/2102/1989
f 2041/2111/1996 2034/2102/1989 2042/2112/1997
f 2042/2112/1997 2028/2092/1983 2024/2088/1979
f 2024/2088/1979 2025/2089/1980 2042/2112/1997
f 2042/2112/1997 2043/2113/1998 2041/2111/1996
f 2025/2089/1980 2043/2113/1998 2042/2112/1997
f 2040/2110/1995 2041/2111/1996 2044/2114/1999
f 2044/2114/1999 2041/2111/1996 2043/2113/1998
f 2043/2113/1998 2025/2089/1980 2045/2115/2000
f 2045/2115/2000 2025/2089/1980 2015/2079/1970
f 2046/2116/2001 2044/2114/1999 2043/2113/1998
f 2046/2116/2001 2043/2113/1998 2045/2115/2000
f 2044/2114/1999 2047/2117/2002 2040/2110/1995
f 2047/2117/2002 2039/2109/1994 2040/2110/1995
f 2048/2118/2003 2044/2114/1999 2046/2116/2001
f 2047/2117/2002 2044/2114/1999 2048/2118/2003
f 2049/2119/2004 2039/2109/1994 2047/2117/2002
f 2039/2109/1994 2049/2119/2004 2038/2107/1993
f 2048/2118/2003 2050/2120/2005 2047/2117/2002
f 2050/2120/2005 2049/2119/2004 2047/2117/2002
f 2049/2119/2004 2051/2121/2006 2038/2107/1993
f 1118/2108/1085 2038/2107/1993 2051/2121/2006
f 2050/2120/2005 2052/2122/2007 2049/2119/2004
f 2049/2119/2004 2052/2122/2007 2051/2121/2006
f 1118/2108/1085 2051/2121/2006 2053/2123/2008
f 2052/2122/2007 2053/2123/2008 2051/2121/2006
f 1118/2108/1085 2053/2123/2008 1115/2124/1082
f 2054/2125/2009 2052/2122/2007 2050/2120/2005
f 2052/2122/2007 2055/2126/2010 2053/2123/2008
f 2055/2126/2010 2052/2122/2007 2054/2125/2009
f 2056/2127/2011 1115/2124/1082 2053/2123/2008
f 2055/2126/2010 2056/2127/2011 2053/2123/2008
f 1115/2124/1082 2056/2127/2011 2057/2128/2012
f 885/2129/855 1115/2124/1082 2057/2128/2012
f 2058/2130/2013 2056/2127/2011 2055/2126/2010
f 2057/2128/2012 2056/2127/2011 2058/2130/2013
f 2058/2130/2013 2055/2126/2010 2059/2131/2014
f 2059/2131/2014 2055/2126/2010 2054/2125/2009
f 2058/2130/2013 2060/2132/2015 2057/2128/2012
f 2060/2132/2015 2058/2130/2013 2059/2131/2014
f 2061/2133/2016 885/2129/855 2057/2128/2012
f 2061/2133/2016 2057/2128/2012 2060/2132/2015
f 885/2129/855 2061/2133/2016 2062/2134/2017
f 882/2135/852 885/2129/855 2062/2134/2017
f 2060/2132/2015 2063/2136/2018 2061/2133/2016
f 2062/2134/2017 2061/2133/2016 2063/2136/2018
f 2064/2137/2019 2060/2132/2015 2059/2131/2014
f 2063/2136/2018 2060/2132/2015 2064/2137/2019
f 2065/2138/2020 882/2135/852 2062/2134/2017
f 2063/2136/2018 2066/2139/2021 2062/2134/2017
f 2065/2138/2020 2062/2134/2017 2066/2139/2021
f 2067/2140/2022 882/2135/852 2065/2138/2020
f 880/2141/850 882/2135/852 2067/2140/2022
f 2068/2142/2023 2065/2138/2020 2066/2139/2021
f 2067/2140/2022 2065/2138/2020 2068/2142/2023
f 2066/2139/2021 2063/2136/2018 2069/2143/2024
f 2069/2143/2024 2063/2136/2018 2064/2137/2019
f 2068/2142/2023 2066/2139/2021 2070/2144/2025
f 2070/2144/2025 2066/2139/2021 2069/2143/2024
f 2067/2140/2022 2068/2142/2023 2071/2145/2026
f 1974/2038/1929 2068/2142/2023 2070/2144/2025
f 2071/2145/2026 2068/2142/2023 1974/2038/1929
f 1974/2038/1929 2070/2144/2025 1976/2040/1931
f 1972/2036/1927 2071/2145/2026 1974/2038/1929
f 2072/2146/2027 1976/2040/1931 2070/2144/2025
f 2070/2144/2025 2069/2143/2024 2072/2146/2027
f 1976/2040/1931 2072/2146/2027 1977/2041/1932
f 1972/2036/1927 2073/2147/2028 2071/2145/2026
f 2073/2147/2028 1972/2036/1927 1970/2034/1925
f 2074/2148/2029 2067/2140/2022 2071/2145/2026
f 2074/2148/2029 2071/2145/2026 2073/2147/2028
f 2074/2148/2029 880/2141/850 2067/2140/2022
f 1970/2034/1925 2075/2149/2030 2073/2147/2028
f 2074/2148/2029 2073/2147/2028 2075/2149/2030
f 2075/2149/2030 1970/2034/1925 1969/2033/1924
f 880/2141/850 2074/2148/2029 2076/2150/2031
f 2076/2150/2031 2074/2148/2029 2075/2149/2030
f 880/2141/850 2076/2150/2031 2077/2151/2032
f 880/2141/850 2077/2151/2032 879/2152/849
f 2078/2153/2033 2076/2150/2031 2075/2149/2030
f 2076/2150/2031 2078/2153/2033 2077/2151/2032
f 2078/2153/2033 2075/2149/2030 1969/2033/1924
f 2079/2154/2034 879/2152/849 2077/2151/2032
f 2080/2155/2035 2078/2153/2033 1969/2033/1924
f 1969/2033/1924 1968/2032/1923 2080/2155/2035
f 2078/2153/2033 2081/2156/2036 2077/2151/2032
f 2081/2156/2036 2078/2153/2033 2080/2155/2035
f 2079/2154/2034 2077/2151/2032 2081/2156/2036
f 1968/2032/1923 2082/2157/2037 2080/2155/2035
f 2080/2155/2035 2082/2157/2037 2081/2156/2036
f 2083/2158/2038 879/2152/849 2079/2154/2034
f 875/2159/845 879/2152/849 2083/2158/2038
f 2084/2160/2039 2079/2154/2034 2081/2156/2036
f 2084/2160/2039 2083/2158/2038 2079/2154/2034
f 2085/2161/2040 875/2159/845 2083/2158/2038
f 873/2162/843 875/2159/845 2085/2161/2040
f 2086/2163/2041 2083/2158/2038 2084/2160/2039
f 2086/2163/2041 2085/2161/2040 2083/2158/2038
f 2081/2156/2036 2087/2164/2042 2084/2160/2039
f 2087/2164/2042 2081/2156/2036 2082/2157/2037
f 2086/2163/2041 2084/2160/2039 2088/2165/2043
f 2088/2165/2043 2084/2160/2039 2087/2164/2042
f 2086/2163/2041 2089/2166/2044 2085/2161/2040
f 2088/2165/2043 2087/2164/2042 2090/2167/1615
f 2082/2157/2037 2090/2167/1615 2087/2164/2042
f 2091/2168/2045 2086/2163/2041 2088/2165/2043
f 2089/2166/2044 2086/2163/2041 2091/2168/2045
f 2090/2167/1615 2092/2169/2046 2088/2165/2043
f 2091/2168/2045 2088/2165/2043 2092/2169/2046
f 2085/2161/2040 2089/2166/2044 2093/2170/2047
f 2093/2170/2047 873/2162/843 2085/2161/2040
f 872/2171/842 873/2162/843 2093/2170/2047
f 2094/2172/2048 2089/2166/2044 2091/2168/2045
f 2094/2172/2048 2093/2170/2047 2089/2166/2044
f 2095/2173/2049 872/2171/842 2093/2170/2047
f 2093/2170/2047 2094/2172/2048 2096/2174/2050
f 2095/2173/2049 2097/2175/2051 872/2171/842
f 872/2171/842 2097/2175/2051 868/2176/838
f 2095/2173/2049 2093/2170/2047 2098/2177/2052
f 2099/2178/2053 868/2176/838 2097/2175/2051
f 2099/2178/2053 867/2179/837 868/2176/838
f 2097/2175/2051 2095/2173/2049 2100/2180/2054
f 2100/2180/2054 2095/2173/2049 2098/2177/2052
f 2101/2181/2055 2099/2178/2053 2097/2175/2051
f 2097/2175/2051 2100/2180/2054 2101/2181/2055
f 2102/2182/2056 867/2179/837 2099/2178/2053
f 2099/2178/2053 2101/2181/2055 2102/2182/2056
f 2098/2177/2052 2093/2170/2047 2103/2183/2057
f 2093/2170/2047 2096/2174/2050 2103/2183/2057
f 2104/2184/2058 2098/2177/2052 2103/2183/2057
f 2105/2185/2059 2103/2183/2057 2096/2174/2050
f 2103/2183/2057 2105/2185/2059 2104/2184/2058
f 2106/2186/2060 2096/2174/2050 2094/2172/2048
f 2096/2174/2050 2106/2186/2060 2105/2185/2059
f 2106/2186/2060 2094/2172/2048 2091/2168/2045
f 2098/2177/2052 2104/2184/2058 2107/2187/2061
f 2107/2187/2061 2100/2180/2054 2098/2177/2052
f 2108/2188/2062 2104/2184/2058 2105/2185/2059
f 2100/2180/2054 2107/2187/2061 2109/2189/2063
f 2109/2189/2063 2101/2181/2055 2100/2180/2054
f 2104/2184/2058 2110/2190/2064 2107/2187/2061
f 2110/2190/2064 2104/2184/2058 2108/2188/2062
f 2107/2187/2061 2111/2191/2065 2109/2189/2063
f 2111/2191/2065 2107/2187/2061 2110/2190/2064
f 2101/2181/2055 2109/2189/2063 2112/2192/2066
f 2113/2193/2067 2109/2189/2063 2111/2191/2065
f 2109/2189/2063 2113/2193/2067 2112/2192/2066
f 2114/2194/2068 2101/2181/2055 2112/2192/2066
f 2114/2194/2068 2102/2182/2056 2101/2181/2055
f 2115/2195/2069 2112/2192/2066 2113/2193/2067
f 2115/2195/2069 2114/2194/2068 2112/2192/2066
f 2116/2196/2070 2102/2182/2056 2114/2194/2068
f 2116/2196/2070 2114/2194/2068 2115/2195/2069
f 2116/2196/2070 2117/2197/2071 2102/2182/2056
f 867/2179/837 2102/2182/2056 2117/2197/2071
f 2118/2198/2072 2117/2197/2071 2116/2196/2070
f 867/2179/837 2117/2197/2071 2119/2199/2073
f 2118/2198/2072 2119/2199/2073 2117/2197/2071
f 2118/2198/2072 2116/2196/2070 2120/2200/2074
f 2120/2200/2074 2116/2196/2070 2115/2195/2069
f 2121/2201/2075 2119/2199/2073 2118/2198/2072
f 2120/2200/2074 2122/2202/2076 2118/2198/2072
f 2122/2202/2076 2121/2201/2075 2118/2198/2072
f 2123/2203/2077 2120/2200/2074 2115/2195/2069
f 2123/2203/2077 2122/2202/2076 2120/2200/2074
f 2124/2204/2078 2115/2195/2069 2113/2193/2067
f 2124/2204/2078 2113/2193/2067 2111/2191/2065
f 2123/2203/2077 2115/2195/2069 2125/2205/2079
f 2115/2195/2069 2124/2204/2078 2125/2205/2079
f 2126/2206/2080 2123/2203/2077 2125/2205/2079
f 2126/2206/2080 2125/2205/2079 2124/2204/2078
f 2122/2202/2076 2123/2203/2077 2127/2207/2081
f 2111/2191/2065 2128/2208/2082 2124/2204/2078
f 2123/2203/2077 2129/2209/2083 2127/2207/2081
f 2126/2206/2080 2129/2209/2083 2123/2203/2077
f 2130/2210/2084 2122/2202/2076 2127/2207/2081
f 2129/2209/2083 2130/2210/2084 2127/2207/2081
f 2111/2191/2065 2131/2211/2085 2128/2208/2082
f 2131/2211/2085 2111/2191/2065 2110/2190/2064
f 2108/2188/2062 2131/2211/2085 2110/2190/2064
f 2132/2212/2086 2124/2204/2078 2128/2208/2082
f 2128/2208/2082 2131/2211/2085 2132/2212/2086
f 2124/2204/2078 2132/2212/2086 2126/2206/2080
f 2131/2211/2085 2108/2188/2062 2133/2213/2087
f 2132/2212/2086 2131/2211/2085 2134/2214/2088
f 2135/2215/2089 2133/2213/2087 2108/2188/2062
f 2135/2215/2089 2108/2188/2062 2105/2185/2059
f 2106/2186/2060 2135/2215/2089 2105/2185/2059
f 2134/2214/2088 2131/2211/2085 2136/2216/2090
f 2133/2213/2087 2136/2216/2090 2131/2211/2085
f 2137/2217/2091 2132/2212/2086 2134/2214/2088
f 2136/2216/2090 2137/2217/2091 2134/2214/2088
f 2132/2212/2086 2137/2217/2091 2138/2218/2092
f 2138/2218/2092 2126/2206/2080 2132/2212/2086
f 2136/2216/2090 2139/2219/2093 2137/2217/2091
f 2137/2217/2091 2140/2220/2094 2138/2218/2092
f 2139/2219/2093 2140/2220/2094 2137/2217/2091
f 2133/2213/2087 2141/2221/2095 2136/2216/2090
f 2141/2221/2095 2139/2219/2093 2136/2216/2090
f 2142/2222/2096 2141/2221/2095 2133/2213/2087
f 2133/2213/2087 2135/2215/2089 2142/2222/2096
f 2143/2223/2097 2139/2219/2093 2141/2221/2095
f 2106/2186/2060 2144/2224/2098 2135/2215/2089
f 2144/2224/2098 2142/2222/2096 2135/2215/2089
f 2091/2168/2045 2144/2224/2098 2106/2186/2060
f 2142/2222/2096 2145/2225/2095 2141/2221/2095
f 2145/2225/2095 2143/2223/2097 2141/2221/2095
f 2144/2224/2098 2146/2226/2099 2142/2222/2096
f 2146/2226/2099 2145/2225/2095 2142/2222/2096
f 2091/2168/2045 2147/2227/2100 2144/2224/2098
f 2146/2226/2099 2148/2228/2101 2145/2225/2095
f 2147/2227/2100 2091/2168/2045 2149/2229/2102
f 2092/2169/2046 2149/2229/2102 2091/2168/2045
f 2150/2230/2103 2147/2227/2100 2149/2229/2102
f 2149/2229/2102 2092/2169/2046 2151/2231/2104
f 2150/2230/2103 2149/2229/2102 2151/2231/2104
f 2152/2232/2105 2144/2224/2098 2147/2227/2100
f 2150/2230/2103 2152/2232/2105 2147/2227/2100
f 2146/2226/2099 2144/2224/2098 2153/2233/2106
f 2144/2224/2098 2152/2232/2105 2153/2233/2106
f 2152/2232/2105 2150/2230/2103 2154/2234/2107
f 2154/2234/2107 2150/2230/2103 2155/2235/2108
f 2155/2235/2108 2152/2232/2105 2154/2234/2107
f 2151/2231/2104 2155/2235/2108 2150/2230/2103
f 2156/2236/2109 2153/2233/2106 2152/2232/2105
f 2152/2232/2105 2155/2235/2108 2156/2236/2109
f 2153/2233/2106 2157/2237/2110 2146/2226/2099
f 2148/2228/2101 2146/2226/2099 2157/2237/2110
f 2156/2236/2109 2158/2238/2111 2153/2233/2106
f 2158/2238/2111 2157/2237/2110 2153/2233/2106
f 2156/2236/2109 2155/2235/2108 2159/2239/2112
f 2158/2238/2111 2160/2240/2113 2157/2237/2110
f 2155/2235/2108 2161/2241/2114 2159/2239/2112
f 2155/2235/2108 2151/2231/2104 2161/2241/2114
f 2162/2242/2095 2157/2237/2110 2160/2240/2113
f 2157/2237/2110 2162/2242/2095 2148/2228/2101
f 2158/2238/2111 2163/2243/2115 2160/2240/2113
f 2162/2242/2095 2160/2240/2113 2163/2243/2115
f 2158/2238/2111 2156/2236/2109 2164/2244/2116
f 2164/2244/2116 2156/2236/2109 2159/2239/2112
f 2163/2243/2115 2158/2238/2111 2165/2245/2117
f 2164/2244/2116 2165/2245/2117 2158/2238/2111
f 2163/2243/2115 2166/2246/2101 2162/2242/2095
f 2165/2245/2117 2167/2247/2118 2163/2243/2115
f 2166/2246/2101 2163/2243/2115 2167/2247/2118
f 2165/2245/2117 2164/2244/2116 2168/2248/2119
f 2167/2247/2118 2165/2245/2117 2169/2249/2120
f 2165/2245/2117 2168/2248/2119 2169/2249/2120
f 2167/2247/2118 2170/2250/2095 2166/2246/2101
f 2168/2248/2119 2164/2244/2116 2171/2251/2121
f 2170/2250/2095 2167/2247/2118 2172/2252/2122
f 2164/2244/2116 2173/2253/2123 2171/2251/2121
f 2164/2244/2116 2159/2239/2112 2173/2253/2123
f 2167/2247/2118 2174/2254/2124 2172/2252/2122
f 2169/2249/2120 2174/2254/2124 2167/2247/2118
f 2175/2255/2125 2173/2253/2123 2159/2239/2112
f 2169/2249/2120 2176/2256/2126 2174/2254/2124
f 2173/2253/2123 2175/2255/2125 2177/2257/2127
f 2171/2251/2121 2173/2253/2123 2177/2257/2127
f 2159/2239/2112 2178/2258/2128 2175/2255/2125
f 2161/2241/2114 2178/2258/2128 2159/2239/2112
f 2178/2258/2128 2161/2241/2114 2179/2259/2129
f 2179/2259/2129 2161/2241/2114 2151/2231/2104
f 2151/2231/2104 2180/2260/2130 2179/2259/2129
f 2151/2231/2104 2092/2169/2046 2180/2260/2130
f 2092/2169/2046 2090/2167/1615 2180/2260/2130
f 2180/2260/2130 2090/2167/1615 2181/2261/2131
f 2180/2260/2130 2181/2261/2131 2179/2259/2129
f 2090/2167/1615 2082/2157/2037 2181/2261/2131
f 2179/2259/2129 2182/2262/2132 2178/2258/2128
f 2179/2259/2129 2181/2261/2131 2182/2262/2132
f 2181/2261/2131 2082/2157/2037 2183/2263/2133
f 1968/2032/1923 2183/2263/2133 2082/2157/2037
f 2183/2263/2133 1968/2032/1923 1961/2025/1916
f 2181/2261/2131 2183/2263/2133 2184/2264/2134
f 1961/2025/1916 2184/2264/2134 2183/2263/2133
f 2184/2264/2134 2182/2262/2132 2181/2261/2131
f 1961/2025/1916 1960/2024/1915 2184/2264/2134
f 2182/2262/2132 2184/2264/2134 1960/2024/1915
f 2178/2258/2128 2182/2262/2132 2185/2265/2135
f 1960/2024/1915 2185/2265/2135 2182/2262/2132
f 2178/2258/2128 2185/2265/2135 2175/2255/2125
f 2185/2265/2135 1960/2024/1915 2186/2266/2136
f 1957/2021/1912 2186/2266/2136 1960/2024/1915
f 1929/1993/1884 2186/2266/2136 1957/2021/1912
f 2175/2255/2125 2185/2265/2135 2187/2267/2137
f 2186/2266/2136 2187/2267/2137 2185/2265/2135
f 1929/1993/1884 2188/2268/2138 2186/2266/2136
f 2188/2268/2138 1929/1993/1884 1924/1988/1879
f 2187/2267/2137 2186/2266/2136 2189/2269/2139
f 2189/2269/2139 2186/2266/2136 2188/2268/2138
f 2175/2255/2125 2187/2267/2137 2189/2269/2139
f 1924/1988/1879 2190/2270/2140 2188/2268/2138
f 2189/2269/2139 2188/2268/2138 2190/2270/2140
f 2190/2270/2140 1924/1988/1879 1922/1986/1877
f 2189/2269/2139 2191/2271/2141 2175/2255/2125
f 2177/2257/2127 2175/2255/2125 2191/2271/2141
f 2190/2270/2140 2192/2272/2142 2189/2269/2139
f 2192/2272/2142 2190/2270/2140 1922/1986/1877
f 2191/2271/2141 2189/2269/2139 2192/2272/2142
f 1922/1986/1877 2193/2273/2143 2192/2272/2142
f 2193/2273/2143 1922/1986/1877 1712/1776/1669
f 1712/1776/1669 1711/1775/1668 2193/2273/2143
f 2192/2272/2142 2194/2274/2144 2191/2271/2141
f 2195/2275/2145 2193/2273/2143 1711/1775/1668
f 2195/2275/2145 2192/2272/2142 2193/2273/2143
f 2194/2274/2144 2192/2272/2142 2195/2275/2145
f 1711/1775/1668 1709/1773/1666 2195/2275/2145
f 2196/2276/2146 2191/2271/2141 2194/2274/2144
f 2196/2276/2146 2194/2274/2144 2195/2275/2145
f 2177/2257/2127 2191/2271/2141 2196/2276/2146
f 2196/2276/2146 2171/2251/2121 2177/2257/2127
f 2197/2277/2147 2195/2275/2145 1709/1773/1666
f 2195/2275/2145 2197/2277/2147 2196/2276/2146
f 1709/1773/1666 1708/1772/1665 2197/2277/2147
f 2171/2251/2121 2196/2276/2146 2198/2278/2148
f 2198/2278/2148 2196/2276/2146 2197/2277/2147
f 2199/2279/2149 2171/2251/2121 2198/2278/2148
f 2199/2279/2149 2168/2248/2119 2171/2251/2121
f 2198/2278/2148 2168/2248/2119 2199/2279/2149
f 2200/2280/2150 2198/2278/2148 2197/2277/2147
f 2168/2248/2119 2198/2278/2148 2200/2280/2150
f 2197/2277/2147 1708/1772/1665 2200/2280/2150
f 2169/2249/2120 2168/2248/2119 2200/2280/2150
f 1708/1772/1665 2169/2249/2120 2200/2280/2150
f 1708/1772/1665 2176/2256/2126 2169/2249/2120
f 1706/1770/1585 2176/2256/2126 1708/1772/1665
f 2201/2281/2151 2176/2256/2126 1706/1770/1585
f 1706/1770/1585 1701/1765/1659 2201/2281/2151
f 2201/2281/2151 2202/2282/2152 2176/2256/2126
f 2174/2254/2124 2176/2256/2126 2202/2282/2152
f 2201/2281/2151 1701/1765/1659 2203/2283/2153
f 2203/2283/2153 2202/2282/2152 2201/2281/2151
f 1701/1765/1659 1704/1768/1662 2203/2283/2153
f 2202/2282/2152 2204/2284/1622 2174/2254/2124
f 2172/2252/2122 2174/2254/2124 2204/2284/1622
f 2203/2283/2153 2205/2285/2154 2202/2282/2152
f 1704/1768/1662 2205/2285/2154 2203/2283/2153
f 2204/2284/1622 2202/2282/2152 2205/2285/2154
f 1704/1768/1662 2206/2286/2155 2205/2285/2154
f 1702/1766/1660 2206/2286/2155 1704/1768/1662
f 2205/2285/2154 2207/2287/2156 2204/2284/1622
f 2205/2285/2154 2206/2286/2155 2207/2287/2156
f 1702/1766/1660 2208/2288/2157 2206/2286/2155
f 1700/1764/1658 2208/2288/2157 1702/1766/1660
f 2206/2286/2155 2209/2289/2158 2207/2287/2156
f 2206/2286/2155 2208/2288/2157 2209/2289/2158
f 1700/1764/1658 2210/2290/2159 2208/2288/2157
f 2210/2290/2159 2209/2289/2158 2208/2288/2157
f 1651/1715/1611 2210/2290/2159 1700/1764/1658
f 2207/2287/2156 2209/2289/2158 2211/2291/2160
f 2211/2291/2160 2204/2284/1622 2207/2287/2156
f 2209/2289/2158 2210/2290/2159 2212/2292/2161
f 2204/2284/1622 2211/2291/2160 2213/2293/317
f 2172/2252/2122 2204/2284/1622 2213/2293/317
f 2209/2289/2158 2214/2294/2162 2211/2291/2160
f 2212/2292/2161 2214/2294/2162 2209/2289/2158
f 2215/2295/2095 2172/2252/2122 2213/2293/317
f 2172/2252/2122 2215/2295/2095 2170/2250/2095
f 2216/2296/2163 2213/2293/317 2211/2291/2160
f 2213/2293/317 2216/2296/2163 2215/2295/2095
f 2216/2296/2163 2211/2291/2160 2217/2297/2164
f 2218/2298/2097 2170/2250/2095 2215/2295/2095
f 2211/2291/2160 2219/2299/2165 2217/2297/2164
f 2219/2299/2165 2211/2291/2160 2214/2294/2162
f 2217/2297/2164 2220/2300/2166 2216/2296/2163
f 2219/2299/2165 2220/2300/2166 2217/2297/2164
f 2221/2301/2167 2215/2295/2095 2216/2296/2163
f 2221/2301/2167 2216/2296/2163 2220/2300/2166
f 2215/2295/2095 2221/2301/2167 2218/2298/2097
f 2222/2302/2168 2219/2299/2165 2214/2294/2162
f 2212/2292/2161 2222/2302/2168 2214/2294/2162
f 2219/2299/2165 2223/2303/2169 2220/2300/2166
f 2224/2304/2170 2222/2302/2168 2212/2292/2161
f 2224/2304/2170 2212/2292/2161 2210/2290/2159
f 2225/2305/2171 2219/2299/2165 2222/2302/2168
f 2225/2305/2171 2223/2303/2169 2219/2299/2165
f 2224/2304/2170 2226/2306/2172 2222/2302/2168
f 2225/2305/2171 2222/2302/2168 2226/2306/2172
f 2210/2290/2159 2227/2307/2173 2224/2304/2170
f 2227/2307/2173 2210/2290/2159 1651/1715/1611
f 2224/2304/2170 2228/2308/2174 2226/2306/2172
f 2225/2305/2171 2226/2306/2172 2228/2308/2174
f 2229/2309/2175 2224/2304/2170 2227/2307/2173
f 2229/2309/2175 2227/2307/2173 1651/1715/1611
f 2228/2308/2174 2224/2304/2170 2230/2310/2176
f 2224/2304/2170 2229/2309/2175 2230/2310/2176
f 2231/2311/2177 2229/2309/2175 1651/1715/1611
f 1568/1632/1528 2231/2311/2177 1651/1715/1611
f 1567/1631/1527 2231/2311/2177 1568/1632/1528
f 2232/2312/2178 2229/2309/2175 2231/2311/2177
f 2232/2312/2178 2230/2310/2176 2229/2309/2175
f 2231/2311/2177 1567/1631/1527 2233/2313/2179
f 2233/2313/2179 2232/2312/2178 2231/2311/2177
f 2233/2313/2179 1567/1631/1527 2234/2314/2180
f 2235/2315/2181 2232/2312/2178 2233/2313/2179
f 2234/2314/2180 2235/2315/2181 2233/2313/2179
f 2230/2310/2176 2232/2312/2178 2236/2316/2182
f 2235/2315/2181 2236/2316/2182 2232/2312/2178
f 1567/1631/1527 2237/2317/2183 2234/2314/2180
f 1562/1626/1522 2237/2317/2183 1567/1631/1527
f 2235/2315/2181 2234/2314/2180 2238/2318/2184
f 2237/2317/2183 2238/2318/2184 2234/2314/2180
f 2236/2316/2182 2235/2315/2181 2239/2319/2185
f 2238/2318/2184 2239/2319/2185 2235/2315/2181
f 2240/2320/2186 2230/2310/2176 2236/2316/2182
f 2230/2310/2176 2240/2320/2186 2228/2308/2174
f 2236/2316/2182 2241/2321/2187 2240/2320/2186
f 2241/2321/2187 2236/2316/2182 2239/2319/2185
f 2242/2322/2188 2228/2308/2174 2240/2320/2186
f 2242/2322/2188 2240/2320/2186 2241/2321/2187
f 2228/2308/2174 2242/2322/2188 2225/2305/2171
f 2239/2319/2185 2243/2323/2189 2241/2321/2187
f 2242/2322/2188 2241/2321/2187 2244/2324/2190
f 2243/2323/2189 2239/2319/2185 2245/2325/2191
f 2239/2319/2185 2238/2318/2184 2245/2325/2191
f 2244/2324/2190 2241/2321/2187 2246/2326/2192
f 2241/2321/2187 2243/2323/2189 2246/2326/2192
f 2247/2327/2193 2242/2322/2188 2244/2324/2190
f 2246/2326/2192 2247/2327/2193 2244/2324/2190
f 2248/2328/2194 2225/2305/2171 2242/2322/2188
f 2242/2322/2188 2247/2327/2193 2248/2328/2194
f 2225/2305/2171 2248/2328/2194 2249/2329/2195
f 2223/2303/2169 2225/2305/2171 2249/2329/2195
f 2250/2330/2196 2248/2328/2194 2247/2327/2193
f 2246/2326/2192 2251/2331/2197 2247/2327/2193
f 2250/2330/2196 2247/2327/2193 2251/2331/2197
f 2252/2332/2198 2251/2331/2197 2246/2326/2192
f 2246/2326/2192 2243/2323/2189 2252/2332/2198
f 2253/2333/2199 2248/2328/2194 2250/2330/2196
f 2253/2333/2199 2249/2329/2195 2248/2328/2194
f 2250/2330/2196 2251/2331/2197 2254/2334/2200
f 2250/2330/2196 2255/2335/2201 2253/2333/2199
f 2254/2334/2200 2255/2335/2201 2250/2330/2196
f 2249/2329/2195 2253/2333/2199 2256/2336/2202
f 2251/2331/2197 2257/2337/2203 2254/2334/2200
f 2257/2337/2203 2251/2331/2197 2252/2332/2198
f 2258/2338/2204 2253/2333/2199 2255/2335/2201
f 2258/2338/2204 2256/2336/2202 2253/2333/2199
f 2254/2334/2200 2259/2339/2205 2255/2335/2201
f 2256/2336/2202 2258/2338/2204 2260/2340/2206
f 2261/2341/2207 2259/2339/2205 2254/2334/2200
f 2261/2341/2207 2254/2334/2200 2257/2337/2203
f 2255/2335/2201 2259/2339/2205 2262/2342/2208
f 2262/2342/2208 2258/2338/2204 2255/2335/2201
f 2263/2343/2209 2259/2339/2205 2261/2341/2207
f 2259/2339/2205 2263/2343/2209 2262/2342/2208
f 2258/2338/2204 2264/2344/2210 2260/2340/2206
f 2264/2344/2210 2258/2338/2204 2262/2342/2208
f 2265/2345/2211 2256/2336/2202 2260/2340/2206
f 2264/2344/2210 2265/2345/2211 2260/2340/2206
f 2256/2336/2202 2266/2346/2212 2249/2329/2195
f 2256/2336/2202 2265/2345/2211 2266/2346/2212
f 2223/2303/2169 2249/2329/2195 2266/2346/2212
f 2267/2347/2213 2223/2303/2169 2266/2346/2212
f 2223/2303/2169 2267/2347/2213 2220/2300/2166
f 2267/2347/2213 2221/2301/2167 2220/2300/2166
f 2266/2346/2212 2265/2345/2211 2268/2348/2214
f 2266/2346/2212 2268/2348/2214 2267/2347/2213
f 2221/2301/2167 2267/2347/2213 2269/2349/2215
f 2267/2347/2213 2268/2348/2214 2269/2349/2215
f 2269/2349/2215 2218/2298/2097 2221/2301/2167
f 2265/2345/2211 2270/2350/2216 2268/2348/2214
f 2265/2345/2211 2264/2344/2210 2270/2350/2216
f 2271/2351/2217 2269/2349/2215 2268/2348/2214
f 2270/2350/2216 2271/2351/2217 2268/2348/2214
f 2269/2349/2215 2272/2352/2218 2218/2298/2097
f 2272/2352/2218 2269/2349/2215 2271/2351/2217
f 2270/2350/2216 2273/2353/2219 2271/2351/2217
f 2271/2351/2217 2273/2353/2219 2272/2352/2218
f 2264/2344/2210 2274/2354/2220 2270/2350/2216
f 2270/2350/2216 2274/2354/2220 2273/2353/2219
f 2275/2355/2221 2274/2354/2220 2264/2344/2210
f 2262/2342/2208 2275/2355/2221 2264/2344/2210
f 2274/2354/2220 2276/2356/2222 2273/2353/2219
f 2276/2356/2222 2272/2352/2218 2273/2353/2219
f 2275/2355/2221 2277/2357/2223 2274/2354/2220
f 2276/2356/2222 2274/2354/2220 2277/2357/2223
f 2278/2358/2224 2275/2355/2221 2262/2342/2208
f 2278/2358/2224 2262/2342/2208 2263/2343/2209
f 2279/2359/2225 2277/2357/2223 2275/2355/2221
f 2278/2358/2224 2279/2359/2225 2275/2355/2221
f 2263/2343/2209 2280/2360/2226 2278/2358/2224
f 2261/2341/2207 2280/2360/2226 2263/2343/2209
f 2281/2361/2227 2279/2359/2225 2278/2358/2224
f 2281/2361/2227 2278/2358/2224 2280/2360/2226
f 2279/2359/2225 2282/2362/2228 2277/2357/2223
f 2281/2361/2227 2283/2363/2229 2279/2359/2225
f 2283/2363/2229 2282/2362/2228 2279/2359/2225
f 2284/2364/2230 2277/2357/2223 2282/2362/2228
f 2277/2357/2223 2284/2364/2230 2276/2356/2222
f 2283/2363/2229 2285/2365/2231 2282/2362/2228
f 2282/2362/2228 2285/2365/2231 2284/2364/2230
f 2286/2366/2232 2283/2363/2229 2281/2361/2227
f 2276/2356/2222 2284/2364/2230 2287/2367/2233
f 2272/2352/2218 2276/2356/2222 2287/2367/2233
f 2286/2366/2232 2288/2368/2234 2283/2363/2229
f 2288/2368/2234 2285/2365/2231 2283/2363/2229
f 2286/2366/2232 2281/2361/2227 2289/2369/2235
f 2280/2360/2226 2289/2369/2235 2281/2361/2227
f 2290/2370/2236 2288/2368/2234 2286/2366/2232
f 2289/2369/2235 2290/2370/2236 2286/2366/2232
f 2289/2369/2235 2280/2360/2226 2291/2371/2237
f 2261/2341/2207 2291/2371/2237 2280/2360/2226
f 2289/2369/2235 2292/2372/2238 2290/2370/2236
f 2292/2372/2238 2289/2369/2235 2291/2371/2237
f 2291/2371/2237 2261/2341/2207 2293/2373/2239
f 2257/2337/2203 2293/2373/2239 2261/2341/2207
f 2291/2371/2237 2294/2374/2240 2292/2372/2238
f 2293/2373/2239 2257/2337/2203 2295/2375/2241
f 2295/2375/2241 2257/2337/2203 2252/2332/2198
f 2293/2373/2239 2296/2376/2242 2291/2371/2237
f 2294/2374/2240 2291/2371/2237 2296/2376/2242
f 2297/2377/2243 2293/2373/2239 2295/2375/2241
f 2296/2376/2242 2293/2373/2239 2297/2377/2243
f 2252/2332/2198 2298/2378/2244 2295/2375/2241
f 2298/2378/2244 2252/2332/2198 2243/2323/2189
f 2295/2375/2241 2299/2379/2245 2297/2377/2243
f 2299/2379/2245 2295/2375/2241 2298/2378/2244
f 2243/2323/2189 2300/2380/2246 2298/2378/2244
f 2300/2380/2246 2243/2323/2189 2245/2325/2191
f 2298/2378/2244 2301/2381/2247 2299/2379/2245
f 2298/2378/2244 2300/2380/2246 2301/2381/2247
f 2245/2325/2191 2302/2382/2248 2300/2380/2246
f 2302/2382/2248 2245/2325/2191 2238/2318/2184
f 2300/2380/2246 2303/2383/2249 2301/2381/2247
f 2300/2380/2246 2302/2382/2248 2303/2383/2249
f 2238/2318/2184 2304/2384/2250 2302/2382/2248
f 2304/2384/2250 2238/2318/2184 2237/2317/2183
f 2305/2385/2251 2302/2382/2248 2304/2384/2250
f 2302/2382/2248 2305/2385/2251 2303/2383/2249
f 2306/2386/2252 2304/2384/2250 2237/2317/2183
f 2304/2384/2250 2306/2386/2252 2305/2385/2251
f 2237/2317/2183 1562/1626/1522 2306/2386/2252
f 1562/1626/1522 1560/1624/1520 2306/2386/2252
f 2306/2386/2252 2307/2387/2253 2305/2385/2251
f 1560/1624/1520 2308/2388/2254 2306/2386/2252
f 2307/2387/2253 2306/2386/2252 2308/2388/2254
f 1559/1622/1519 2308/2388/2254 1560/1624/1520
f 2309/2389/2255 2305/2385/2251 2307/2387/2253
f 2309/2389/2255 2307/2387/2253 2308/2388/2254
f 2309/2389/2255 2303/2383/2249 2305/2385/2251
f 1559/1622/1519 2310/2390/2256 2308/2388/2254
f 330/1623/311 2310/2390/2256 1559/1622/1519
f 2310/2390/2256 330/1623/311 329/2391/310
f 310/2392/291 2310/2390/2256 329/2391/310
f 2310/2390/2256 2311/2393/2257 2308/2388/2254
f 2308/2388/2254 2311/2393/2257 2309/2389/2255
f 2312/2394/2258 2310/2390/2256 310/2392/291
f 2310/2390/2256 2312/2394/2258 2311/2393/2257
f 309/2395/290 2312/2394/2258 310/2392/291
f 2303/2383/2249 2309/2389/2255 2313/2396/2259
f 2303/2383/2249 2313/2396/2259 2301/2381/2247
f 2314/2397/2260 2309/2389/2255 2311/2393/2257
f 2314/2397/2260 2313/2396/2259 2309/2389/2255
f 2312/2394/2258 2315/2398/2261 2311/2393/2257
f 2311/2393/2257 2315/2398/2261 2314/2397/2260
f 2316/2399/2262 2315/2398/2261 2312/2394/2258
f 2315/2398/2261 2316/2399/2262 2314/2397/2260
f 2317/2400/2263 2312/2394/2258 309/2395/290
f 2312/2394/2258 2317/2400/2263 2316/2399/2262
f 309/2395/290 2318/2401/2264 2317/2400/2263
f 2318/2401/2264 309/2395/290 305/2402/286
f 2317/2400/2263 2319/2403/2265 2316/2399/2262
f 2318/2401/2264 2319/2403/2265 2317/2400/2263
f 305/2402/286 2320/2404/2266 2318/2401/2264
f 2320/2404/2266 305/2402/286 304/2405/285
f 2319/2403/2265 2318/2401/2264 2321/2406/2267
f 2320/2404/2266 2321/2406/2267 2318/2401/2264
f 2316/2399/2262 2319/2403/2265 2322/2407/2268
f 2322/2407/2268 2314/2397/2260 2316/2399/2262
f 2319/2403/2265 2321/2406/2267 2323/2408/2269
f 2323/2408/2269 2322/2407/2268 2319/2403/2265
f 2321/2406/2267 2320/2404/2266 2324/2409/2270
f 304/2405/285 2325/2410/2271 2320/2404/2266
f 2325/2410/2271 2324/2409/2270 2320/2404/2266
f 304/2405/285 302/2411/283 2325/2410/2271
f 302/2411/283 301/2412/282 2325/2410/2271
f 851/2413/822 2325/2410/2271 301/2412/282
f 851/2413/822 2326/2414/2272 2325/2410/2271
f 2324/2409/2270 2325/2410/2271 2326/2414/2272
f 2326/2414/2272 851/2413/822 853/2415/824
f 2326/2414/2272 853/2415/824 2327/2416/2273
f 856/2417/827 2327/2416/2273 853/2415/824
f 861/2418/832 2327/2416/2273 856/2417/827
f 2326/2414/2272 2327/2416/2273 2328/2419/2274
f 2328/2419/2274 2327/2416/2273 861/2418/832
f 2324/2409/2270 2326/2414/2272 2328/2419/2274
f 2328/2419/2274 861/2418/832 864/2420/834
f 2328/2419/2274 864/2420/834 2329/2421/2275
f 2324/2409/2270 2328/2419/2274 2329/2421/2275
f 864/2420/834 867/2179/837 2329/2421/2275
f 867/2179/837 2119/2199/2073 2329/2421/2275
f 2321/2406/2267 2324/2409/2270 2330/2422/2276
f 2329/2421/2275 2330/2422/2276 2324/2409/2270
f 2330/2422/2276 2323/2408/2269 2321/2406/2267
f 2119/2199/2073 2331/2423/2277 2329/2421/2275
f 2121/2201/2075 2331/2423/2277 2119/2199/2073
f 2332/2424/2278 2330/2422/2276 2329/2421/2275
f 2329/2421/2275 2331/2423/2277 2332/2424/2278
f 2333/2425/2279 2323/2408/2269 2330/2422/2276
f 2332/2424/2278 2333/2425/2279 2330/2422/2276
f 2334/2426/2280 2332/2424/2278 2331/2423/2277
f 2334/2426/2280 2333/2425/2279 2332/2424/2278
f 2334/2426/2280 2331/2423/2277 2121/2201/2075
f 2333/2425/2279 2335/2427/2281 2323/2408/2269
f 2335/2427/2281 2322/2407/2268 2323/2408/2269
f 2333/2425/2279 2334/2426/2280 2336/2428/2282
f 2336/2428/2282 2335/2427/2281 2333/2425/2279
f 2337/2429/2283 2334/2426/2280 2121/2201/2075
f 2122/2202/2076 2337/2429/2283 2121/2201/2075
f 2122/2202/2076 2130/2210/2084 2337/2429/2283
f 2334/2426/2280 2337/2429/2283 2338/2430/2284
f 2338/2430/2284 2336/2428/2282 2334/2426/2280
f 2339/2431/2285 2337/2429/2283 2130/2210/2084
f 2337/2429/2283 2339/2431/2285 2338/2430/2284
f 2335/2427/2281 2336/2428/2282 2340/2432/2286
f 2335/2427/2281 2340/2432/2286 2322/2407/2268
f 2336/2428/2282 2338/2430/2284 2341/2433/2287
f 2341/2433/2287 2340/2432/2286 2336/2428/2282
f 2338/2430/2284 2342/2434/2287 2341/2433/2287
f 2342/2434/2287 2338/2430/2284 2339/2431/2285
f 2340/2432/2286 2341/2433/2287 2343/2435/2288
f 2342/2434/2287 2343/2435/2288 2341/2433/2287
f 2340/2432/2286 2344/2436/2289 2322/2407/2268
f 2322/2407/2268 2344/2436/2289 2314/2397/2260
f 2343/2435/2288 2345/2437/2290 2340/2432/2286
f 2344/2436/2289 2340/2432/2286 2345/2437/2290
f 2344/2436/2289 2346/2438/2291 2314/2397/2260
f 2313/2396/2259 2314/2397/2260 2346/2438/2291
f 2346/2438/2291 2344/2436/2289 2347/2439/2292
f 2344/2436/2289 2345/2437/2290 2347/2439/2292
f 2313/2396/2259 2346/2438/2291 2348/2440/2293
f 2346/2438/2291 2347/2439/2292 2348/2440/2293
f 2313/2396/2259 2348/2440/2293 2301/2381/2247
f 2299/2379/2245 2301/2381/2247 2348/2440/2293
f 2348/2440/2293 2349/2441/2294 2299/2379/2245
f 2347/2439/2292 2349/2441/2294 2348/2440/2293
f 2297/2377/2243 2299/2379/2245 2349/2441/2294
f 2349/2441/2294 2347/2439/2292 2350/2442/2295
f 2349/2441/2294 2351/2443/2198 2297/2377/2243
f 2351/2443/2198 2349/2441/2294 2350/2442/2295
f 2351/2443/2198 2296/2376/2242 2297/2377/2243
f 2347/2439/2292 2352/2444/2296 2350/2442/2295
f 2352/2444/2296 2351/2443/2198 2350/2442/2295
f 2352/2444/2296 2347/2439/2292 2345/2437/2290
f 2353/2445/2297 2296/2376/2242 2351/2443/2198
f 2296/2376/2242 2353/2445/2297 2294/2374/2240
f 2345/2437/2290 2354/2446/2298 2352/2444/2296
f 2354/2446/2298 2345/2437/2290 2343/2435/2288
f 2343/2435/2288 2342/2434/2287 2354/2446/2298
f 2351/2443/2198 2352/2444/2296 2355/2447/2198
f 2355/2447/2198 2352/2444/2296 2354/2446/2298
f 2356/2448/2299 2354/2446/2298 2342/2434/2287
f 2354/2446/2298 2356/2448/2299 2355/2447/2198
f 2357/2449/2300 2351/2443/2198 2355/2447/2198
f 2351/2443/2198 2357/2449/2300 2353/2445/2297
f 2358/2450/2301 2355/2447/2198 2356/2448/2299
f 2355/2447/2198 2358/2450/2301 2357/2449/2300
f 2342/2434/2287 2359/2451/2299 2356/2448/2299
f 2359/2451/2299 2342/2434/2287 2339/2431/2285
f 2356/2448/2299 2360/2452/2302 2358/2450/2301
f 2360/2452/2302 2356/2448/2299 2359/2451/2299
f 2339/2431/2285 2361/2453/2303 2359/2451/2299
f 2361/2453/2303 2339/2431/2285 2130/2210/2084
f 2359/2451/2299 2362/2454/2304 2360/2452/2302
f 2362/2454/2304 2359/2451/2299 2361/2453/2303
f 2361/2453/2303 2130/2210/2084 2363/2455/2305
f 2130/2210/2084 2129/2209/2083 2363/2455/2305
f 2363/2455/2305 2364/2456/2306 2361/2453/2303
f 2364/2456/2306 2363/2455/2305 2129/2209/2083
f 2362/2454/2304 2361/2453/2303 2364/2456/2306
f 2364/2456/2306 2129/2209/2083 2365/2457/2307
f 2129/2209/2083 2126/2206/2080 2365/2457/2307
f 2366/2458/2308 2362/2454/2304 2364/2456/2306
f 2365/2457/2307 2366/2458/2308 2364/2456/2306
f 2360/2452/2302 2362/2454/2304 2367/2459/2309
f 2362/2454/2304 2366/2458/2308 2367/2459/2309
f 2365/2457/2307 2126/2206/2080 2368/2460/2310
f 2126/2206/2080 2138/2218/2092 2368/2460/2310
f 2366/2458/2308 2365/2457/2307 2369/2461/2311
f 2365/2457/2307 2368/2460/2310 2369/2461/2311
f 2370/2462/2312 2368/2460/2310 2138/2218/2092
f 2138/2218/2092 2140/2220/2094 2370/2462/2312
f 2369/2461/2311 2368/2460/2310 2371/2463/2313
f 2368/2460/2310 2370/2462/2312 2371/2463/2313
f 2372/2464/2314 2366/2458/2308 2369/2461/2311
f 2366/2458/2308 2372/2464/2314 2367/2459/2309
f 2369/2461/2311 2371/2463/2313 2373/2465/2315
f 2369/2461/2311 2373/2465/2315 2372/2464/2314
f 2374/2466/2316 2371/2463/2313 2370/2462/2312
f 2373/2465/2315 2371/2463/2313 2375/2467/2128
f 2371/2463/2313 2374/2466/2316 2375/2467/2128
f 2370/2462/2312 2376/2468/875 2374/2466/2316
f 2376/2468/875 2370/2462/2312 2140/2220/2094
f 2377/2469/2317 2375/2467/2128 2374/2466/2316
f 2377/2469/2317 2374/2466/2316 2376/2468/875
f 2378/2470/2318 2373/2465/2315 2375/2467/2128
f 2375/2467/2128 2377/2469/2317 2378/2470/2318
f 2379/2471/2319 2376/2468/875 2140/2220/2094
f 2139/2219/2093 2379/2471/2319 2140/2220/2094
f 2139/2219/2093 2143/2223/2097 2379/2471/2319
f 2379/2471/2319 2380/2472/2320 2376/2468/875
f 2377/2469/2317 2376/2468/875 2380/2472/2320
f 2381/2473/2321 2379/2471/2319 2143/2223/2097
f 2381/2473/2321 2380/2472/2320 2379/2471/2319
f 2143/2223/2097 2382/2474/2322 2381/2473/2321
f 2382/2474/2322 2143/2223/2097 2145/2225/2095
f 2148/2228/2101 2382/2474/2322 2145/2225/2095
f 2383/2475/2323 2380/2472/2320 2381/2473/2321
f 2384/2476/2324 2382/2474/2322 2148/2228/2101
f 2162/2242/2095 2384/2476/2324 2148/2228/2101
f 2385/2477/2325 2381/2473/2321 2382/2474/2322
f 2382/2474/2322 2384/2476/2324 2385/2477/2325
f 2386/2478/2326 2383/2475/2323 2381/2473/2321
f 2385/2477/2325 2386/2478/2326 2381/2473/2321
f 2387/2479/2327 2380/2472/2320 2383/2475/2323
f 2383/2475/2323 2386/2478/2326 2387/2479/2327
f 2380/2472/2320 2387/2479/2327 2377/2469/2317
f 2388/2480/2328 2386/2478/2326 2385/2477/2325
f 2389/2481/2329 2377/2469/2317 2387/2479/2327
f 2378/2470/2318 2377/2469/2317 2389/2481/2329
f 2390/2482/2330 2387/2479/2327 2386/2478/2326
f 2391/2483/2331 2386/2478/2326 2388/2480/2328
f 2386/2478/2326 2391/2483/2331 2390/2482/2330
f 2392/2484/2332 2387/2479/2327 2390/2482/2330
f 2389/2481/2329 2387/2479/2327 2392/2484/2332
f 2393/2485/2229 2390/2482/2330 2391/2483/2331
f 2392/2484/2332 2390/2482/2330 2393/2485/2229
f 2394/2486/2333 2391/2483/2331 2388/2480/2328
f 2394/2486/2333 2388/2480/2328 2385/2477/2325
f 2395/2487/2334 2389/2481/2329 2392/2484/2332
f 2396/2488/2335 2394/2486/2333 2385/2477/2325
f 2396/2488/2335 2385/2477/2325 2384/2476/2324
f 2395/2487/2334 2392/2484/2332 2397/2489/2336
f 2397/2489/2336 2392/2484/2332 2393/2485/2229
f 2398/2490/2337 2389/2481/2329 2395/2487/2334
f 2398/2490/2337 2378/2470/2318 2389/2481/2329
f 2399/2491/2338 2395/2487/2334 2397/2489/2336
f 2378/2470/2318 2398/2490/2337 2400/2492/2339
f 2373/2465/2315 2378/2470/2318 2400/2492/2339
f 2372/2464/2314 2373/2465/2315 2400/2492/2339
f 2401/2493/2340 2398/2490/2337 2395/2487/2334
f 2399/2491/2338 2401/2493/2340 2395/2487/2334
f 2402/2494/161 2400/2492/2339 2398/2490/2337
f 2401/2493/2340 2402/2494/161 2398/2490/2337
f 2403/2495/2341 2372/2464/2314 2400/2492/2339
f 2402/2494/161 2403/2495/2341 2400/2492/2339
f 2403/2495/2341 2367/2459/2309 2372/2464/2314
f 2404/2496/2342 2403/2495/2341 2402/2494/161
f 2403/2495/2341 2404/2496/2342 2367/2459/2309
f 2401/2493/2340 2404/2496/2342 2402/2494/161
f 2360/2452/2302 2367/2459/2309 2404/2496/2342
f 2358/2450/2301 2360/2452/2302 2404/2496/2342
f 2405/2497/2343 2404/2496/2342 2401/2493/2340
f 2358/2450/2301 2404/2496/2342 2405/2497/2343
f 2401/2493/2340 2399/2491/2338 2405/2497/2343
f 2357/2449/2300 2358/2450/2301 2405/2497/2343
f 2357/2449/2300 2405/2497/2343 2406/2498/2344
f 2406/2498/2344 2353/2445/2297 2357/2449/2300
f 2399/2491/2338 2407/2499/2345 2405/2497/2343
f 2406/2498/2344 2405/2497/2343 2407/2499/2345
f 2407/2499/2345 2399/2491/2338 2408/2500/2346
f 2397/2489/2336 2408/2500/2346 2399/2491/2338
f 2397/2489/2336 2393/2485/2229 2408/2500/2346
f 2406/2498/2344 2407/2499/2345 2409/2501/2347
f 2408/2500/2346 2393/2485/2229 2410/2502/2348
f 2393/2485/2229 2391/2483/2331 2410/2502/2348
f 2408/2500/2346 2411/2503/2349 2407/2499/2345
f 2409/2501/2347 2407/2499/2345 2411/2503/2349
f 2408/2500/2346 2410/2502/2348 2411/2503/2349
f 2412/2504/2350 2406/2498/2344 2409/2501/2347
f 2411/2503/2349 2412/2504/2350 2409/2501/2347
f 2353/2445/2297 2406/2498/2344 2413/2505/2351
f 2413/2505/2351 2406/2498/2344 2412/2504/2350
f 2413/2505/2351 2294/2374/2240 2353/2445/2297
f 2412/2504/2350 2411/2503/2349 2414/2506/2352
f 2294/2374/2240 2413/2505/2351 2415/2507/2353
f 2412/2504/2350 2416/2508/2354 2413/2505/2351
f 2416/2508/2354 2415/2507/2353 2413/2505/2351
f 2412/2504/2350 2417/2509/2355 2416/2508/2354
f 2417/2509/2355 2415/2507/2353 2416/2508/2354
f 2417/2509/2355 2412/2504/2350 2414/2506/2352
f 2294/2374/2240 2415/2507/2353 2418/2510/2356
f 2292/2372/2238 2294/2374/2240 2418/2510/2356
f 2418/2510/2356 2290/2370/2236 2292/2372/2238
f 2419/2511/2357 2418/2510/2356 2415/2507/2353
f 2415/2507/2353 2417/2509/2355 2419/2511/2357
f 2290/2370/2236 2418/2510/2356 2420/2512/2358
f 2418/2510/2356 2419/2511/2357 2420/2512/2358
f 2420/2512/2358 2421/2513/2359 2290/2370/2236
f 2290/2370/2236 2421/2513/2359 2288/2368/2234
f 2419/2511/2357 2422/2514/2348 2420/2512/2358
f 2420/2512/2358 2422/2514/2348 2421/2513/2359
f 2417/2509/2355 2422/2514/2348 2419/2511/2357
f 2421/2513/2359 2423/2515/2360 2288/2368/2234
f 2288/2368/2234 2423/2515/2360 2285/2365/2231
f 2422/2514/2348 2424/2516/2361 2421/2513/2359
f 2421/2513/2359 2424/2516/2361 2423/2515/2360
f 2422/2514/2348 2417/2509/2355 2425/2517/2229
f 2425/2517/2229 2424/2516/2361 2422/2514/2348
f 2417/2509/2355 2426/2518/2234 2425/2517/2229
f 2414/2506/2352 2426/2518/2234 2417/2509/2355
f 2424/2516/2361 2425/2517/2229 2427/2519/2362
f 2414/2506/2352 2428/2520/2359 2426/2518/2234
f 2411/2503/2349 2428/2520/2359 2414/2506/2352
f 2411/2503/2349 2410/2502/2348 2428/2520/2359
f 2426/2518/2234 2429/2521/2363 2425/2517/2229
f 2425/2517/2229 2429/2521/2363 2427/2519/2362
f 2410/2502/2348 2430/2522/2364 2428/2520/2359
f 2410/2502/2348 2391/2483/2331 2430/2522/2364
f 2391/2483/2331 2394/2486/2333 2430/2522/2364
f 2428/2520/2359 2431/2523/2365 2426/2518/2234
f 2428/2520/2359 2430/2522/2364 2431/2523/2365
f 2426/2518/2234 2431/2523/2365 2429/2521/2363
f 2394/2486/2333 2431/2523/2365 2430/2522/2364
f 2431/2523/2365 2394/2486/2333 2432/2524/2366
f 2394/2486/2333 2396/2488/2335 2432/2524/2366
f 2429/2521/2363 2431/2523/2365 2433/2525/2367
f 2432/2524/2366 2433/2525/2367 2431/2523/2365
f 2433/2525/2367 2432/2524/2366 2396/2488/2335
f 2433/2525/2367 2427/2519/2362 2429/2521/2363
f 2434/2526/2368 2433/2525/2367 2396/2488/2335
f 2427/2519/2362 2433/2525/2367 2435/2527/2328
f 2435/2527/2328 2433/2525/2367 2434/2526/2368
f 2436/2528/2369 2427/2519/2362 2435/2527/2328
f 2436/2528/2369 2435/2527/2328 2434/2526/2368
f 2427/2519/2362 2436/2528/2369 2424/2516/2361
f 2423/2515/2360 2424/2516/2361 2436/2528/2369
f 2434/2526/2368 2396/2488/2335 2437/2529/2370
f 2384/2476/2324 2437/2529/2370 2396/2488/2335
f 2384/2476/2324 2162/2242/2095 2437/2529/2370
f 2423/2515/2360 2436/2528/2369 2438/2530/2371
f 2438/2530/2371 2285/2365/2231 2423/2515/2360
f 2439/2531/2372 2436/2528/2369 2434/2526/2368
f 2436/2528/2369 2439/2531/2372 2438/2530/2371
f 2439/2531/2372 2434/2526/2368 2437/2529/2370
f 2285/2365/2231 2438/2530/2371 2440/2532/2373
f 2440/2532/2373 2438/2530/2371 2439/2531/2372
f 2440/2532/2373 2284/2364/2230 2285/2365/2231
f 2284/2364/2230 2440/2532/2373 2287/2367/2233
f 2287/2367/2233 2440/2532/2373 2439/2531/2372
f 2439/2531/2372 2437/2529/2370 2441/2533/2374
f 2287/2367/2233 2439/2531/2372 2441/2533/2374
f 2162/2242/2095 2441/2533/2374 2437/2529/2370
f 2441/2533/2374 2162/2242/2095 2166/2246/2101
f 2287/2367/2233 2441/2533/2374 2442/2534/2375
f 2166/2246/2101 2442/2534/2375 2441/2533/2374
f 2272/2352/2218 2287/2367/2233 2442/2534/2375
f 2442/2534/2375 2166/2246/2101 2170/2250/2095
f 2272/2352/2218 2442/2534/2375 2218/2298/2097
f 2170/2250/2095 2218/2298/2097 2442/2534/2375
f 1510/2535/1470 2443/2536/2376 85/2537/67
f 344/2538/325 85/2537/67 2443/2536/2376
f 1510/2535/1470 1511/2539/1471 2443/2536/2376
f 2443/2536/2376 2444/2540/2377 344/2538/325
f 348/2541/329 344/2538/325 2444/2540/2377
f 2443/2536/2376 1511/2539/1471 2445/2542/2378
f 2443/2536/2376 2445/2542/2378 2444/2540/2377
f 2445/2542/2378 1511/2539/1471 2446/2543/2379
f 1515/2544/1475 2446/2543/2379 1511/2539/1471
f 2444/2540/2377 2445/2542/2378 2447/2545/2380
f 2447/2545/2380 2445/2542/2378 2446/2543/2379
f 2444/2540/2377 2448/2546/2381 348/2541/329
f 2444/2540/2377 2447/2545/2380 2448/2546/2381
f 349/2547/330 348/2541/329 2448/2546/2381
f 2446/2543/2379 1515/2544/1475 2449/2548/2382
f 1519/2549/1479 2449/2548/2382 1515/2544/1475
f 2448/2546/2381 2450/2550/2383 349/2547/330
f 349/2547/330 2450/2550/2383 351/2551/332
f 2450/2550/2383 2448/2546/2381 2451/2552/2384
f 2448/2546/2381 2447/2545/2380 2451/2552/2384
f 2452/2553/2385 351/2551/332 2450/2550/2383
f 351/2551/332 2452/2553/2385 352/2554/333
f 2452/2553/2385 355/2555/336 352/2554/333
f 2450/2550/2383 2451/2552/2384 2453/2556/2386
f 2452/2553/2385 2450/2550/2383 2453/2556/2386
f 355/2555/336 2452/2553/2385 2454/2557/2387
f 2454/2557/2387 356/2558/337 355/2555/336
f 2452/2553/2385 2453/2556/2386 2455/2559/2388
f 2454/2557/2387 2452/2553/2385 2455/2559/2388
f 2453/2556/2386 2451/2552/2384 2456/2560/2389
f 2451/2552/2384 2447/2545/2380 2456/2560/2389
f 356/2558/337 2454/2557/2387 2457/2561/2390
f 2457/2561/2390 362/2562/343 356/2558/337
f 2458/2563/2391 2456/2560/2389 2447/2545/2380
f 2446/2543/2379 2458/2563/2391 2447/2545/2380
f 2449/2548/2382 2458/2563/2391 2446/2543/2379
f 2459/2564/2392 2456/2560/2389 2458/2563/2391
f 2458/2563/2391 2449/2548/2382 2459/2564/2392
f 2456/2560/2389 2460/2565/2393 2453/2556/2386
f 2455/2559/2388 2453/2556/2386 2460/2565/2393
f 2456/2560/2389 2459/2564/2392 2461/2566/2394
f 2461/2566/2394 2460/2565/2393 2456/2560/2389
f 2459/2564/2392 2449/2548/2382 2462/2567/2395
f 2461/2566/2394 2459/2564/2392 2463/2568/2396
f 2462/2567/2395 2463/2568/2396 2459/2564/2392
f 2460/2565/2393 2461/2566/2394 2464/2569/2397
f 2465/2570/2398 2462/2567/2395 2449/2548/2382
f 2449/2548/2382 1519/2549/1479 2465/2570/2398
f 1532/2571/1492 2465/2570/2398 1519/2549/1479
f 1533/2572/1493 2465/2570/2398 1532/2571/1492
f 2465/2570/2398 2466/2573/2399 2462/2567/2395
f 2465/2570/2398 1533/2572/1493 2466/2573/2399
f 2462/2567/2395 2467/2574/2400 2463/2568/2396
f 2462/2567/2395 2466/2573/2399 2467/2574/2400
f 2461/2566/2394 2463/2568/2396 2468/2575/2401
f 2464/2569/2397 2461/2566/2394 2468/2575/2401
f 2469/2576/2402 2468/2575/2401 2463/2568/2396
f 2463/2568/2396 2467/2574/2400 2469/2576/2402
f 2464/2569/2397 2468/2575/2401 2470/2577/2403
f 2468/2575/2401 2469/2576/2402 2471/2578/2404
f 2470/2577/2403 2468/2575/2401 2471/2578/2404
f 2472/2579/2405 2464/2569/2397 2470/2577/2403
f 2460/2565/2393 2464/2569/2397 2472/2579/2405
f 2470/2577/2403 2471/2578/2404 2473/2580/2406
f 2474/2581/2407 2460/2565/2393 2472/2579/2405
f 2460/2565/2393 2474/2581/2407 2455/2559/2388
f 2475/2582/2408 2472/2579/2405 2470/2577/2403
f 2473/2580/2406 2475/2582/2408 2470/2577/2403
f 2474/2581/2407 2472/2579/2405 2476/2583/2409
f 2476/2583/2409 2472/2579/2405 2475/2582/2408
f 2477/2584/2410 2455/2559/2388 2474/2581/2407
f 2454/2557/2387 2455/2559/2388 2477/2584/2410
f 2457/2561/2390 2454/2557/2387 2477/2584/2410
f 2474/2581/2407 2478/2585/2411 2477/2584/2410
f 2478/2585/2411 2474/2581/2407 2476/2583/2409
f 2457/2561/2390 2477/2584/2410 2479/2586/2412
f 2478/2585/2411 2479/2586/2412 2477/2584/2410
f 2480/2587/2413 2457/2561/2390 2479/2586/2412
f 2479/2586/2412 2478/2585/2411 2481/2588/2414
f 2481/2588/2414 2480/2587/2413 2479/2586/2412
f 2478/2585/2411 2476/2583/2409 2482/2589/2415
f 2481/2588/2414 2478/2585/2411 2482/2589/2415
f 2457/2561/2390 2480/2587/2413 2483/2590/2416
f 362/2562/343 2457/2561/2390 2483/2590/2416
f 2483/2590/2416 363/2591/344 362/2562/343
f 2480/2587/2413 2481/2588/2414 2484/2592/2417
f 2482/2589/2415 2484/2592/2417 2481/2588/2414
f 2485/2593/2418 2483/2590/2416 2480/2587/2413
f 2484/2592/2417 2485/2593/2418 2480/2587/2413
f 2483/2590/2416 2486/2594/2419 363/2591/344
f 2483/2590/2416 2485/2593/2418 2486/2594/2419
f 2486/2594/2419 365/2595/346 363/2591/344
f 2486/2594/2419 2487/2596/2420 365/2595/346
f 2487/2596/2420 369/2597/350 365/2595/346
f 2488/2598/2421 2486/2594/2419 2485/2593/2418
f 2486/2594/2419 2488/2598/2421 2487/2596/2420
f 2487/2596/2420 2489/2599/2422 369/2597/350
f 369/2597/350 2489/2599/2422 370/2600/351
f 2489/2599/2422 373/2601/354 370/2600/351
f 2490/2602/2423 2487/2596/2420 2488/2598/2421
f 2487/2596/2420 2490/2602/2423 2489/2599/2422
f 2491/2603/2424 2488/2598/2421 2485/2593/2418
f 2485/2593/2418 2484/2592/2417 2491/2603/2424
f 2492/2604/2425 2490/2602/2423 2488/2598/2421
f 2488/2598/2421 2491/2603/2424 2492/2604/2425
f 2493/2605/2426 2489/2599/2422 2490/2602/2423
f 373/2601/354 2489/2599/2422 2494/2606/2427
f 2489/2599/2422 2493/2605/2426 2494/2606/2427
f 2494/2606/2427 2495/2607/2428 373/2601/354
f 377/2608/358 373/2601/354 2495/2607/2428
f 2496/2609/2429 2494/2606/2427 2493/2605/2426
f 2494/2606/2427 2496/2609/2429 2495/2607/2428
f 2497/2610/2430 377/2608/358 2495/2607/2428
f 585/2611/565 377/2608/358 2497/2610/2430
f 2498/2612/2431 2495/2607/2428 2496/2609/2429
f 2495/2607/2428 2498/2612/2431 2497/2610/2430
f 2499/2613/2432 585/2611/565 2497/2610/2430
f 582/2614/562 585/2611/565 2499/2613/2432
f 2500/2615/2433 2497/2610/2430 2498/2612/2431
f 2497/2610/2430 2500/2615/2433 2499/2613/2432
f 2498/2612/2431 2496/2609/2429 2501/2616/2434
f 2496/2609/2429 2493/2605/2426 2501/2616/2434
f 2502/2617/2435 2500/2615/2433 2498/2612/2431
f 2501/2616/2434 2502/2617/2435 2498/2612/2431
f 2503/2618/2436 582/2614/562 2499/2613/2432
f 582/2614/562 2503/2618/2436 581/2619/561
f 2503/2618/2436 538/2620/518 581/2619/561
f 2504/2621/2437 2499/2613/2432 2500/2615/2433
f 2499/2613/2432 2504/2621/2437 2503/2618/2436
f 538/2620/518 2503/2618/2436 2505/2622/2438
f 2505/2622/2438 537/2623/517 538/2620/518
f 2503/2618/2436 2504/2621/2437 2506/2624/2439
f 2505/2622/2438 2503/2618/2436 2506/2624/2439
f 2504/2621/2437 2500/2615/2433 2507/2625/2440
f 2500/2615/2433 2502/2617/2435 2507/2625/2440
f 2504/2621/2437 2507/2625/2440 2508/2626/2441
f 2508/2626/2441 2509/2627/2442 2504/2621/2437
f 2504/2621/2437 2509/2627/2442 2506/2624/2439
f 2508/2626/2441 2507/2625/2440 2510/2628/2443
f 2509/2627/2442 2508/2626/2441 2510/2628/2443
f 2505/2622/2438 2506/2624/2439 2511/2629/2444
f 2509/2627/2442 2512/2630/2445 2506/2624/2439
f 2506/2624/2439 2512/2630/2445 2511/2629/2444
f 2513/2631/2446 2505/2622/2438 2511/2629/2444
f 2513/2631/2446 2511/2629/2444 2512/2630/2445
f 2514/2632/2447 2505/2622/2438 2513/2631/2446
f 537/2623/517 2505/2622/2438 2514/2632/2447
f 2515/2633/2448 537/2623/517 2514/2632/2447
f 537/2623/517 2515/2633/2448 533/2634/513
f 2514/2632/2447 2513/2631/2446 2516/2635/2449
f 2516/2635/2449 2515/2633/2448 2514/2632/2447
f 2517/2636/2450 533/2634/513 2515/2633/2448
f 533/2634/513 2517/2636/2450 532/2637/512
f 2515/2633/2448 2516/2635/2449 2518/2638/2451
f 2518/2638/2451 2517/2636/2450 2515/2633/2448
f 2516/2635/2449 2513/2631/2446 2519/2639/2452
f 2512/2630/2445 2519/2639/2452 2513/2631/2446
f 2518/2638/2451 2516/2635/2449 2520/2640/2453
f 2519/2639/2452 2520/2640/2453 2516/2635/2449
f 2517/2636/2450 2518/2638/2451 2521/2641/2454
f 2522/2642/2455 532/2637/512 2517/2636/2450
f 2521/2641/2454 2522/2642/2455 2517/2636/2450
f 532/2637/512 2522/2642/2455 529/2643/509
f 528/2644/508 529/2643/509 2522/2642/2455
f 528/2644/508 2522/2642/2455 939/2645/909
f 2523/2646/2456 939/2645/909 2522/2642/2455
f 2522/2642/2455 2521/2641/2454 2523/2646/2456
f 939/2645/909 2523/2646/2456 941/2647/911
f 2523/2646/2456 2524/2648/2457 941/2647/911
f 943/2649/913 941/2647/911 2524/2648/2457
f 950/2650/920 943/2649/913 2524/2648/2457
f 2524/2648/2457 2523/2646/2456 2525/2651/2458
f 2525/2651/2458 950/2650/920 2524/2648/2457
f 2521/2641/2454 2525/2651/2458 2523/2646/2456
f 950/2650/920 2525/2651/2458 955/2652/924
f 2526/2653/2459 955/2652/924 2525/2651/2458
f 2525/2651/2458 2521/2641/2454 2526/2653/2459
f 955/2652/924 2526/2653/2459 957/2654/926
f 2521/2641/2454 2518/2638/2451 2527/2655/2460
f 2521/2641/2454 2527/2655/2460 2526/2653/2459
f 2520/2640/2453 2527/2655/2460 2518/2638/2451
f 2528/2656/2461 2526/2653/2459 2527/2655/2460
f 2529/2657/2462 2527/2655/2460 2520/2640/2453
f 2528/2656/2461 2527/2655/2460 2529/2657/2462
f 2529/2657/2462 2520/2640/2453 2530/2658/2463
f 2530/2658/2463 2520/2640/2453 2519/2639/2452
f 2529/2657/2462 2531/2659/2464 2528/2656/2461
f 2530/2658/2463 2532/2660/2465 2529/2657/2462
f 2531/2659/2464 2529/2657/2462 2532/2660/2465
f 2530/2658/2463 2519/2639/2452 2533/2661/2466
f 2532/2660/2465 2530/2658/2463 2533/2661/2466
f 2526/2653/2459 2528/2656/2461 2534/2662/2467
f 2531/2659/2464 2534/2662/2467 2528/2656/2461
f 2535/2663/2468 2526/2653/2459 2534/2662/2467
f 957/2654/926 2526/2653/2459 2535/2663/2468
f 2534/2662/2467 2531/2659/2464 2536/2664/2469
f 2536/2664/2469 2535/2663/2468 2534/2662/2467
f 2531/2659/2464 2532/2660/2465 2537/2665/2470
f 2536/2664/2469 2531/2659/2464 2538/2666/2471
f 2538/2666/2471 2531/2659/2464 2537/2665/2470
f 2535/2663/2468 2536/2664/2469 2539/2667/2472
f 2537/2665/2470 2532/2660/2465 2540/2668/2473
f 2532/2660/2465 2533/2661/2466 2540/2668/2473
f 2539/2667/2472 2541/2669/2474 2535/2663/2468
f 957/2654/926 2535/2663/2468 2541/2669/2474
f 2542/2670/2475 2539/2667/2472 2536/2664/2469
f 2538/2666/2471 2542/2670/2475 2536/2664/2469
f 2541/2669/2474 2539/2667/2472 2543/2671/2476
f 2544/2672/2477 957/2654/926 2541/2669/2474
f 2543/2671/2476 2544/2672/2477 2541/2669/2474
f 957/2654/926 2544/2672/2477 2545/2673/2478
f 2545/2673/2478 958/2674/927 957/2654/926
f 2546/2675/2479 2543/2671/2476 2539/2667/2472
f 2542/2670/2475 2546/2675/2479 2539/2667/2472
f 958/2674/927 2545/2673/2478 2547/2676/2480
f 958/2674/927 2547/2676/2480 961/2677/930
f 2548/2678/2481 2545/2673/2478 2544/2672/2477
f 2545/2673/2478 2548/2678/2481 2547/2676/2480
f 2544/2672/2477 2543/2671/2476 2549/2679/2482
f 2549/2679/2482 2548/2678/2481 2544/2672/2477
f 2543/2671/2476 2550/2680/2483 2549/2679/2482
f 2543/2671/2476 2546/2675/2479 2550/2680/2483
f 2548/2678/2481 2549/2679/2482 2551/2681/2484
f 2550/2680/2483 2551/2681/2484 2549/2679/2482
f 2552/2682/2485 2547/2676/2480 2548/2678/2481
f 2553/2683/2486 2548/2678/2481 2551/2681/2484
f 2548/2678/2481 2553/2683/2486 2552/2682/2485
f 2551/2681/2484 2550/2680/2483 2554/2684/2487
f 2554/2684/2487 2553/2683/2486 2551/2681/2484
f 2555/2685/2488 2547/2676/2480 2552/2682/2485
f 2555/2685/2488 961/2677/930 2547/2676/2480
f 2552/2682/2485 2553/2683/2486 2556/2686/2489
f 2555/2685/2488 2557/2687/2490 961/2677/930
f 2552/2682/2485 2558/2688/2491 2555/2685/2488
f 2552/2682/2485 2556/2686/2489 2558/2688/2491
f 2558/2688/2491 2557/2687/2490 2555/2685/2488
f 962/2689/931 961/2677/930 2557/2687/2490
f 2553/2683/2486 2554/2684/2487 2559/2690/2492
f 2559/2690/2492 2556/2686/2489 2553/2683/2486
f 2557/2687/2490 2560/2691/2493 962/2689/931
f 964/2692/933 962/2689/931 2560/2691/2493
f 2561/2693/2494 2559/2690/2492 2554/2684/2487
f 2550/2680/2483 2561/2693/2494 2554/2684/2487
f 2560/2691/2493 2562/2694/2495 964/2692/933
f 964/2692/933 2562/2694/2495 968/2695/937
f 2561/2693/2494 2550/2680/2483 2563/2696/2496
f 2562/2694/2495 2564/2697/2497 968/2695/937
f 2550/2680/2483 2565/2698/2498 2563/2696/2496
f 2565/2698/2498 2550/2680/2483 2546/2675/2479
f 2542/2670/2475 2565/2698/2498 2546/2675/2479
f 968/2695/937 2564/2697/2497 2566/2699/2499
f 2566/2699/2499 969/2700/938 968/2695/937
f 2565/2698/2498 2542/2670/2475 2567/2701/2500
f 2568/2702/2501 969/2700/938 2566/2699/2499
f 2542/2670/2475 2569/2703/2502 2567/2701/2500
f 2569/2703/2502 2542/2670/2475 2538/2666/2471
f 2570/2704/2503 2565/2698/2498 2567/2701/2500
f 2570/2704/2503 2567/2701/2500 2569/2703/2502
f 2571/2705/2504 2563/2696/2496 2565/2698/2498
f 2565/2698/2498 2570/2704/2503 2571/2705/2504
f 2571/2705/2504 2561/2693/2494 2563/2696/2496
f 2569/2703/2502 2538/2666/2471 2572/2706/2505
f 2538/2666/2471 2537/2665/2470 2572/2706/2505
f 2570/2704/2503 2569/2703/2502 2573/2707/2506
f 2572/2706/2505 2537/2665/2470 2574/2708/2473
f 2537/2665/2470 2540/2668/2473 2574/2708/2473
f 2569/2703/2502 2572/2706/2505 2575/2709/2507
f 2573/2707/2506 2569/2703/2502 2575/2709/2507
f 2575/2709/2507 2572/2706/2505 2576/2710/2508
f 2574/2708/2473 2576/2710/2508 2572/2706/2505
f 2577/2711/2509 2573/2707/2506 2575/2709/2507
f 2577/2711/2509 2570/2704/2503 2573/2707/2506
f 2575/2709/2507 2576/2710/2508 2578/2712/2510
f 2577/2711/2509 2575/2709/2507 2578/2712/2510
f 2570/2704/2503 2577/2711/2509 2579/2713/2511
f 2571/2705/2504 2570/2704/2503 2579/2713/2511
f 2580/2714/2512 2577/2711/2509 2578/2712/2510
f 2580/2714/2512 2579/2713/2511 2577/2711/2509
f 2578/2712/2510 2576/2710/2508 2581/2715/2513
f 2580/2714/2512 2578/2712/2510 2582/2716/2514
f 2578/2712/2510 2581/2715/2513 2582/2716/2514
f 2583/2717/2515 2579/2713/2511 2580/2714/2512
f 2576/2710/2508 2584/2718/2508 2581/2715/2513
f 2576/2710/2508 2574/2708/2473 2584/2718/2508
f 2585/2719/2516 2579/2713/2511 2583/2717/2515
f 2579/2713/2511 2585/2719/2516 2571/2705/2504
f 2586/2720/2517 2583/2717/2515 2580/2714/2512
f 2586/2720/2517 2580/2714/2512 2582/2716/2514
f 2583/2717/2515 2587/2721/2518 2585/2719/2516
f 2583/2717/2515 2586/2720/2517 2588/2722/2519
f 2587/2721/2518 2583/2717/2515 2588/2722/2519
f 2586/2720/2517 2582/2716/2514 2589/2723/2520
f 2590/2724/2521 2588/2722/2519 2586/2720/2517
f 2586/2720/2517 2589/2723/2520 2590/2724/2521
f 2582/2716/2514 2591/2725/2522 2589/2723/2520
f 2582/2716/2514 2581/2715/2513 2591/2725/2522
f 2592/2726/2523 2590/2724/2521 2589/2723/2520
f 2589/2723/2520 2591/2725/2522 2592/2726/2523
f 2593/2727/2524 2588/2722/2519 2590/2724/2521
f 2581/2715/2513 2594/2728/2525 2591/2725/2522
f 2581/2715/2513 2584/2718/2508 2594/2728/2525
f 2588/2722/2519 2593/2727/2524 2595/2729/2526
f 2588/2722/2519 2595/2729/2526 2587/2721/2518
f 2596/2730/2527 2593/2727/2524 2590/2724/2521
f 2590/2724/2521 2592/2726/2523 2596/2730/2527
f 2593/2727/2524 2597/2731/2528 2595/2729/2526
f 2598/2732/2529 2587/2721/2518 2595/2729/2526
f 2595/2729/2526 2597/2731/2528 2598/2732/2529
f 2587/2721/2518 2598/2732/2529 2599/2733/2530
f 2587/2721/2518 2599/2733/2530 2585/2719/2516
f 2598/2732/2529 2597/2731/2528 2600/2734/2531
f 2599/2733/2530 2598/2732/2529 2600/2734/2531
f 2601/2735/2532 2597/2731/2528 2593/2727/2524
f 2593/2727/2524 2596/2730/2527 2601/2735/2532
f 2602/2736/2533 2585/2719/2516 2599/2733/2530
f 2602/2736/2533 2571/2705/2504 2585/2719/2516
f 2603/2737/2534 2602/2736/2533 2599/2733/2530
f 2599/2733/2530 2600/2734/2531 2603/2737/2534
f 2571/2705/2504 2602/2736/2533 2604/2738/2535
f 2571/2705/2504 2604/2738/2535 2561/2693/2494
f 2602/2736/2533 2603/2737/2534 2605/2739/2536
f 2604/2738/2535 2602/2736/2533 2605/2739/2536
f 2561/2693/2494 2604/2738/2535 2606/2740/2537
f 2559/2690/2492 2561/2693/2494 2606/2740/2537
f 2604/2738/2535 2605/2739/2536 2607/2741/2538
f 2604/2738/2535 2608/2742/2539 2606/2740/2537
f 2608/2742/2539 2604/2738/2535 2607/2741/2538
f 2608/2742/2539 2559/2690/2492 2606/2740/2537
f 2605/2739/2536 2609/2743/2540 2607/2741/2538
f 2609/2743/2540 2608/2742/2539 2607/2741/2538
f 2605/2739/2536 2603/2737/2534 2610/2744/2541
f 2609/2743/2540 2605/2739/2536 2610/2744/2541
f 2559/2690/2492 2608/2742/2539 2611/2745/2542
f 2556/2686/2489 2559/2690/2492 2611/2745/2542
f 2609/2743/2540 2612/2746/2543 2608/2742/2539
f 2613/2747/2544 2556/2686/2489 2611/2745/2542
f 2613/2747/2544 2558/2688/2491 2556/2686/2489
f 2611/2745/2542 2608/2742/2539 2614/2748/2545
f 2613/2747/2544 2611/2745/2542 2614/2748/2545
f 2614/2748/2545 2608/2742/2539 2612/2746/2543
f 2558/2688/2491 2613/2747/2544 2615/2749/2546
f 2557/2687/2490 2558/2688/2491 2615/2749/2546
f 2614/2748/2545 2616/2750/2547 2613/2747/2544
f 2615/2749/2546 2613/2747/2544 2616/2750/2547
f 2612/2746/2543 2617/2751/2548 2614/2748/2545
f 2614/2748/2545 2617/2751/2548 2616/2750/2547
f 2615/2749/2546 2616/2750/2547 2618/2752/2549
f 2618/2752/2549 2557/2687/2490 2615/2749/2546
f 2618/2752/2549 2616/2750/2547 2619/2753/2550
f 2619/2753/2550 2616/2750/2547 2617/2751/2548
f 2620/2754/2551 2557/2687/2490 2618/2752/2549
f 2618/2752/2549 2619/2753/2550 2620/2754/2551
f 2557/2687/2490 2620/2754/2551 2621/2755/2552
f 2557/2687/2490 2621/2755/2552 2560/2691/2493
f 2620/2754/2551 2619/2753/2550 2622/2756/2553
f 2620/2754/2551 2622/2756/2553 2621/2755/2552
f 2623/2757/2554 2560/2691/2493 2621/2755/2552
f 2623/2757/2554 2621/2755/2552 2622/2756/2553
f 2560/2691/2493 2623/2757/2554 2562/2694/2495
f 2623/2757/2554 2624/2758/2555 2562/2694/2495
f 2562/2694/2495 2624/2758/2555 2564/2697/2497
f 2624/2758/2555 2623/2757/2554 2625/2759/2556
f 2622/2756/2553 2625/2759/2556 2623/2757/2554
f 2624/2758/2555 2626/2760/2557 2564/2697/2497
f 2566/2699/2499 2564/2697/2497 2626/2760/2557
f 2625/2759/2556 2627/2761/2558 2624/2758/2555
f 2627/2761/2558 2626/2760/2557 2624/2758/2555
f 2566/2699/2499 2626/2760/2557 2628/2762/2559
f 2628/2762/2559 2568/2702/2501 2566/2699/2499
f 2627/2761/2558 2629/2763/2560 2626/2760/2557
f 2630/2764/2561 2628/2762/2559 2626/2760/2557
f 2629/2763/2560 2630/2764/2561 2626/2760/2557
f 2625/2759/2556 2631/2765/2562 2627/2761/2558
f 2631/2765/2562 2629/2763/2560 2627/2761/2558
f 2632/2766/2563 2631/2765/2562 2625/2759/2556
f 2622/2756/2553 2632/2766/2563 2625/2759/2556
f 2629/2763/2560 2631/2765/2562 2633/2767/2564
f 2631/2765/2562 2632/2766/2563 2634/2768/2565
f 2634/2768/2565 2633/2767/2564 2631/2765/2562
f 2635/2769/2566 2632/2766/2563 2622/2756/2553
f 2636/2770/2567 2634/2768/2565 2632/2766/2563
f 2632/2766/2563 2635/2769/2566 2636/2770/2567
f 2633/2767/2564 2634/2768/2565 2637/2771/2568
f 2636/2770/2567 2637/2771/2568 2634/2768/2565
f 2635/2769/2566 2622/2756/2553 2638/2772/2569
f 2639/2773/2570 2636/2770/2567 2635/2769/2566
f 2638/2772/2569 2639/2773/2570 2635/2769/2566
f 2638/2772/2569 2622/2756/2553 2640/2774/2571
f 2622/2756/2553 2619/2753/2550 2640/2774/2571
f 2640/2774/2571 2619/2753/2550 2617/2751/2548
f 2641/2775/2572 2639/2773/2570 2638/2772/2569
f 2640/2774/2571 2641/2775/2572 2638/2772/2569
f 2639/2773/2570 2641/2775/2572 2642/2776/2573
f 2642/2776/2573 2643/2777/2574 2639/2773/2570
f 2641/2775/2572 2643/2777/2574 2642/2776/2573
f 2643/2777/2574 2636/2770/2567 2639/2773/2570
f 2640/2774/2571 2617/2751/2548 2644/2778/2575
f 2617/2751/2548 2612/2746/2543 2644/2778/2575
f 2636/2770/2567 2643/2777/2574 2645/2779/2576
f 2645/2779/2576 2637/2771/2568 2636/2770/2567
f 2646/2780/2577 2644/2778/2575 2612/2746/2543
f 2612/2746/2543 2609/2743/2540 2646/2780/2577
f 2610/2744/2541 2646/2780/2577 2609/2743/2540
f 2645/2779/2576 2647/2781/2526 2637/2771/2568
f 2646/2780/2577 2610/2744/2541 2648/2782/2578
f 2647/2781/2526 2645/2779/2576 2649/2783/2579
f 2643/2777/2574 2649/2783/2579 2645/2779/2576
f 2650/2784/2580 2637/2771/2568 2647/2781/2526
f 2637/2771/2568 2650/2784/2580 2633/2767/2564
f 2643/2777/2574 2651/2785/2581 2649/2783/2579
f 2643/2777/2574 2641/2775/2572 2651/2785/2581
f 2650/2784/2580 2652/2786/2582 2633/2767/2564
f 2651/2785/2581 2641/2775/2572 2653/2787/2583
f 2641/2775/2572 2640/2774/2571 2653/2787/2583
f 2633/2767/2564 2652/2786/2582 2654/2788/2584
f 2633/2767/2564 2654/2788/2584 2629/2763/2560
f 2653/2787/2583 2640/2774/2571 2655/2789/2585
f 2655/2789/2585 2640/2774/2571 2644/2778/2575
f 2654/2788/2584 2656/2790/2586 2629/2763/2560
f 2630/2764/2561 2629/2763/2560 2656/2790/2586
f 2652/2786/2582 2657/2791/2587 2654/2788/2584
f 2657/2791/2587 2656/2790/2586 2654/2788/2584
f 2656/2790/2586 2658/2792/2588 2630/2764/2561
f 2628/2762/2559 2630/2764/2561 2658/2792/2588
f 2657/2791/2587 2659/2793/2589 2656/2790/2586
f 2658/2792/2588 2660/2794/2590 2628/2762/2559
f 2568/2702/2501 2628/2762/2559 2660/2794/2590
f 2658/2792/2588 2656/2790/2586 2661/2795/2591
f 2659/2793/2589 2661/2795/2591 2656/2790/2586
f 2660/2794/2590 2662/2796/2592 2568/2702/2501
f 2662/2796/2592 969/2700/938 2568/2702/2501
f 2661/2795/2591 2659/2793/2589 2663/2797/2593
f 2664/2798/2594 969/2700/938 2662/2796/2592
f 969/2700/938 2664/2798/2594 971/2799/940
f 2665/2800/2595 2658/2792/2588 2661/2795/2591
f 2663/2797/2593 2665/2800/2595 2661/2795/2591
f 2666/2801/2596 2660/2794/2590 2658/2792/2588
f 2658/2792/2588 2665/2800/2595 2666/2801/2596
f 2662/2796/2592 2660/2794/2590 2667/2802/2597
f 2660/2794/2590 2666/2801/2596 2667/2802/2597
f 2667/2802/2597 2668/2803/753 2662/2796/2592
f 2664/2798/2594 2662/2796/2592 2668/2803/753
f 2667/2802/2597 2666/2801/2596 2669/2804/2598
f 2669/2804/2598 2668/2803/753 2667/2802/2597
f 2670/2805/2599 2666/2801/2596 2665/2800/2595
f 2666/2801/2596 2670/2805/2599 2669/2804/2598
f 2671/2806/2600 2670/2805/2599 2665/2800/2595
f 2665/2800/2595 2663/2797/2593 2671/2806/2600
f 2670/2805/2599 2672/2807/2601 2669/2804/2598
f 2668/2803/753 2669/2804/2598 2673/2808/2602
f 2673/2808/2602 2669/2804/2598 2672/2807/2601
f 2674/2809/2603 2664/2798/2594 2668/2803/753
f 2673/2808/2602 2674/2809/2603 2668/2803/753
f 2664/2798/2594 2674/2809/2603 2675/2810/2604
f 2664/2798/2594 2675/2810/2604 971/2799/940
f 2674/2809/2603 2673/2808/2602 2676/2811/2605
f 971/2799/940 2675/2810/2604 2677/2812/2606
f 2675/2810/2604 2674/2809/2603 2678/2813/2607
f 2675/2810/2604 2678/2813/2607 2677/2812/2606
f 2676/2811/2605 2678/2813/2607 2674/2809/2603
f 971/2799/940 2677/2812/2606 974/2814/943
f 2679/2815/2608 2676/2811/2605 2673/2808/2602
f 2672/2807/2601 2679/2815/2608 2673/2808/2602
f 974/2814/943 2677/2812/2606 2680/2816/2609
f 2681/2817/2610 2679/2815/2608 2672/2807/2601
f 974/2814/943 2680/2816/2609 2682/2818/2611
f 974/2814/943 2682/2818/2611 1438/2819/1398
f 2677/2812/2606 2683/2820/2612 2680/2816/2609
f 2678/2813/2607 2683/2820/2612 2677/2812/2606
f 2684/2821/2613 2682/2818/2611 2680/2816/2609
f 2683/2820/2612 2684/2821/2613 2680/2816/2609
f 2678/2813/2607 2685/2822/2614 2683/2820/2612
f 2678/2813/2607 2676/2811/2605 2685/2822/2614
f 2683/2820/2612 2686/2823/2615 2684/2821/2613
f 2683/2820/2612 2685/2822/2614 2686/2823/2615
f 2687/2824/2616 2685/2822/2614 2676/2811/2605
f 2679/2815/2608 2687/2824/2616 2676/2811/2605
f 2688/2825/2617 2686/2823/2615 2685/2822/2614
f 2687/2824/2616 2688/2825/2617 2685/2822/2614
f 2679/2815/2608 2689/2826/2618 2687/2824/2616
f 2679/2815/2608 2681/2817/2610 2689/2826/2618
f 2687/2824/2616 2690/2827/2619 2688/2825/2617
f 2687/2824/2616 2689/2826/2618 2690/2827/2619
f 2688/2825/2617 2691/2828/2620 2686/2823/2615
f 2688/2825/2617 2690/2827/2619 2692/2829/2621
f 2688/2825/2617 2692/2829/2621 2691/2828/2620
f 2686/2823/2615 2691/2828/2620 2693/2830/2622
f 2684/2821/2613 2686/2823/2615 2693/2830/2622
f 2692/2829/2621 2694/2831/2623 2691/2828/2620
f 2691/2828/2620 2694/2831/2623 2693/2830/2622
f 2684/2821/2613 2693/2830/2622 2695/2832/2624
f 2684/2821/2613 2695/2832/2624 2682/2818/2611
f 2695/2832/2624 2696/2833/2625 2682/2818/2611
f 1438/2819/1398 2682/2818/2611 2696/2833/2625
f 2695/2832/2624 2693/2830/2622 2697/2834/2626
f 2695/2832/2624 2697/2834/2626 2696/2833/2625
f 1438/2819/1398 2696/2833/2625 2698/2835/2627
f 2697/2834/2626 2698/2835/2627 2696/2833/2625
f 1438/2819/1398 2698/2835/2627 1441/2836/1401
f 2693/2830/2622 2699/2837/2628 2697/2834/2626
f 2693/2830/2622 2694/2831/2623 2699/2837/2628
f 2697/2834/2626 2700/2838/2629 2698/2835/2627
f 2697/2834/2626 2699/2837/2628 2700/2838/2629
f 1441/2836/1401 2698/2835/2627 2701/2839/2630
f 2701/2839/2630 2698/2835/2627 2700/2838/2629
f 1441/2836/1401 2701/2839/2630 2702/2840/2631
f 2702/2840/2631 1443/2841/1403 1441/2836/1401
f 2700/2838/2629 2703/2842/2632 2701/2839/2630
f 2702/2840/2631 2701/2839/2630 2703/2842/2632
f 2699/2837/2628 2704/2843/2633 2700/2838/2629
f 2704/2843/2633 2703/2842/2632 2700/2838/2629
f 2705/2844/2634 1443/2841/1403 2702/2840/2631
f 2705/2844/2634 1449/2845/1409 1443/2841/1403
f 2703/2842/2632 2706/2846/2635 2702/2840/2631
f 2705/2844/2634 2702/2840/2631 2706/2846/2635
f 2705/2844/2634 2707/2847/2636 1449/2845/1409
f 2707/2847/2636 1494/2848/1454 1449/2845/1409
f 2708/2849/2637 2705/2844/2634 2706/2846/2635
f 2705/2844/2634 2708/2849/2637 2707/2847/2636
f 2709/2850/2638 2706/2846/2635 2703/2842/2632
f 2709/2850/2638 2703/2842/2632 2704/2843/2633
f 2710/2851/2639 2708/2849/2637 2706/2846/2635
f 2709/2850/2638 2710/2851/2639 2706/2846/2635
f 1494/2848/1454 2707/2847/2636 8/8/5
f 8/8/5 1491/2852/1451 1494/2848/1454
f 1491/2852/1451 8/8/5 10/10/7
f 1491/2852/1451 10/10/7 9/9/6
f 9/9/6 1492/2853/1452 1491/2852/1451
f 2711/2854/2640 1492/2853/1452 9/9/6
f 2707/2847/2636 2712/2855/2641 8/8/5
f 9/9/6 8/8/5 2712/2855/2641
f 2712/2855/2641 2707/2847/2636 2708/2849/2637
f 2713/2856/2642 2711/2854/2640 9/9/6
f 2714/2857/2643 2711/2854/2640 2713/2856/2642
f 2715/2858/2644 9/9/6 2712/2855/2641
f 9/9/6 2715/2858/2644 2713/2856/2642
f 2716/2859/2645 2712/2855/2641 2708/2849/2637
f 2716/2859/2645 2715/2858/2644 2712/2855/2641
f 2710/2851/2639 2716/2859/2645 2708/2849/2637
f 2715/2858/2644 2717/2860/2646 2713/2856/2642
f 2716/2859/2645 2718/2861/2647 2715/2858/2644
f 2717/2860/2646 2715/2858/2644 2718/2861/2647
f 2710/2851/2639 2719/2862/2648 2716/2859/2645
f 2718/2861/2647 2716/2859/2645 2719/2862/2648
f 2720/2863/2649 2713/2856/2642 2717/2860/2646
f 2721/2864/2650 2717/2860/2646 2718/2861/2647
f 2721/2864/2650 2720/2863/2649 2717/2860/2646
f 2713/2856/2642 2720/2863/2649 2722/2865/2651
f 2721/2864/2650 2722/2865/2651 2720/2863/2649
f 2722/2865/2651 2714/2857/2643 2713/2856/2642
f 2723/2866/2652 2721/2864/2650 2718/2861/2647
f 2723/2866/2652 2718/2861/2647 2719/2862/2648
f 2722/2865/2651 2721/2864/2650 2724/2867/2653
f 2723/2866/2652 2724/2867/2653 2721/2864/2650
f 2725/2868/2654 2714/2857/2643 2722/2865/2651
f 2725/2868/2654 2726/2869/2655 2714/2857/2643
f 2727/2870/2656 2722/2865/2651 2724/2867/2653
f 2727/2870/2656 2725/2868/2654 2722/2865/2651
f 2724/2867/2653 2723/2866/2652 2728/2871/2657
f 2729/2872/2658 2727/2870/2656 2724/2867/2653
f 2729/2872/2658 2724/2867/2653 2728/2871/2657
f 2730/2873/2659 2723/2866/2652 2719/2862/2648
f 2730/2873/2659 2728/2871/2657 2723/2866/2652
f 2719/2862/2648 2710/2851/2639 2731/2874/2660
f 2730/2873/2659 2719/2862/2648 2731/2874/2660
f 2709/2850/2638 2731/2874/2660 2710/2851/2639
f 2728/2871/2657 2730/2873/2659 2732/2875/2661
f 2731/2874/2660 2709/2850/2638 2733/2876/2662
f 2704/2843/2633 2733/2876/2662 2709/2850/2638
f 2734/2877/2663 2730/2873/2659 2731/2874/2660
f 2734/2877/2663 2731/2874/2660 2733/2876/2662
f 2734/2877/2663 2732/2875/2661 2730/2873/2659
f 2733/2876/2662 2704/2843/2633 2735/2878/2664
f 2699/2837/2628 2735/2878/2664 2704/2843/2633
f 2735/2878/2664 2699/2837/2628 2694/2831/2623
f 2734/2877/2663 2733/2876/2662 2736/2879/2665
f 2736/2879/2665 2733/2876/2662 2735/2878/2664
f 2694/2831/2623 2737/2880/2666 2735/2878/2664
f 2737/2880/2666 2736/2879/2665 2735/2878/2664
f 2694/2831/2623 2692/2829/2621 2737/2880/2666
f 2736/2879/2665 2738/2881/2667 2734/2877/2663
f 2738/2881/2667 2732/2875/2661 2734/2877/2663
f 2739/2882/2668 2736/2879/2665 2737/2880/2666
f 2738/2881/2667 2736/2879/2665 2740/2883/2669
f 2736/2879/2665 2739/2882/2668 2740/2883/2669
f 2741/2884/2670 2737/2880/2666 2692/2829/2621
f 2741/2884/2670 2739/2882/2668 2737/2880/2666
f 2742/2885/2671 2741/2884/2670 2692/2829/2621
f 2692/2829/2621 2690/2827/2619 2742/2885/2671
f 2743/2886/2672 2739/2882/2668 2741/2884/2670
f 2742/2885/2671 2743/2886/2672 2741/2884/2670
f 2739/2882/2668 2744/2887/2673 2740/2883/2669
f 2739/2882/2668 2743/2886/2672 2744/2887/2673
f 2745/2888/2674 2742/2885/2671 2690/2827/2619
f 2690/2827/2619 2689/2826/2618 2745/2888/2674
f 2742/2885/2671 2746/2889/2675 2743/2886/2672
f 2745/2888/2674 2746/2889/2675 2742/2885/2671
f 2747/2890/2676 2745/2888/2674 2689/2826/2618
f 2689/2826/2618 2681/2817/2610 2747/2890/2676
f 2745/2888/2674 2748/2891/2677 2746/2889/2675
f 2747/2890/2676 2748/2891/2677 2745/2888/2674
f 2746/2889/2675 2749/2892/2678 2743/2886/2672
f 2748/2891/2677 2750/2893/2679 2746/2889/2675
f 2750/2893/2679 2749/2892/2678 2746/2889/2675
f 2747/2890/2676 2751/2894/2680 2748/2891/2677
f 2752/2895/2681 2750/2893/2679 2748/2891/2677
f 2752/2895/2681 2748/2891/2677 2751/2894/2680
f 2753/2896/2682 2749/2892/2678 2750/2893/2679
f 2752/2895/2681 2753/2896/2682 2750/2893/2679
f 2754/2897/2683 2743/2886/2672 2749/2892/2678
f 2743/2886/2672 2754/2897/2683 2744/2887/2673
f 2749/2892/2678 2753/2896/2682 2755/2898/2684
f 2755/2898/2684 2754/2897/2683 2749/2892/2678
f 2752/2895/2681 2756/2899/2685 2753/2896/2682
f 2757/2900/2686 2744/2887/2673 2754/2897/2683
f 2756/2899/2685 2752/2895/2681 2758/2901/2687
f 2758/2901/2687 2752/2895/2681 2751/2894/2680
f 2759/2902/2688 2744/2887/2673 2757/2900/2686
f 2744/2887/2673 2759/2902/2688 2740/2883/2669
f 2759/2902/2688 2738/2881/2667 2740/2883/2669
f 2760/2903/2689 2738/2881/2667 2759/2902/2688
f 2760/2903/2689 2732/2875/2661 2738/2881/2667
f 2759/2902/2688 2761/2904/2690 2760/2903/2689
f 2761/2904/2690 2759/2902/2688 2757/2900/2686
f 2760/2903/2689 2762/2905/2691 2732/2875/2661
f 2761/2904/2690 2762/2905/2691 2760/2903/2689
f 2762/2905/2691 2728/2871/2657 2732/2875/2661
f 2762/2905/2691 2729/2872/2658 2728/2871/2657
f 2762/2905/2691 2761/2904/2690 2763/2906/2692
f 2762/2905/2691 2764/2907/2693 2729/2872/2658
f 2764/2907/2693 2762/2905/2691 2763/2906/2692
f 2765/2908/2694 2729/2872/2658 2764/2907/2693
f 2729/2872/2658 2765/2908/2694 2727/2870/2656
f 2766/2909/2695 2764/2907/2693 2763/2906/2692
f 2767/2910/2696 2727/2870/2656 2765/2908/2694
f 2727/2870/2656 2767/2910/2696 2725/2868/2654
f 2768/2911/2697 2765/2908/2694 2764/2907/2693
f 2766/2909/2695 2768/2911/2697 2764/2907/2693
f 2769/2912/2698 2767/2910/2696 2765/2908/2694
f 2768/2911/2697 2769/2912/2698 2765/2908/2694
f 2770/2913/2699 2725/2868/2654 2767/2910/2696
f 2769/2912/2698 2770/2913/2699 2767/2910/2696
f 2725/2868/2654 2770/2913/2699 2771/2914/2700
f 2771/2914/2700 2726/2869/2655 2725/2868/2654
f 2772/2915/2701 2726/2869/2655 2771/2914/2700
f 2770/2913/2699 2769/2912/2698 2773/2916/2702
f 2768/2911/2697 2773/2916/2702 2769/2912/2698
f 2770/2913/2699 2773/2916/2702 2771/2914/2700
f 2773/2916/2702 2768/2911/2697 2774/2917/2703
f 2766/2909/2695 2774/2917/2703 2768/2911/2697
f 2775/2918/2704 2771/2914/2700 2773/2916/2702
f 2776/2919/2705 2772/2915/2701 2771/2914/2700
f 2775/2918/2704 2776/2919/2705 2771/2914/2700
f 2777/2920/569 2772/2915/2701 2776/2919/2705
f 2778/2921/2706 2775/2918/2704 2773/2916/2702
f 2778/2921/2706 2773/2916/2702 2774/2917/2703
f 2777/2920/569 2776/2919/2705 2779/2922/2707
f 2779/2922/2707 2780/2923/2708 2777/2920/569
f 2781/2924/2709 2776/2919/2705 2775/2918/2704
f 2779/2922/2707 2776/2919/2705 2782/2925/2710
f 2776/2919/2705 2781/2924/2709 2782/2925/2710
f 2779/2922/2707 2782/2925/2710 2783/2926/2711
f 2783/2926/2711 2782/2925/2710 2781/2924/2709
f 2779/2922/2707 2784/2927/2712 2780/2923/2708
f 2775/2918/2704 2785/2928/2713 2781/2924/2709
f 2785/2928/2713 2775/2918/2704 2778/2921/2706
f 2784/2927/2712 2779/2922/2707 2786/2929/2714
f 2786/2929/2714 2779/2922/2707 2783/2926/2711
f 2784/2927/2712 2787/2930/2715 2780/2923/2708
f 2787/2930/2715 2788/2931/2716 2780/2923/2708
f 2789/2932/2717 2784/2927/2712 2786/2929/2714
f 2784/2927/2712 2789/2932/2717 2787/2930/2715
f 2787/2930/2715 2790/2933/2718 2788/2931/2716
f 2790/2933/2718 2791/2934/2719 2788/2931/2716
f 2792/2935/2720 2787/2930/2715 2789/2932/2717
f 2787/2930/2715 2792/2935/2720 2790/2933/2718
f 2790/2933/2718 2793/2936/2721 2791/2934/2719
f 2793/2936/2721 2794/2937/2722 2791/2934/2719
f 2793/2936/2721 2795/2938/2723 2794/2937/2722
f 2796/2939/2724 2790/2933/2718 2792/2935/2720
f 2790/2933/2718 2796/2939/2724 2793/2936/2721
f 2795/2938/2723 2793/2936/2721 2797/2940/2725
f 2797/2940/2725 2798/2941/2726 2795/2938/2723
f 2799/2942/2727 2798/2941/2726 2797/2940/2725
f 2797/2940/2725 2800/2943/2728 2799/2942/2727
f 2793/2936/2721 2801/2944/2729 2797/2940/2725
f 2800/2943/2728 2797/2940/2725 2801/2944/2729
f 2801/2944/2729 2793/2936/2721 2796/2939/2724
f 2801/2944/2729 2802/2945/2730 2800/2943/2728
f 2801/2944/2729 2803/2946/2731 2802/2945/2730
f 2796/2939/2724 2803/2946/2731 2801/2944/2729
f 2803/2946/2731 2804/2947/2732 2802/2945/2730
f 2803/2946/2731 2796/2939/2724 2805/2948/2733
f 2792/2935/2720 2805/2948/2733 2796/2939/2724
f 2803/2946/2731 2806/2949/2734 2804/2947/2732
f 2805/2948/2733 2806/2949/2734 2803/2946/2731
f 2806/2949/2734 2807/2950/2735 2804/2947/2732
f 2805/2948/2733 2792/2935/2720 2808/2951/2736
f 2789/2932/2717 2808/2951/2736 2792/2935/2720
f 2806/2949/2734 2805/2948/2733 2809/2952/2737
f 2808/2951/2736 2809/2952/2737 2805/2948/2733
f 2806/2949/2734 2810/2953/2738 2807/2950/2735
f 2809/2952/2737 2810/2953/2738 2806/2949/2734
f 2811/2954/2739 2807/2950/2735 2810/2953/2738
f 2808/2951/2736 2789/2932/2717 2812/2955/2740
f 2786/2929/2714 2812/2955/2740 2789/2932/2717
f 2809/2952/2737 2808/2951/2736 2813/2956/2741
f 2812/2955/2740 2813/2956/2741 2808/2951/2736
f 2812/2955/2740 2786/2929/2714 2814/2957/2742
f 2786/2929/2714 2783/2926/2711 2814/2957/2742
f 2813/2956/2741 2812/2955/2740 2815/2958/2743
f 2814/2957/2742 2815/2958/2743 2812/2955/2740
f 2813/2956/2741 2816/2959/2744 2809/2952/2737
f 2810/2953/2738 2809/2952/2737 2816/2959/2744
f 2815/2958/2743 2817/2960/2745 2813/2956/2741
f 2816/2959/2744 2813/2956/2741 2817/2960/2745
f 2815/2958/2743 2814/2957/2742 2818/2961/2746
f 2814/2957/2742 2783/2926/2711 2819/2962/2747
f 2814/2957/2742 2819/2962/2747 2818/2961/2746
f 2783/2926/2711 2781/2924/2709 2819/2962/2747
f 2819/2962/2747 2781/2924/2709 2785/2928/2713
f 2818/2961/2746 2820/2963/2748 2815/2958/2743
f 2817/2960/2745 2815/2958/2743 2820/2963/2748
f 2818/2961/2746 2819/2962/2747 2821/2964/2749
f 2819/2962/2747 2785/2928/2713 2821/2964/2749
f 2820/2963/2748 2818/2961/2746 2822/2965/2750
f 2818/2961/2746 2821/2964/2749 2822/2965/2750
f 2821/2964/2749 2785/2928/2713 2823/2966/2751
f 2778/2921/2706 2823/2966/2751 2785/2928/2713
f 2822/2965/2750 2821/2964/2749 2824/2967/2752
f 2821/2964/2749 2823/2966/2751 2824/2967/2752
f 2825/2968/2753 2820/2963/2748 2822/2965/2750
f 2825/2968/2753 2822/2965/2750 2824/2967/2752
f 2823/2966/2751 2778/2921/2706 2826/2969/2754
f 2826/2969/2754 2778/2921/2706 2774/2917/2703
f 2824/2967/2752 2823/2966/2751 2827/2970/2755
f 2826/2969/2754 2827/2970/2755 2823/2966/2751
f 2826/2969/2754 2774/2917/2703 2828/2971/2756
f 2774/2917/2703 2766/2909/2695 2828/2971/2756
f 2827/2970/2755 2826/2969/2754 2829/2972/2757
f 2829/2972/2757 2826/2969/2754 2828/2971/2756
f 2827/2970/2755 2830/2973/2758 2824/2967/2752
f 2830/2973/2758 2825/2968/2753 2824/2967/2752
f 2829/2972/2757 2831/2974/2759 2827/2970/2755
f 2830/2973/2758 2827/2970/2755 2831/2974/2759
f 2829/2972/2757 2828/2971/2756 2832/2975/2760
f 2833/2976/2761 2828/2971/2756 2766/2909/2695
f 2828/2971/2756 2833/2976/2761 2832/2975/2760
f 2833/2976/2761 2766/2909/2695 2763/2906/2692
f 2833/2976/2761 2763/2906/2692 2761/2904/2690
f 2833/2976/2761 2761/2904/2690 2834/2977/2762
f 2834/2977/2762 2832/2975/2760 2833/2976/2761
f 2834/2977/2762 2761/2904/2690 2757/2900/2686
f 2829/2972/2757 2832/2975/2760 2835/2978/2763
f 2829/2972/2757 2835/2978/2763 2831/2974/2759
f 2832/2975/2760 2834/2977/2762 2836/2979/2764
f 2835/2978/2763 2832/2975/2760 2836/2979/2764
f 2837/2980/2765 2834/2977/2762 2757/2900/2686
f 2837/2980/2765 2836/2979/2764 2834/2977/2762
f 2754/2897/2683 2837/2980/2765 2757/2900/2686
f 2754/2897/2683 2755/2898/2684 2837/2980/2765
f 2835/2978/2763 2838/2981/2766 2831/2974/2759
f 2830/2973/2758 2831/2974/2759 2838/2981/2766
f 2839/2982/2767 2835/2978/2763 2836/2979/2764
f 2835/2978/2763 2839/2982/2767 2838/2981/2766
f 2836/2979/2764 2837/2980/2765 2840/2983/2768
f 2840/2983/2768 2839/2982/2767 2836/2979/2764
f 2841/2984/2769 2840/2983/2768 2837/2980/2765
f 2841/2984/2769 2837/2980/2765 2755/2898/2684
f 2842/2985/2770 2839/2982/2767 2840/2983/2768
f 2841/2984/2769 2842/2985/2770 2840/2983/2768
f 2839/2982/2767 2843/2986/2771 2838/2981/2766
f 2839/2982/2767 2842/2985/2770 2843/2986/2771
f 2843/2986/2771 2830/2973/2758 2838/2981/2766
f 2841/2984/2769 2844/2987/2772 2842/2985/2770
f 2844/2987/2772 2843/2986/2771 2842/2985/2770
f 2845/2988/2773 2841/2984/2769 2755/2898/2684
f 2844/2987/2772 2841/2984/2769 2845/2988/2773
f 2755/2898/2684 2753/2896/2682 2845/2988/2773
f 2846/2989/2774 2845/2988/2773 2753/2896/2682
f 2846/2989/2774 2844/2987/2772 2845/2988/2773
f 2753/2896/2682 2756/2899/2685 2846/2989/2774
f 2843/2986/2771 2844/2987/2772 2847/2990/2775
f 2843/2986/2771 2848/2991/2776 2830/2973/2758
f 2848/2991/2776 2843/2986/2771 2847/2990/2775
f 2848/2991/2776 2825/2968/2753 2830/2973/2758
f 2849/2992/2777 2847/2990/2775 2844/2987/2772
f 2849/2992/2777 2848/2991/2776 2847/2990/2775
f 2846/2989/2774 2850/2993/2778 2844/2987/2772
f 2844/2987/2772 2850/2993/2778 2849/2992/2777
f 2851/2994/2779 2846/2989/2774 2756/2899/2685
f 2850/2993/2778 2846/2989/2774 2851/2994/2779
f 2756/2899/2685 2852/2995/2780 2851/2994/2779
f 2758/2901/2687 2852/2995/2780 2756/2899/2685
f 2851/2994/2779 2853/2996/2781 2850/2993/2778
f 2854/2997/2782 2849/2992/2777 2850/2993/2778
f 2850/2993/2778 2853/2996/2781 2854/2997/2782
f 2855/2998/2783 2849/2992/2777 2854/2997/2782
f 2849/2992/2777 2855/2998/2783 2848/2991/2776
f 2853/2996/2781 2856/2999/2784 2854/2997/2782
f 2856/2999/2784 2855/2998/2783 2854/2997/2782
f 2853/2996/2781 2851/2994/2779 2857/3000/2785
f 2857/3000/2785 2851/2994/2779 2852/2995/2780
f 2856/2999/2784 2853/2996/2781 2858/3001/2786
f 2857/3000/2785 2858/3001/2786 2853/2996/2781
f 2858/3001/2786 2859/3002/2787 2856/2999/2784
f 2852/2995/2780 2860/3003/2788 2857/3000/2785
f 2858/3001/2786 2857/3000/2785 2861/3004/2789
f 2860/3003/2788 2861/3004/2789 2857/3000/2785
f 2859/3002/2787 2858/3001/2786 2862/3005/2790
f 2862/3005/2790 2858/3001/2786 2861/3004/2789
f 2863/3006/2791 2856/2999/2784 2859/3002/2787
f 2855/2998/2783 2856/2999/2784 2863/3006/2791
f 2864/3007/2792 2859/3002/2787 2862/3005/2790
f 2864/3007/2792 2863/3006/2791 2859/3002/2787
f 2862/3005/2790 2861/3004/2789 2865/3008/2793
f 2864/3007/2792 2862/3005/2790 2866/3009/2794
f 2865/3008/2793 2866/3009/2794 2862/3005/2790
f 2867/3010/2795 2865/3008/2793 2861/3004/2789
f 2861/3004/2789 2860/3003/2788 2867/3010/2795
f 2868/3011/2796 2866/3009/2794 2865/3008/2793
f 2865/3008/2793 2867/3010/2795 2869/3012/2797
f 2869/3012/2797 2868/3011/2796 2865/3008/2793
f 2870/3013/2798 2867/3010/2795 2860/3003/2788
f 2866/3009/2794 2868/3011/2796 2871/3014/2799
f 2866/3009/2794 2871/3014/2799 2864/3007/2792
f 2867/3010/2795 2870/3013/2798 2872/3015/2800
f 2872/3015/2800 2869/3012/2797 2867/3010/2795
f 2860/3003/2788 2873/3016/2801 2870/3013/2798
f 2873/3016/2801 2860/3003/2788 2852/2995/2780
f 2852/2995/2780 2758/2901/2687 2873/3016/2801
f 2873/3016/2801 2758/2901/2687 2874/3017/2802
f 2751/2894/2680 2874/3017/2802 2758/2901/2687
f 2870/3013/2798 2873/3016/2801 2875/3018/2803
f 2874/3017/2802 2875/3018/2803 2873/3016/2801
f 2876/3019/2804 2874/3017/2802 2751/2894/2680
f 2751/2894/2680 2747/2890/2676 2876/3019/2804
f 2681/2817/2610 2876/3019/2804 2747/2890/2676
f 2874/3017/2802 2876/3019/2804 2877/3020/2805
f 2877/3020/2805 2875/3018/2803 2874/3017/2802
f 2876/3019/2804 2681/2817/2610 2878/3021/2806
f 2878/3021/2806 2877/3020/2805 2876/3019/2804
f 2672/2807/2601 2878/3021/2806 2681/2817/2610
f 2878/3021/2806 2672/2807/2601 2670/2805/2599
f 2670/2805/2599 2671/2806/2600 2878/3021/2806
f 2877/3020/2805 2878/3021/2806 2671/2806/2600
f 2671/2806/2600 2879/3022/2807 2877/3020/2805
f 2879/3022/2807 2875/3018/2803 2877/3020/2805
f 2879/3022/2807 2671/2806/2600 2663/2797/2593
f 2875/3018/2803 2879/3022/2807 2880/3023/2808
f 2880/3023/2808 2870/3013/2798 2875/3018/2803
f 2870/3013/2798 2880/3023/2808 2872/3015/2800
f 2663/2797/2593 2881/3024/2809 2879/3022/2807
f 2881/3024/2809 2880/3023/2808 2879/3022/2807
f 2881/3024/2809 2663/2797/2593 2659/2793/2589
f 2657/2791/2587 2881/3024/2809 2659/2793/2589
f 2882/3025/2810 2872/3015/2800 2880/3023/2808
f 2880/3023/2808 2881/3024/2809 2882/3025/2810
f 2881/3024/2809 2657/2791/2587 2883/3026/2811
f 2882/3025/2810 2881/3024/2809 2883/3026/2811
f 2657/2791/2587 2884/3027/2812 2883/3026/2811
f 2884/3027/2812 2657/2791/2587 2652/2786/2582
f 2650/2784/2580 2884/3027/2812 2652/2786/2582
f 2885/3028/2813 2882/3025/2810 2883/3026/2811
f 2885/3028/2813 2883/3026/2811 2884/3027/2812
f 2872/3015/2800 2882/3025/2810 2886/3029/2814
f 2882/3025/2810 2885/3028/2813 2886/3029/2814
f 2869/3012/2797 2872/3015/2800 2886/3029/2814
f 2887/3030/2815 2884/3027/2812 2650/2784/2580
f 2647/2781/2526 2887/3030/2815 2650/2784/2580
f 2888/3031/2816 2869/3012/2797 2886/3029/2814
f 2868/3011/2796 2869/3012/2797 2888/3031/2816
f 2889/3032/2817 2886/3029/2814 2885/3028/2813
f 2888/3031/2816 2886/3029/2814 2889/3032/2817
f 2890/3033/2818 2885/3028/2813 2884/3027/2812
f 2885/3028/2813 2890/3033/2818 2889/3032/2817
f 2887/3030/2815 2890/3033/2818 2884/3027/2812
f 2888/3031/2816 2891/3034/2819 2868/3011/2796
f 2871/3014/2799 2868/3011/2796 2891/3034/2819
f 2892/3035/2820 2888/3031/2816 2889/3032/2817
f 2891/3034/2819 2888/3031/2816 2892/3035/2820
f 2893/3036/2821 2889/3032/2817 2890/3033/2818
f 2892/3035/2820 2889/3032/2817 2893/3036/2821
f 2894/3037/2822 2890/3033/2818 2887/3030/2815
f 2895/3038/2823 2892/3035/2820 2893/3036/2821
f 2896/3039/2824 2893/3036/2821 2890/3033/2818
f 2890/3033/2818 2894/3037/2822 2896/3039/2824
f 2896/3039/2824 2895/3038/2823 2893/3036/2821
f 2897/3040/2825 2894/3037/2822 2887/3030/2815
f 2897/3040/2825 2896/3039/2824 2894/3037/2822
f 2887/3030/2815 2647/2781/2526 2897/3040/2825
f 2649/2783/2579 2897/3040/2825 2647/2781/2526
f 2892/3035/2820 2895/3038/2823 2898/3041/2826
f 2892/3035/2820 2898/3041/2826 2891/3034/2819
f 2899/3042/2827 2895/3038/2823 2896/3039/2824
f 2899/3042/2827 2898/3041/2826 2895/3038/2823
f 2900/3043/2828 2896/3039/2824 2897/3040/2825
f 2900/3043/2828 2899/3042/2827 2896/3039/2824
f 2901/3044/2829 2891/3034/2819 2898/3041/2826
f 2901/3044/2829 2871/3014/2799 2891/3034/2819
f 2902/3045/2830 2898/3041/2826 2899/3042/2827
f 2871/3014/2799 2901/3044/2829 2903/3046/2831
f 2903/3046/2831 2864/3007/2792 2871/3014/2799
f 2904/3047/2832 2901/3044/2829 2898/3041/2826
f 2902/3045/2830 2904/3047/2832 2898/3041/2826
f 2905/3048/2833 2903/3046/2831 2901/3044/2829
f 2901/3044/2829 2904/3047/2832 2905/3048/2833
f 2906/3049/2834 2864/3007/2792 2903/3046/2831
f 2863/3006/2791 2864/3007/2792 2906/3049/2834
f 2905/3048/2833 2907/3050/2835 2903/3046/2831
f 2903/3046/2831 2907/3050/2835 2906/3049/2834
f 2908/3051/2836 2905/3048/2833 2904/3047/2832
f 2907/3050/2835 2905/3048/2833 2909/3052/2837
f 2908/3051/2836 2909/3052/2837 2905/3048/2833
f 2910/3053/2838 2906/3049/2834 2907/3050/2835
f 2911/3054/2839 2907/3050/2835 2909/3052/2837
f 2907/3050/2835 2911/3054/2839 2910/3053/2838
f 2912/3055/2840 2863/3006/2791 2906/3049/2834
f 2906/3049/2834 2910/3053/2838 2912/3055/2840
f 2863/3006/2791 2912/3055/2840 2913/3056/2841
f 2913/3056/2841 2855/2998/2783 2863/3006/2791
f 2914/3057/2842 2912/3055/2840 2910/3053/2838
f 2855/2998/2783 2913/3056/2841 2915/3058/2843
f 2915/3058/2843 2848/2991/2776 2855/2998/2783
f 2825/2968/2753 2848/2991/2776 2915/3058/2843
f 2916/3059/2844 2913/3056/2841 2912/3055/2840
f 2912/3055/2840 2914/3057/2842 2916/3059/2844
f 2917/3060/2845 2915/3058/2843 2913/3056/2841
f 2913/3056/2841 2916/3059/2844 2917/3060/2845
f 2915/3058/2843 2918/3061/2846 2825/2968/2753
f 2918/3061/2846 2915/3058/2843 2917/3060/2845
f 2820/2963/2748 2825/2968/2753 2918/3061/2846
f 2918/3061/2846 2817/2960/2745 2820/2963/2748
f 2817/2960/2745 2918/3061/2846 2919/3062/2847
f 2919/3062/2847 2918/3061/2846 2917/3060/2845
f 2919/3062/2847 2816/2959/2744 2817/2960/2745
f 2917/3060/2845 2920/3063/2848 2919/3062/2847
f 2920/3063/2848 2917/3060/2845 2916/3059/2844
f 2816/2959/2744 2919/3062/2847 2921/3064/2849
f 2921/3064/2849 2919/3062/2847 2920/3063/2848
f 2921/3064/2849 2810/2953/2738 2816/2959/2744
f 2916/3059/2844 2922/3065/2850 2920/3063/2848
f 2922/3065/2850 2916/3059/2844 2914/3057/2842
f 2920/3063/2848 2923/3066/2851 2921/3064/2849
f 2923/3066/2851 2920/3063/2848 2922/3065/2850
f 2810/2953/2738 2921/3064/2849 2924/3067/2852
f 2924/3067/2852 2921/3064/2849 2923/3066/2851
f 2810/2953/2738 2924/3067/2852 2811/2954/2739
f 2925/3068/2853 2811/2954/2739 2924/3067/2852
f 2924/3067/2852 2926/3069/2854 2925/3068/2853
f 2926/3069/2854 2924/3067/2852 2923/3066/2851
f 2926/3069/2854 2927/3070/2855 2925/3068/2853
f 2926/3069/2854 2923/3066/2851 2928/3071/2856
f 2922/3065/2850 2928/3071/2856 2923/3066/2851
f 2927/3070/2855 2926/3069/2854 2929/3072/2857
f 2929/3072/2857 2926/3069/2854 2928/3071/2856
f 2929/3072/2857 2930/3073/2858 2927/3070/2855
f 2931/3074/2859 2927/3070/2855 2930/3073/2858
f 2929/3072/2857 2928/3071/2856 2932/3075/2860
f 2930/3073/2858 2929/3072/2857 2932/3075/2860
f 2928/3071/2856 2922/3065/2850 2933/3076/2861
f 2933/3076/2861 2932/3075/2860 2928/3071/2856
f 2914/3057/2842 2933/3076/2861 2922/3065/2850
f 2930/3073/2858 2934/3077/2862 2931/3074/2859
f 2930/3073/2858 2932/3075/2860 2934/3077/2862
f 2935/3078/2863 2931/3074/2859 2934/3077/2862
f 2933/3076/2861 2914/3057/2842 2936/3079/2864
f 2910/3053/2838 2936/3079/2864 2914/3057/2842
f 2936/3079/2864 2910/3053/2838 2911/3054/2839
f 2934/3077/2862 2937/3080/2865 2935/3078/2863
f 2938/3081/2866 2935/3078/2863 2937/3080/2865
f 2934/3077/2862 2932/3075/2860 2939/3082/2867
f 2939/3082/2867 2937/3080/2865 2934/3077/2862
f 2932/3075/2860 2933/3076/2861 2940/3083/2868
f 2940/3083/2868 2939/3082/2867 2932/3075/2860
f 2936/3079/2864 2940/3083/2868 2933/3076/2861
f 2941/3084/2869 2937/3080/2865 2939/3082/2867
f 2940/3083/2868 2941/3084/2869 2939/3082/2867
f 2937/3080/2865 2942/3085/2870 2938/3081/2866
f 2941/3084/2869 2942/3085/2870 2937/3080/2865
f 2938/3081/2866 2942/3085/2870 2943/3086/2871
f 2940/3083/2868 2936/3079/2864 2944/3087/2872
f 2911/3054/2839 2944/3087/2872 2936/3079/2864
f 2942/3085/2870 2945/3088/2873 2943/3086/2871
f 2943/3086/2871 2945/3088/2873 2946/3089/2874
f 2944/3087/2872 2911/3054/2839 2947/3090/2875
f 2909/3052/2837 2947/3090/2875 2911/3054/2839
f 2944/3087/2872 2948/3091/2876 2940/3083/2868
f 2941/3084/2869 2940/3083/2868 2948/3091/2876
f 2947/3090/2875 2909/3052/2837 2949/3092/2877
f 2909/3052/2837 2908/3051/2836 2949/3092/2877
f 2947/3090/2875 2950/3093/2878 2944/3087/2872
f 2951/3094/2879 2949/3092/2877 2908/3051/2836
f 2951/3094/2879 2908/3051/2836 2904/3047/2832
f 2949/3092/2877 2952/3095/2880 2947/3090/2875
f 2950/3093/2878 2947/3090/2875 2952/3095/2880
f 2904/3047/2832 2953/3096/2881 2951/3094/2879
f 2953/3096/2881 2904/3047/2832 2902/3045/2830
f 2954/3097/2882 2944/3087/2872 2950/3093/2878
f 2944/3087/2872 2954/3097/2882 2948/3091/2876
f 2955/3098/2883 2953/3096/2881 2902/3045/2830
f 2955/3098/2883 2902/3045/2830 2899/3042/2827
f 2956/3099/2884 2948/3091/2876 2954/3097/2882
f 2948/3091/2876 2956/3099/2884 2941/3084/2869
f 2899/3042/2827 2957/3100/2885 2955/3098/2883
f 2957/3100/2885 2899/3042/2827 2900/3043/2828
f 2958/3101/2886 2953/3096/2881 2955/3098/2883
f 2958/3101/2886 2951/3094/2879 2953/3096/2881
f 2959/3102/2887 2955/3098/2883 2957/3100/2885
f 2959/3102/2887 2957/3100/2885 2900/3043/2828
f 2960/3103/2888 2958/3101/2886 2955/3098/2883
f 2960/3103/2888 2955/3098/2883 2959/3102/2887
f 2961/3104/2889 2951/3094/2879 2958/3101/2886
f 2900/3043/2828 2962/3105/2890 2959/3102/2887
f 2962/3105/2890 2900/3043/2828 2897/3040/2825
f 2961/3104/2889 2963/3106/2891 2951/3094/2879
f 2963/3106/2891 2949/3092/2877 2951/3094/2879
f 2897/3040/2825 2964/3107/2892 2962/3105/2890
f 2964/3107/2892 2897/3040/2825 2649/2783/2579
f 2963/3106/2891 2965/3108/2893 2949/3092/2877
f 2949/3092/2877 2965/3108/2893 2952/3095/2880
f 2649/2783/2579 2966/3109/2894 2964/3107/2892
f 2966/3109/2894 2649/2783/2579 2651/2785/2581
f 2967/3110/2895 2962/3105/2890 2964/3107/2892
f 2964/3107/2892 2966/3109/2894 2967/3110/2895
f 2967/3110/2895 2959/3102/2887 2962/3105/2890
f 2968/3111/2896 2966/3109/2894 2651/2785/2581
f 2968/3111/2896 2651/2785/2581 2653/2787/2583
f 2959/3102/2887 2967/3110/2895 2969/3112/2897
f 2969/3112/2897 2960/3103/2888 2959/3102/2887
f 2970/3113/2898 2969/3112/2897 2967/3110/2895
f 2971/3114/2899 2970/3113/2898 2967/3110/2895
f 2971/3114/2899 2969/3112/2897 2970/3113/2898
f 2971/3114/2899 2967/3110/2895 2966/3109/2894
f 2969/3112/2897 2972/3115/2900 2960/3103/2888
f 2969/3112/2897 2971/3114/2899 2972/3115/2900
f 2966/3109/2894 2973/3116/2901 2971/3114/2899
f 2968/3111/2896 2973/3116/2901 2966/3109/2894
f 2974/3117/2902 2972/3115/2900 2971/3114/2899
f 2971/3114/2899 2973/3116/2901 2974/3117/2902
f 2972/3115/2900 2975/3118/2903 2960/3103/2888
f 2974/3117/2902 2975/3118/2903 2972/3115/2900
f 2975/3118/2903 2958/3101/2886 2960/3103/2888
f 2975/3118/2903 2961/3104/2889 2958/3101/2886
f 2973/3116/2901 2976/3119/2904 2974/3117/2902
f 2975/3118/2903 2977/3120/2905 2961/3104/2889
f 2976/3119/2904 2973/3116/2901 2978/3121/2906
f 2968/3111/2896 2978/3121/2906 2973/3116/2901
f 2977/3120/2905 2979/3122/2907 2961/3104/2889
f 2961/3104/2889 2979/3122/2907 2963/3106/2891
f 2978/3121/2906 2968/3111/2896 2980/3123/2908
f 2981/3124/2909 2963/3106/2891 2979/3122/2907
f 2963/3106/2891 2981/3124/2909 2965/3108/2893
f 2980/3123/2908 2968/3111/2896 2982/3125/2910
f 2653/2787/2583 2982/3125/2910 2968/3111/2896
f 2982/3125/2910 2653/2787/2583 2655/2789/2585
f 2983/3126/2911 2980/3123/2908 2982/3125/2910
f 2983/3126/2911 2978/3121/2906 2980/3123/2908
f 2984/3127/2912 2982/3125/2910 2655/2789/2585
f 2982/3125/2910 2984/3127/2912 2983/3126/2911
f 2655/2789/2585 2985/3128/2912 2984/3127/2912
f 2985/3128/2912 2655/2789/2585 2644/2778/2575
f 2644/2778/2575 2646/2780/2577 2985/3128/2912
f 2648/2782/2578 2985/3128/2912 2646/2780/2577
f 2986/3129/2913 2984/3127/2912 2985/3128/2912
f 2985/3128/2912 2648/2782/2578 2986/3129/2913
f 2984/3127/2912 2986/3129/2913 2987/3130/2914
f 2987/3130/2914 2983/3126/2911 2984/3127/2912
f 2986/3129/2913 2648/2782/2578 2988/3131/2915
f 2987/3130/2914 2986/3129/2913 2989/3132/2916
f 2988/3131/2915 2989/3132/2916 2986/3129/2913
f 2983/3126/2911 2987/3130/2914 2990/3133/2917
f 2991/3134/2918 2988/3131/2915 2648/2782/2578
f 2648/2782/2578 2610/2744/2541 2991/3134/2918
f 2991/3134/2918 2610/2744/2541 2603/2737/2534
f 2603/2737/2534 2600/2734/2531 2991/3134/2918
f 2992/3135/2919 2991/3134/2918 2600/2734/2531
f 2988/3131/2915 2991/3134/2918 2992/3135/2919
f 2597/2731/2528 2992/3135/2919 2600/2734/2531
f 2992/3135/2919 2993/3136/2920 2988/3131/2915
f 2994/3137/2921 2992/3135/2919 2597/2731/2528
f 2992/3135/2919 2994/3137/2921 2993/3136/2920
f 2597/2731/2528 2601/2735/2532 2994/3137/2921
f 2995/3138/2922 2988/3131/2915 2993/3136/2920
f 2994/3137/2921 2995/3138/2922 2993/3136/2920
f 2995/3138/2922 2989/3132/2916 2988/3131/2915
f 2996/3139/2923 2994/3137/2921 2601/2735/2532
f 2596/2730/2527 2996/3139/2923 2601/2735/2532
f 2994/3137/2921 2997/3140/2924 2995/3138/2922
f 2994/3137/2921 2996/3139/2923 2997/3140/2924
f 2998/3141/2925 2989/3132/2916 2995/3138/2922
f 2999/3142/2926 2995/3138/2922 2997/3140/2924
f 2995/3138/2922 2999/3142/2926 2998/3141/2925
f 3000/3143/2927 2997/3140/2924 2996/3139/2923
f 2997/3140/2924 3000/3143/2927 2999/3142/2926
f 3001/3144/2928 2996/3139/2923 2596/2730/2527
f 3001/3144/2928 3000/3143/2927 2996/3139/2923
f 2596/2730/2527 3002/3145/2929 3001/3144/2928
f 3002/3145/2929 2596/2730/2527 2592/2726/2523
f 2591/2725/2522 3002/3145/2929 2592/2726/2523
f 3003/3146/2930 3000/3143/2927 3001/3144/2928
f 2591/2725/2522 3004/3147/2931 3002/3145/2929
f 2591/2725/2522 2594/2728/2525 3004/3147/2931
f 3005/3148/2932 3001/3144/2928 3002/3145/2929
f 3001/3144/2928 3005/3148/2932 3003/3146/2930
f 3002/3145/2929 3004/3147/2931 3005/3148/2932
f 3003/3146/2930 3006/3149/2933 3000/3143/2927
f 3006/3149/2933 2999/3142/2926 3000/3143/2927
f 3005/3148/2932 3007/3150/2934 3003/3146/2930
f 3007/3150/2934 3006/3149/2933 3003/3146/2930
f 3005/3148/2932 3004/3147/2931 3008/3151/2935
f 3005/3148/2932 3008/3151/2935 3007/3150/2934
f 2999/3142/2926 3006/3149/2933 3009/3152/2936
f 3007/3150/2934 3010/3153/2937 3006/3149/2933
f 3010/3153/2937 3009/3152/2936 3006/3149/2933
f 3011/3154/2938 2999/3142/2926 3009/3152/2936
f 2999/3142/2926 3011/3154/2938 2998/3141/2925
f 3011/3154/2938 2989/3132/2916 2998/3141/2925
f 3009/3152/2936 3010/3153/2937 3012/3155/2939
f 3012/3155/2939 3011/3154/2938 3009/3152/2936
f 3013/3156/2940 3010/3153/2937 3007/3150/2934
f 3008/3151/2935 3013/3156/2940 3007/3150/2934
f 3014/3157/2941 3012/3155/2939 3010/3153/2937
f 3013/3156/2940 3014/3157/2941 3010/3153/2937
f 3011/3154/2938 3012/3155/2939 3015/3158/2942
f 3016/3159/2943 2989/3132/2916 3011/3154/2938
f 3016/3159/2943 3011/3154/2938 3015/3158/2942
f 2989/3132/2916 3016/3159/2943 2987/3130/2914
f 2990/3133/2917 2987/3130/2914 3016/3159/2943
f 3012/3155/2939 3017/3160/2944 3015/3158/2942
f 3017/3160/2944 3016/3159/2943 3015/3158/2942
f 3012/3155/2939 3014/3157/2941 3018/3161/2945
f 3012/3155/2939 3018/3161/2945 3017/3160/2944
f 3016/3159/2943 3019/3162/2946 2990/3133/2917
f 3017/3160/2944 3019/3162/2946 3016/3159/2943
f 3020/3163/2947 3018/3161/2945 3014/3157/2941
f 3021/3164/2948 3017/3160/2944 3018/3161/2945
f 3018/3161/2945 3020/3163/2947 3021/3164/2948
f 3022/3165/2949 3019/3162/2946 3017/3160/2944
f 3017/3160/2944 3021/3164/2948 3022/3165/2949
f 3023/3166/2950 3019/3162/2946 3022/3165/2949
f 3021/3164/2948 3023/3166/2950 3022/3165/2949
f 3024/3167/2943 2990/3133/2917 3019/3162/2946
f 3024/3167/2943 3019/3162/2946 3023/3166/2950
f 3023/3166/2950 3021/3164/2948 3025/3168/2951
f 3020/3163/2947 3025/3168/2951 3021/3164/2948
f 2990/3133/2917 3024/3167/2943 3026/3169/2952
f 3026/3169/2952 2983/3126/2911 2990/3133/2917
f 3024/3167/2943 3023/3166/2950 3027/3170/2953
f 3028/3171/2954 2983/3126/2911 3026/3169/2952
f 2978/3121/2906 2983/3126/2911 3028/3171/2954
f 3028/3171/2954 2976/3119/2904 2978/3121/2906
f 3029/3172/2916 3026/3169/2952 3024/3167/2943
f 3030/3173/2955 3028/3171/2954 3026/3169/2952
f 3026/3169/2952 3029/3172/2916 3030/3173/2955
f 2976/3119/2904 3028/3171/2954 3031/3174/2956
f 3031/3174/2956 3028/3171/2954 3030/3173/2955
f 3032/3175/2957 3029/3172/2916 3024/3167/2943
f 3032/3175/2957 3024/3167/2943 3027/3170/2953
f 3033/3176/2578 3031/3174/2956 3030/3173/2955
f 3027/3170/2953 3034/3177/2958 3032/3175/2957
f 3030/3173/2955 3035/3178/2959 3033/3176/2578
f 3029/3172/2916 3035/3178/2959 3030/3173/2955
f 3023/3166/2950 3036/3179/2960 3027/3170/2953
f 3034/3177/2958 3027/3170/2953 3036/3179/2960
f 3036/3179/2960 3023/3166/2950 3025/3168/2951
f 3037/3180/2961 3029/3172/2916 3032/3175/2957
f 3034/3177/2958 3037/3180/2961 3032/3175/2957
f 3025/3168/2951 3038/3181/2962 3036/3179/2960
f 3039/3182/2963 3029/3172/2916 3037/3180/2961
f 3035/3178/2959 3029/3172/2916 3039/3182/2963
f 3038/3181/2962 3025/3168/2951 3040/3183/2964
f 3025/3168/2951 3020/3163/2947 3040/3183/2964
f 3041/3184/2941 3036/3179/2960 3038/3181/2962
f 3036/3179/2960 3041/3184/2941 3034/3177/2958
f 3040/3183/2964 3042/3185/2965 3038/3181/2962
f 3042/3185/2965 3041/3184/2941 3038/3181/2962
f 3043/3186/2966 3040/3183/2964 3020/3163/2947
f 3042/3185/2965 3040/3183/2964 3044/3187/2967
f 3044/3187/2967 3040/3183/2964 3043/3186/2966
f 3045/3188/2968 3041/3184/2941 3042/3185/2965
f 3044/3187/2967 3046/3189/2969 3042/3185/2965
f 3046/3189/2969 3045/3188/2968 3042/3185/2965
f 3047/3190/2927 3034/3177/2958 3041/3184/2941
f 3045/3188/2968 3047/3190/2927 3041/3184/2941
f 3034/3177/2958 3047/3190/2927 3048/3191/2970
f 3034/3177/2958 3048/3191/2970 3037/3180/2961
f 3049/3192/2971 3047/3190/2927 3045/3188/2968
f 3050/3193/2972 3037/3180/2961 3048/3191/2970
f 3037/3180/2961 3050/3193/2972 3039/3182/2963
f 3051/3194/2608 3048/3191/2970 3047/3190/2927
f 3048/3191/2970 3051/3194/2608 3050/3193/2972
f 3049/3192/2971 3051/3194/2608 3047/3190/2927
f 3050/3193/2972 3052/3195/2973 3039/3182/2963
f 3053/3196/2828 3050/3193/2972 3051/3194/2608
f 3050/3193/2972 3053/3196/2828 3052/3195/2973
f 3054/3197/2974 3051/3194/2608 3049/3192/2971
f 3054/3197/2974 3053/3196/2828 3051/3194/2608
f 3055/3198/2975 3039/3182/2963 3052/3195/2973
f 3035/3178/2959 3039/3182/2963 3055/3198/2975
f 3056/3199/2976 3054/3197/2974 3049/3192/2971
f 3045/3188/2968 3056/3199/2976 3049/3192/2971
f 3057/3200/2977 3035/3178/2959 3055/3198/2975
f 3056/3199/2976 3045/3188/2968 3058/3201/2978
f 3045/3188/2968 3046/3189/2969 3058/3201/2978
f 3059/3202/2979 3035/3178/2959 3057/3200/2977
f 3035/3178/2959 3059/3202/2979 3033/3176/2578
f 3055/3198/2975 3060/3203/2980 3057/3200/2977
f 3060/3203/2980 3055/3198/2975 3052/3195/2973
f 3061/3204/2981 3059/3202/2979 3057/3200/2977
f 3060/3203/2980 3061/3204/2981 3057/3200/2977
f 3033/3176/2578 3059/3202/2979 3062/3205/2982
f 3052/3195/2973 3063/3206/2983 3060/3203/2980
f 3063/3206/2983 3052/3195/2973 3053/3196/2828
f 3060/3203/2980 3064/3207/2984 3061/3204/2981
f 3063/3206/2983 3064/3207/2984 3060/3203/2980
f 3061/3204/2981 3065/3208/2985 3059/3202/2979
f 3062/3205/2982 3059/3202/2979 3065/3208/2985
f 3064/3207/2984 3066/3209/2986 3061/3204/2981
f 3065/3208/2985 3061/3204/2981 3066/3209/2986
f 3067/3210/2987 3064/3207/2984 3063/3206/2983
f 3068/3211/2988 3064/3207/2984 3067/3210/2987
f 3064/3207/2984 3068/3211/2988 3066/3209/2986
f 3069/3212/2989 3067/3210/2987 3063/3206/2983
f 3069/3212/2989 3068/3211/2988 3067/3210/2987
f 3070/3213/2990 3063/3206/2983 3053/3196/2828
f 3070/3213/2990 3053/3196/2828 3054/3197/2974
f 3063/3206/2983 3071/3214/2991 3069/3212/2989
f 3071/3214/2991 3063/3206/2983 3070/3213/2990
f 3072/3215/2992 3070/3213/2990 3054/3197/2974
f 3056/3199/2976 3072/3215/2992 3054/3197/2974
f 3073/3216/2993 3071/3214/2991 3070/3213/2990
f 3072/3215/2992 3073/3216/2993 3070/3213/2990
f 3056/3199/2976 3074/3217/2994 3072/3215/2992
f 3058/3201/2978 3074/3217/2994 3056/3199/2976
f 3072/3215/2992 3075/3218/2995 3073/3216/2993
f 3074/3217/2994 3075/3218/2995 3072/3215/2992
f 3073/3216/2993 3076/3219/2996 3071/3214/2991
f 3075/3218/2995 3076/3219/2996 3073/3216/2993
f 3076/3219/2996 3077/3220/2997 3071/3214/2991
f 3077/3220/2997 3069/3212/2989 3071/3214/2991
f 3076/3219/2996 3075/3218/2995 3078/3221/2998
f 3076/3219/2996 3078/3221/2998 3077/3220/2997
f 3077/3220/2997 3079/3222/2999 3069/3212/2989
f 3068/3211/2988 3069/3212/2989 3079/3222/2999
f 3080/3223/3000 3077/3220/2997 3078/3221/2998
f 3077/3220/2997 3080/3223/3000 3079/3222/2999
f 3079/3222/2999 3081/3224/3001 3068/3211/2988
f 3081/3224/3001 3066/3209/2986 3068/3211/2988
f 3080/3223/3000 3082/3225/3002 3079/3222/2999
f 3081/3224/3001 3079/3222/2999 3082/3225/3002
f 3066/3209/2986 3081/3224/3001 3083/3226/3003
f 3083/3226/3003 3065/3208/2985 3066/3209/2986
f 3082/3225/3002 3084/3227/3004 3081/3224/3001
f 3084/3227/3004 3083/3226/3003 3081/3224/3001
f 3085/3228/3005 3065/3208/2985 3083/3226/3003
f 3062/3205/2982 3065/3208/2985 3085/3228/3005
f 3083/3226/3003 3084/3227/3004 3086/3229/3006
f 3086/3229/3006 3085/3228/3005 3083/3226/3003
f 3085/3228/3005 3087/3230/3007 3062/3205/2982
f 3085/3228/3005 3086/3229/3006 3088/3231/3008
f 3085/3228/3005 3088/3231/3008 3087/3230/3007
f 3087/3230/3007 3089/3232/2911 3062/3205/2982
f 3062/3205/2982 3089/3232/2911 3033/3176/2578
f 3089/3232/2911 3031/3174/2956 3033/3176/2578
f 3088/3231/3008 3090/3233/3009 3087/3230/3007
f 3086/3229/3006 3090/3233/3009 3088/3231/3008
f 3091/3234/568 3089/3232/2911 3087/3230/3007
f 3091/3234/568 3087/3230/3007 3090/3233/3009
f 3092/3235/3010 3031/3174/2956 3089/3232/2911
f 3092/3235/3010 3089/3232/2911 3091/3234/568
f 2976/3119/2904 3031/3174/2956 3092/3235/3010
f 3093/3236/3011 3092/3235/3010 3091/3234/568
f 3090/3233/3009 3093/3236/3011 3091/3234/568
f 3094/3237/3012 2976/3119/2904 3092/3235/3010
f 3092/3235/3010 3093/3236/3011 3094/3237/3012
f 2976/3119/2904 3094/3237/3012 2974/3117/2902
f 3095/3238/3013 2974/3117/2902 3094/3237/3012
f 2975/3118/2903 2974/3117/2902 3095/3238/3013
f 3094/3237/3012 3093/3236/3011 3096/3239/3014
f 3094/3237/3012 3096/3239/3014 3095/3238/3013
f 3095/3238/3013 3097/3240/3015 2975/3118/2903
f 3097/3240/3015 2977/3120/2905 2975/3118/2903
f 3097/3240/3015 3095/3238/3013 3098/3241/3016
f 3096/3239/3014 3098/3241/3016 3095/3238/3013
f 3099/3242/3017 2977/3120/2905 3097/3240/3015
f 3099/3242/3017 3097/3240/3015 3098/3241/3016
f 2977/3120/2905 3099/3242/3017 2979/3122/2907
f 3098/3241/3016 3096/3239/3014 3100/3243/3018
f 3099/3242/3017 3098/3241/3016 3100/3243/3018
f 3101/3244/3019 3100/3243/3018 3096/3239/3014
f 3096/3239/3014 3093/3236/3011 3101/3244/3019
f 3102/3245/3020 3099/3242/3017 3100/3243/3018
f 3102/3245/3020 3100/3243/3018 3101/3244/3019
f 3093/3236/3011 3103/3246/3021 3101/3244/3019
f 3093/3236/3011 3090/3233/3009 3103/3246/3021
f 3104/3247/3022 3102/3245/3020 3101/3244/3019
f 3104/3247/3022 3101/3244/3019 3103/3246/3021
f 3103/3246/3021 3090/3233/3009 3105/3248/3023
f 3104/3247/3022 3103/3246/3021 3105/3248/3023
f 3105/3248/3023 3090/3233/3009 3106/3249/3024
f 3106/3249/3024 3090/3233/3009 3086/3229/3006
f 3107/3250/3025 3104/3247/3022 3105/3248/3023
f 3086/3229/3006 3108/3251/3026 3106/3249/3024
f 3108/3251/3026 3086/3229/3006 3084/3227/3004
f 3105/3248/3023 3106/3249/3024 3109/3252/3027
f 3109/3252/3027 3106/3249/3024 3108/3251/3026
f 3110/3253/3028 3105/3248/3023 3109/3252/3027
f 3110/3253/3028 3107/3250/3025 3105/3248/3023
f 3108/3251/3026 3111/3254/3029 3109/3252/3027
f 3111/3254/3029 3110/3253/3028 3109/3252/3027
f 3084/3227/3004 3112/3255/3030 3108/3251/3026
f 3111/3254/3029 3108/3251/3026 3112/3255/3030
f 3084/3227/3004 3113/3256/3031 3112/3255/3030
f 3113/3256/3031 3111/3254/3029 3112/3255/3030
f 3084/3227/3004 3114/3257/3032 3113/3256/3031
f 3114/3257/3032 3084/3227/3004 3082/3225/3002
f 3111/3254/3029 3113/3256/3031 3115/3258/3033
f 3116/3259/3034 3114/3257/3032 3082/3225/3002
f 3082/3225/3002 3080/3223/3000 3116/3259/3034
f 3113/3256/3031 3114/3257/3032 3117/3260/3035
f 3117/3260/3035 3115/3258/3033 3113/3256/3031
f 3116/3259/3034 3118/3261/3036 3114/3257/3032
f 3114/3257/3032 3119/3262/3037 3117/3260/3035
f 3119/3262/3037 3114/3257/3032 3118/3261/3036
f 3115/3258/3033 3117/3260/3035 3120/3263/3038
f 3119/3262/3037 3120/3263/3038 3117/3260/3035
f 3118/3261/3036 3116/3259/3034 3121/3264/3039
f 3121/3264/3039 3119/3262/3037 3118/3261/3036
f 3116/3259/3034 3080/3223/3000 3122/3265/3040
f 3122/3265/3040 3121/3264/3039 3116/3259/3034
f 3078/3221/2998 3122/3265/3040 3080/3223/3000
f 3121/3264/3039 3123/3266/3041 3119/3262/3037
f 3124/3267/3042 3122/3265/3040 3078/3221/2998
f 3078/3221/2998 3075/3218/2995 3124/3267/3042
f 3122/3265/3040 3125/3268/3043 3121/3264/3039
f 3125/3268/3043 3122/3265/3040 3124/3267/3042
f 3123/3266/3041 3121/3264/3039 3125/3268/3043
f 3126/3269/3044 3124/3267/3042 3075/3218/2995
f 3075/3218/2995 3074/3217/2994 3126/3269/3044
f 3124/3267/3042 3127/3270/3045 3125/3268/3043
f 3127/3270/3045 3124/3267/3042 3126/3269/3044
f 3128/3271/3046 3125/3268/3043 3127/3270/3045
f 3125/3268/3043 3128/3271/3046 3123/3266/3041
f 3126/3269/3044 3129/3272/3043 3127/3270/3045
f 3127/3270/3045 3130/3273/3047 3128/3271/3046
f 3130/3273/3047 3127/3270/3045 3129/3272/3043
f 3131/3274/3048 3126/3269/3044 3074/3217/2994
f 3129/3272/3043 3126/3269/3044 3131/3274/3048
f 3074/3217/2994 3132/3275/3049 3131/3274/3048
f 3132/3275/3049 3074/3217/2994 3058/3201/2978
f 3132/3275/3049 3058/3201/2978 3046/3189/2969
f 3131/3274/3048 3133/3276/3050 3129/3272/3043
f 3134/3277/3051 3132/3275/3049 3046/3189/2969
f 3046/3189/2969 3044/3187/2967 3134/3277/3051
f 3043/3186/2966 3134/3277/3051 3044/3187/2967
f 3135/3278/3052 3131/3274/3048 3132/3275/3049
f 3133/3276/3050 3131/3274/3048 3135/3278/3052
f 3136/3279/3053 3132/3275/3049 3134/3277/3051
f 3135/3278/3052 3132/3275/3049 3136/3279/3053
f 3134/3277/3051 3043/3186/2966 3137/3280/3054
f 3137/3280/3054 3136/3279/3053 3134/3277/3051
f 3043/3186/2966 3138/3281/3055 3137/3280/3054
f 3138/3281/3055 3136/3279/3053 3137/3280/3054
f 3139/3282/3056 3135/3278/3052 3136/3279/3053
f 3139/3282/3056 3136/3279/3053 3138/3281/3055
f 3138/3281/3055 3043/3186/2966 3140/3283/3057
f 3043/3186/2966 3020/3163/2947 3140/3283/3057
f 3140/3283/3057 3020/3163/2947 3014/3157/2941
f 3140/3283/3057 3014/3157/2941 3013/3156/2940
f 3013/3156/2940 3138/3281/3055 3140/3283/3057
f 3138/3281/3055 3013/3156/2940 3141/3284/3058
f 3139/3282/3056 3138/3281/3055 3141/3284/3058
f 3008/3151/2935 3141/3284/3058 3013/3156/2940
f 3008/3151/2935 3139/3282/3056 3141/3284/3058
f 3004/3147/2931 3139/3282/3056 3008/3151/2935
f 3004/3147/2931 3142/3285/3059 3139/3282/3056
f 3135/3278/3052 3139/3282/3056 3142/3285/3059
f 2594/2728/2525 3142/3285/3059 3004/3147/2931
f 3142/3285/3059 3133/3276/3050 3135/3278/3052
f 2594/2728/2525 3143/3286/3045 3142/3285/3059
f 3143/3286/3045 3133/3276/3050 3142/3285/3059
f 2584/2718/2508 3143/3286/3045 2594/2728/2525
f 2584/2718/2508 3144/3287/3060 3143/3286/3045
f 3144/3287/3060 2584/2718/2508 2574/2708/2473
f 3145/3288/3061 3133/3276/3050 3143/3286/3045
f 3143/3286/3045 3144/3287/3060 3145/3288/3061
f 2574/2708/2473 3146/3289/3062 3144/3287/3060
f 3146/3289/3062 2574/2708/2473 2540/2668/2473
f 2540/2668/2473 2533/2661/2466 3146/3289/3062
f 3147/3290/3063 3144/3287/3060 3146/3289/3062
f 2533/2661/2466 3147/3290/3063 3146/3289/3062
f 3144/3287/3060 3147/3290/3063 3145/3288/3061
f 2533/2661/2466 3148/3291/3064 3147/3290/3063
f 2533/2661/2466 2519/2639/2452 3148/3291/3064
f 2519/2639/2452 2512/2630/2445 3148/3291/3064
f 3149/3292/3065 3145/3288/3061 3147/3290/3063
f 3148/3291/3064 3149/3292/3065 3147/3290/3063
f 3133/3276/3050 3145/3288/3061 3150/3293/550
f 3145/3288/3061 3149/3292/3065 3150/3293/550
f 3151/3294/3066 3133/3276/3050 3150/3293/550
f 3149/3292/3065 3151/3294/3066 3150/3293/550
f 3133/3276/3050 3151/3294/3066 3129/3272/3043
f 3129/3272/3043 3151/3294/3066 3130/3273/3047
f 3148/3291/3064 3152/3295/3067 3149/3292/3065
f 3148/3291/3064 2512/2630/2445 3152/3295/3067
f 3151/3294/3066 3149/3292/3065 3153/3296/3068
f 3152/3295/3067 3153/3296/3068 3149/3292/3065
f 3130/3273/3047 3151/3294/3066 3153/3296/3068
f 2512/2630/2445 3154/3297/3069 3152/3295/3067
f 3152/3295/3067 3154/3297/3069 3153/3296/3068
f 3154/3297/3069 2512/2630/2445 2509/2627/2442
f 3155/3298/3070 3130/3273/3047 3153/3296/3068
f 3155/3298/3070 3153/3296/3068 3154/3297/3069
f 3128/3271/3046 3130/3273/3047 3155/3298/3070
f 2509/2627/2442 3156/3299/3071 3154/3297/3069
f 3154/3297/3069 3156/3299/3071 3155/3298/3070
f 3156/3299/3071 2509/2627/2442 2510/2628/2443
f 3157/3300/3072 3128/3271/3046 3155/3298/3070
f 3157/3300/3072 3155/3298/3070 3156/3299/3071
f 3128/3271/3046 3157/3300/3072 3123/3266/3041
f 2510/2628/2443 3158/3301/3073 3156/3299/3071
f 3158/3301/3073 3157/3300/3072 3156/3299/3071
f 3123/3266/3041 3157/3300/3072 3159/3302/3074
f 3159/3302/3074 3157/3300/3072 3158/3301/3073
f 3160/3303/3075 3123/3266/3041 3159/3302/3074
f 3123/3266/3041 3160/3303/3075 3119/3262/3037
f 3120/3263/3038 3119/3262/3037 3160/3303/3075
f 3159/3302/3074 3158/3301/3073 3161/3304/3076
f 3159/3302/3074 3161/3304/3076 3160/3303/3075
f 3158/3301/3073 2510/2628/2443 3162/3305/3077
f 3162/3305/3077 3161/3304/3076 3158/3301/3073
f 2507/2625/2440 3162/3305/3077 2510/2628/2443
f 2507/2625/2440 3163/3306/3078 3162/3305/3077
f 3161/3304/3076 3162/3305/3077 3163/3306/3078
f 3163/3306/3078 2507/2625/2440 2502/2617/2435
f 3160/3303/3075 3161/3304/3076 3164/3307/3079
f 3164/3307/3079 3120/3263/3038 3160/3303/3075
f 3161/3304/3076 3163/3306/3078 3165/3308/3080
f 3161/3304/3076 3165/3308/3080 3164/3307/3079
f 3163/3306/3078 2502/2617/2435 3166/3309/3081
f 3163/3306/3078 3166/3309/3081 3165/3308/3080
f 3120/3263/3038 3164/3307/3079 3167/3310/3082
f 3167/3310/3082 3115/3258/3033 3120/3263/3038
f 3165/3308/3080 3168/3311/3083 3164/3307/3079
f 3164/3307/3079 3168/3311/3083 3167/3310/3082
f 3168/3311/3083 3165/3308/3080 3166/3309/3081
f 3115/3258/3033 3167/3310/3082 3169/3312/3084
f 3115/3258/3033 3169/3312/3084 3111/3254/3029
f 3167/3310/3082 3168/3311/3083 3170/3313/3085
f 3167/3310/3082 3170/3313/3085 3169/3312/3084
f 3170/3313/3085 3168/3311/3083 3166/3309/3081
f 3169/3312/3084 3171/3314/3086 3111/3254/3029
f 3171/3314/3086 3110/3253/3028 3111/3254/3029
f 3169/3312/3084 3172/3315/3087 3171/3314/3086
f 3171/3314/3086 3172/3315/3087 3110/3253/3028
f 3169/3312/3084 3170/3313/3085 3172/3315/3087
f 3173/3316/3088 3170/3313/3085 3166/3309/3081
f 3173/3316/3088 3172/3315/3087 3170/3313/3085
f 2502/2617/2435 3174/3317/3089 3166/3309/3081
f 3166/3309/3081 3174/3317/3089 3173/3316/3088
f 2502/2617/2435 2501/2616/2434 3174/3317/3089
f 3175/3318/3090 3174/3317/3089 2501/2616/2434
f 3175/3318/3090 2501/2616/2434 2493/2605/2426
f 3174/3317/3089 3175/3318/3090 3176/3319/3091
f 3174/3317/3089 3176/3319/3091 3173/3316/3088
f 3177/3320/3092 3175/3318/3090 2493/2605/2426
f 3177/3320/3092 3176/3319/3091 3175/3318/3090
f 2493/2605/2426 2490/2602/2423 3177/3320/3092
f 2490/2602/2423 2492/2604/2425 3177/3320/3092
f 3176/3319/3091 3178/3321/3093 3173/3316/3088
f 3176/3319/3091 3177/3320/3092 3179/3322/3094
f 3176/3319/3091 3179/3322/3094 3178/3321/3093
f 3180/3323/3095 3177/3320/3092 2492/2604/2425
f 3180/3323/3095 3179/3322/3094 3177/3320/3092
f 3173/3316/3088 3178/3321/3093 3181/3324/3096
f 3172/3315/3087 3173/3316/3088 3181/3324/3096
f 3179/3322/3094 3182/3325/3097 3178/3321/3093
f 3172/3315/3087 3181/3324/3096 3183/3326/3098
f 3178/3321/3093 3184/3327/3099 3181/3324/3096
f 3178/3321/3093 3182/3325/3097 3184/3327/3099
f 3172/3315/3087 3183/3326/3098 3185/3328/3100
f 3172/3315/3087 3185/3328/3100 3110/3253/3028
f 3110/3253/3028 3185/3328/3100 3107/3250/3025
f 3186/3329/3101 3183/3326/3098 3181/3324/3096
f 3184/3327/3099 3186/3329/3101 3181/3324/3096
f 3183/3326/3098 3187/3330/3102 3185/3328/3100
f 3186/3329/3101 3187/3330/3102 3183/3326/3098
f 3185/3328/3100 3188/3331/3103 3107/3250/3025
f 3185/3328/3100 3187/3330/3102 3188/3331/3103
f 3107/3250/3025 3188/3331/3103 3104/3247/3022
f 3188/3331/3103 3102/3245/3020 3104/3247/3022
f 3188/3331/3103 3187/3330/3102 3102/3245/3020
f 3099/3242/3017 3102/3245/3020 3187/3330/3102
f 3186/3329/3101 3099/3242/3017 3187/3330/3102
f 3099/3242/3017 3186/3329/3101 2979/3122/2907
f 3186/3329/3101 2981/3124/2909 2979/3122/2907
f 2981/3124/2909 3186/3329/3101 3189/3332/3104
f 3186/3329/3101 3184/3327/3099 3189/3332/3104
f 3189/3332/3104 3190/3333/3105 2981/3124/2909
f 2965/3108/2893 2981/3124/2909 3190/3333/3105
f 3184/3327/3099 3191/3334/3106 3189/3332/3104
f 3190/3333/3105 3189/3332/3104 3191/3334/3106
f 3190/3333/3105 3192/3335/3107 2965/3108/2893
f 3192/3335/3107 2952/3095/2880 2965/3108/2893
f 3191/3334/3106 3193/3336/3108 3190/3333/3105
f 3193/3336/3108 3192/3335/3107 3190/3333/3105
f 3191/3334/3106 3184/3327/3099 3194/3337/3109
f 3182/3325/3097 3194/3337/3109 3184/3327/3099
f 3195/3338/3110 3193/3336/3108 3191/3334/3106
f 3194/3337/3109 3195/3338/3110 3191/3334/3106
f 2952/3095/2880 3192/3335/3107 3196/3339/3111
f 2952/3095/2880 3196/3339/3111 2950/3093/2878
f 3196/3339/3111 2954/3097/2882 2950/3093/2878
f 3193/3336/3108 3197/3340/3112 3192/3335/3107
f 3197/3340/3112 3196/3339/3111 3192/3335/3107
f 2954/3097/2882 3196/3339/3111 3198/3341/3113
f 3196/3339/3111 3197/3340/3112 3198/3341/3113
f 2956/3099/2884 2954/3097/2882 3198/3341/3113
f 3193/3336/3108 3199/3342/3108 3197/3340/3112
f 3195/3338/3110 3199/3342/3108 3193/3336/3108
f 3197/3340/3112 3200/3343/3114 3198/3341/3113
f 3199/3342/3108 3200/3343/3114 3197/3340/3112
f 2956/3099/2884 3198/3341/3113 3201/3344/3115
f 3198/3341/3113 3200/3343/3114 3201/3344/3115
f 3202/3345/3116 3199/3342/3108 3195/3338/3110
f 3199/3342/3108 3203/3346/3117 3200/3343/3114
f 3202/3345/3116 3203/3346/3117 3199/3342/3108
f 3201/3344/3115 3200/3343/3114 3204/3347/3118
f 3203/3346/3117 3204/3347/3118 3200/3343/3114
f 3205/3348/3119 2956/3099/2884 3201/3344/3115
f 3205/3348/3119 2941/3084/2869 2956/3099/2884
f 2941/3084/2869 3205/3348/3119 2942/3085/2870
f 2942/3085/2870 3205/3348/3119 2945/3088/2873
f 3205/3348/3119 3201/3344/3115 3206/3349/3120
f 3204/3347/3118 3206/3349/3120 3201/3344/3115
f 3207/3350/3121 2945/3088/2873 3205/3348/3119
f 3206/3349/3120 3207/3350/3121 3205/3348/3119
f 3206/3349/3120 3204/3347/3118 3208/3351/3122
f 3209/3352/3123 2945/3088/2873 3207/3350/3121
f 2945/3088/2873 3209/3352/3123 2946/3089/2874
f 2946/3089/2874 3209/3352/3123 3210/3353/3124
f 3211/3354/3125 3207/3350/3121 3206/3349/3120
f 3206/3349/3120 3208/3351/3122 3211/3354/3125
f 3209/3352/3123 3212/3355/3126 3210/3353/3124
f 3212/3355/3126 3213/3356/3127 3210/3353/3124
f 3207/3350/3121 3214/3357/3128 3209/3352/3123
f 3209/3352/3123 3214/3357/3128 3212/3355/3126
f 3207/3350/3121 3211/3354/3125 3215/3358/3129
f 3215/3358/3129 3214/3357/3128 3207/3350/3121
f 3212/3355/3126 3216/3359/3130 3213/3356/3127
f 3214/3357/3128 3216/3359/3130 3212/3355/3126
f 3213/3356/3127 3216/3359/3130 3217/3360/3131
f 3217/3360/3131 3218/3361/3132 3213/3356/3127
f 3217/3360/3131 3219/3362/3133 3218/3361/3132
f 3220/3363/3134 3216/3359/3130 3214/3357/3128
f 3221/3364/3135 3217/3360/3131 3216/3359/3130
f 3216/3359/3130 3220/3363/3134 3221/3364/3135
f 3219/3362/3133 3217/3360/3131 3222/3365/3136
f 3217/3360/3131 3221/3364/3135 3222/3365/3136
f 3223/3366/3137 3219/3362/3133 3222/3365/3136
f 3224/3367/3138 3219/3362/3133 3223/3366/3137
f 3225/3368/3139 3222/3365/3136 3221/3364/3135
f 3222/3365/3136 3225/3368/3139 3223/3366/3137
f 3220/3363/3134 3225/3368/3139 3221/3364/3135
f 3223/3366/3137 3226/3369/3140 3224/3367/3138
f 3227/3370/3141 3224/3367/3138 3226/3369/3140
f 3228/3371/3142 3223/3366/3137 3225/3368/3139
f 3223/3366/3137 3228/3371/3142 3226/3369/3140
f 3226/3369/3140 3229/3372/3143 3227/3370/3141
f 3227/3370/3141 3229/3372/3143 3230/3373/3144
f 3228/3371/3142 3231/3374/3145 3226/3369/3140
f 3229/3372/3143 3226/3369/3140 3231/3374/3145
f 3232/3375/3146 3228/3371/3142 3225/3368/3139
f 3225/3368/3139 3220/3363/3134 3232/3375/3146
f 3233/3376/3147 3231/3374/3145 3228/3371/3142
f 3228/3371/3142 3232/3375/3146 3233/3376/3147
f 3231/3374/3145 3234/3377/3148 3229/3372/3143
f 3235/3378/3149 3230/3373/3144 3229/3372/3143
f 3235/3378/3149 3229/3372/3143 3234/3377/3148
f 3230/3373/3144 3235/3378/3149 3236/3379/3150
f 3235/3378/3149 3237/3380/3151 3236/3379/3150
f 3238/3381/3152 3234/3377/3148 3231/3374/3145
f 3231/3374/3145 3233/3376/3147 3238/3381/3152
f 3237/3380/3151 3235/3378/3149 3239/3382/3153
f 3239/3382/3153 3240/3383/3154 3237/3380/3151
f 3234/3377/3148 3241/3384/3155 3235/3378/3149
f 3235/3378/3149 3241/3384/3155 3239/3382/3153
f 3240/3383/3154 3239/3382/3153 3242/3385/3156
f 3242/3385/3156 3243/3386/3157 3240/3383/3154
f 3241/3384/3155 3244/3387/3158 3239/3382/3153
f 3239/3382/3153 3244/3387/3158 3242/3385/3156
f 3245/3388/3159 3241/3384/3155 3234/3377/3148
f 3234/3377/3148 3238/3381/3152 3245/3388/3159
f 3246/3389/3160 3244/3387/3158 3241/3384/3155
f 3241/3384/3155 3245/3388/3159 3246/3389/3160
f 3243/3386/3157 3242/3385/3156 3247/3390/3161
f 3247/3390/3161 3248/3391/3162 3243/3386/3157
f 3249/3392/3163 3242/3385/3156 3244/3387/3158
f 3242/3385/3156 3249/3392/3163 3247/3390/3161
f 3248/3391/3162 3247/3390/3161 3250/3393/3164
f 3250/3393/3164 3251/3394/3165 3248/3391/3162
f 3252/3395/3166 3247/3390/3161 3249/3392/3163
f 3247/3390/3161 3252/3395/3166 3250/3393/3164
f 3253/3396/3167 3249/3392/3163 3244/3387/3158
f 3244/3387/3158 3246/3389/3160 3253/3396/3167
f 3254/3397/3168 3252/3395/3166 3249/3392/3163
f 3249/3392/3163 3253/3396/3167 3254/3397/3168
f 3255/3398/3169 3250/3393/3164 3252/3395/3166
f 3251/3394/3165 3250/3393/3164 3256/3399/3170
f 3250/3393/3164 3255/3398/3169 3256/3399/3170
f 3251/3394/3165 3256/3399/3170 3257/3400/3171
f 3257/3400/3171 3258/3401/3172 3251/3394/3165
f 3259/3402/3173 3256/3399/3170 3255/3398/3169
f 3256/3399/3170 3259/3402/3173 3257/3400/3171
f 3260/3403/3174 3255/3398/3169 3252/3395/3166
f 3252/3395/3166 3254/3397/3168 3260/3403/3174
f 3261/3404/3175 3259/3402/3173 3255/3398/3169
f 3255/3398/3169 3260/3403/3174 3261/3404/3175
f 3258/3401/3172 3257/3400/3171 3262/3405/3176
f 3262/3405/3176 1809/3406/1766 3258/3401/3172
f 1810/3407/1493 1809/3406/1766 3262/3405/3176
f 3259/3402/3173 3263/3408/3177 3257/3400/3171
f 3262/3405/3176 3257/3400/3171 3263/3408/3177
f 3264/3409/3178 1810/3407/1493 3262/3405/3176
f 3264/3409/3178 3262/3405/3176 3263/3408/3177
f 1810/3407/1493 3264/3409/3178 1813/3410/1769
f 3265/3411/3179 3263/3408/3177 3259/3402/3173
f 3259/3402/3173 3261/3404/3175 3265/3411/3179
f 3263/3408/3177 3266/3412/3180 3264/3409/3178
f 3263/3408/3177 3265/3411/3179 3266/3412/3180
f 3267/3413/3181 1813/3410/1769 3264/3409/3178
f 3267/3413/3181 1816/3414/1772 1813/3410/1769
f 3266/3412/3180 3268/3415/3182 3264/3409/3178
f 3267/3413/3181 3264/3409/3178 3268/3415/3182
f 3269/3416/3183 3266/3412/3180 3265/3411/3179
f 3266/3412/3180 3269/3416/3183 3268/3415/3182
f 3270/3417/3184 1816/3414/1772 3267/3413/3181
f 3270/3417/3184 1820/3418/1493 1816/3414/1772
f 3268/3415/3182 3271/3419/3185 3267/3413/3181
f 3270/3417/3184 3267/3413/3181 3271/3419/3185
f 3272/3420/3186 1820/3418/1493 3270/3417/3184
f 3272/3420/3186 1823/3421/1778 1820/3418/1493
f 3271/3419/3185 3273/3422/3187 3270/3417/3184
f 3272/3420/3186 3270/3417/3184 3273/3422/3187
f 3268/3415/3182 3274/3423/3188 3271/3419/3185
f 3274/3423/3188 3268/3415/3182 3269/3416/3183
f 1823/3421/1778 3272/3420/3186 3275/3424/3189
f 3275/3424/3189 1533/2572/1493 1823/3421/1778
f 1533/2572/1493 3275/3424/3189 2466/2573/2399
f 3272/3420/3186 3276/3425/3190 3275/3424/3189
f 3276/3425/3190 3272/3420/3186 3273/3422/3187
f 2466/2573/2399 3275/3424/3189 3277/3426/3191
f 3276/3425/3190 3277/3426/3191 3275/3424/3189
f 3278/3427/3192 2466/2573/2399 3277/3426/3191
f 2466/2573/2399 3278/3427/3192 2467/2574/2400
f 3277/3426/3191 3276/3425/3190 3279/3428/3193
f 3279/3428/3193 3278/3427/3192 3277/3426/3191
f 3280/3429/3194 3276/3425/3190 3273/3422/3187
f 3279/3428/3193 3276/3425/3190 3280/3429/3194
f 3271/3419/3185 3280/3429/3194 3273/3422/3187
f 3280/3429/3194 3271/3419/3185 3274/3423/3188
f 3278/3427/3192 3279/3428/3193 3281/3430/3195
f 3279/3428/3193 3280/3429/3194 3281/3430/3195
f 3281/3430/3195 3282/3431/3196 3278/3427/3192
f 2467/2574/2400 3278/3427/3192 3282/3431/3196
f 3282/3431/3196 3281/3430/3195 3283/3432/3197
f 3283/3432/3197 3281/3430/3195 3280/3429/3194
f 2467/2574/2400 3282/3431/3196 3284/3433/3198
f 3283/3432/3197 3284/3433/3198 3282/3431/3196
f 2469/2576/2402 2467/2574/2400 3284/3433/3198
f 3284/3433/3198 3283/3432/3197 3285/3434/3199
f 3283/3432/3197 3280/3429/3194 3285/3434/3199
f 2469/2576/2402 3284/3433/3198 3286/3435/3200
f 3285/3434/3199 3286/3435/3200 3284/3433/3198
f 2471/2578/2404 2469/2576/2402 3286/3435/3200
f 3280/3429/3194 3287/3436/3201 3285/3434/3199
f 3286/3435/3200 3285/3434/3199 3287/3436/3201
f 2471/2578/2404 3286/3435/3200 3288/3437/3202
f 3287/3436/3201 3288/3437/3202 3286/3435/3200
f 2473/2580/2406 2471/2578/2404 3288/3437/3202
f 3287/3436/3201 3280/3429/3194 3289/3438/3203
f 3274/3423/3188 3289/3438/3203 3280/3429/3194
f 3288/3437/3202 3287/3436/3201 3290/3439/3204
f 3289/3438/3203 3290/3439/3204 3287/3436/3201
f 3289/3438/3203 3274/3423/3188 3291/3440/3205
f 3269/3416/3183 3291/3440/3205 3274/3423/3188
f 3290/3439/3204 3289/3438/3203 3292/3441/3206
f 3291/3440/3205 3292/3441/3206 3289/3438/3203
f 3290/3439/3204 3293/3442/3207 3288/3437/3202
f 3292/3441/3206 3293/3442/3207 3290/3439/3204
f 3291/3440/3205 3269/3416/3183 3294/3443/3208
f 3265/3411/3179 3294/3443/3208 3269/3416/3183
f 3294/3443/3208 3265/3411/3179 3261/3404/3175
f 3292/3441/3206 3291/3440/3205 3295/3444/3209
f 3294/3443/3208 3295/3444/3209 3291/3440/3205
f 3261/3404/3175 3296/3445/3210 3294/3443/3208
f 3295/3444/3209 3294/3443/3208 3296/3445/3210
f 3296/3445/3210 3261/3404/3175 3260/3403/3174
f 3295/3444/3209 3297/3446/3211 3292/3441/3206
f 3293/3442/3207 3292/3441/3206 3297/3446/3211
f 3296/3445/3210 3298/3447/3212 3295/3444/3209
f 3297/3446/3211 3295/3444/3209 3298/3447/3212
f 3260/3403/3174 3299/3448/3213 3296/3445/3210
f 3298/3447/3212 3296/3445/3210 3299/3448/3213
f 3299/3448/3213 3260/3403/3174 3254/3397/3168
f 3298/3447/3212 3300/3449/3214 3297/3446/3211
f 3254/3397/3168 3301/3450/3215 3299/3448/3213
f 3301/3450/3215 3254/3397/3168 3253/3396/3167
f 3299/3448/3213 3302/3451/3216 3298/3447/3212
f 3302/3451/3216 3299/3448/3213 3301/3450/3215
f 3300/3449/3214 3298/3447/3212 3302/3451/3216
f 3253/3396/3167 3303/3452/3217 3301/3450/3215
f 3303/3452/3217 3253/3396/3167 3246/3389/3160
f 3301/3450/3215 3304/3453/3218 3302/3451/3216
f 3304/3453/3218 3301/3450/3215 3303/3452/3217
f 3302/3451/3216 3305/3454/3219 3300/3449/3214
f 3305/3454/3219 3302/3451/3216 3304/3453/3218
f 3246/3389/3160 3306/3455/3220 3303/3452/3217
f 3306/3455/3220 3246/3389/3160 3245/3388/3159
f 3303/3452/3217 3307/3456/3221 3304/3453/3218
f 3307/3456/3221 3303/3452/3217 3306/3455/3220
f 3304/3453/3218 3308/3457/3222 3305/3454/3219
f 3308/3457/3222 3304/3453/3218 3307/3456/3221
f 3309/3458/3223 3300/3449/3214 3305/3454/3219
f 3310/3459/3224 3305/3454/3219 3308/3457/3222
f 3305/3454/3219 3310/3459/3224 3309/3458/3223
f 3311/3460/3225 3297/3446/3211 3300/3449/3214
f 3300/3449/3214 3309/3458/3223 3311/3460/3225
f 3297/3446/3211 3311/3460/3225 3293/3442/3207
f 3293/3442/3207 3311/3460/3225 3312/3461/3226
f 3288/3437/3202 3293/3442/3207 3312/3461/3226
f 2473/2580/2406 3288/3437/3202 3312/3461/3226
f 3311/3460/3225 3309/3458/3223 3313/3462/3227
f 3312/3461/3226 3311/3460/3225 3313/3462/3227
f 3314/3463/3228 2473/2580/2406 3312/3461/3226
f 3314/3463/3228 3312/3461/3226 3313/3462/3227
f 2475/2582/2408 2473/2580/2406 3314/3463/3228
f 3313/3462/3227 3309/3458/3223 3315/3464/3229
f 3309/3458/3223 3310/3459/3224 3315/3464/3229
f 3316/3465/3230 2475/2582/2408 3314/3463/3228
f 3316/3465/3230 2476/2583/2409 2475/2582/2408
f 2482/2589/2415 2476/2583/2409 3316/3465/3230
f 3313/3462/3227 3317/3466/3231 3314/3463/3228
f 3316/3465/3230 3314/3463/3228 3317/3466/3231
f 3317/3466/3231 3313/3462/3227 3315/3464/3229
f 3318/3467/3232 2482/2589/2415 3316/3465/3230
f 3316/3465/3230 3317/3466/3231 3318/3467/3232
f 3315/3464/3229 3319/3468/3233 3317/3466/3231
f 3310/3459/3224 3319/3468/3233 3315/3464/3229
f 3318/3467/3232 3317/3466/3231 3320/3469/3234
f 3320/3469/3234 3317/3466/3231 3319/3468/3233
f 3321/3470/3235 2482/2589/2415 3318/3467/3232
f 2484/2592/2417 2482/2589/2415 3321/3470/3235
f 3310/3459/3224 3322/3471/3236 3319/3468/3233
f 3308/3457/3222 3322/3471/3236 3310/3459/3224
f 3323/3472/3237 2484/2592/2417 3321/3470/3235
f 2484/2592/2417 3323/3472/3237 2491/2603/2424
f 3324/3473/3238 3321/3470/3235 3318/3467/3232
f 3321/3470/3235 3324/3473/3238 3323/3472/3237
f 2491/2603/2424 3323/3472/3237 3325/3474/3239
f 2492/2604/2425 2491/2603/2424 3325/3474/3239
f 3326/3475/3240 3323/3472/3237 3324/3473/3238
f 3323/3472/3237 3326/3475/3240 3325/3474/3239
f 2492/2604/2425 3325/3474/3239 3327/3476/3241
f 3180/3323/3095 2492/2604/2425 3327/3476/3241
f 3325/3474/3239 3328/3477/3242 3327/3476/3241
f 3328/3477/3242 3325/3474/3239 3326/3475/3240
f 3327/3476/3241 3329/3478/3243 3180/3323/3095
f 3329/3478/3243 3327/3476/3241 3328/3477/3242
f 3330/3479/3244 3180/3323/3095 3329/3478/3243
f 3328/3477/3242 3330/3479/3244 3329/3478/3243
f 3326/3475/3240 3331/3480/3245 3328/3477/3242
f 3331/3480/3245 3330/3479/3244 3328/3477/3242
f 3332/3481/3246 3326/3475/3240 3324/3473/3238
f 3331/3480/3245 3326/3475/3240 3332/3481/3246
f 3333/3482/3247 3324/3473/3238 3318/3467/3232
f 3324/3473/3238 3333/3482/3247 3332/3481/3246
f 3318/3467/3232 3320/3469/3234 3333/3482/3247
f 3334/3483/3248 3333/3482/3247 3320/3469/3234
f 3320/3469/3234 3319/3468/3233 3334/3483/3248
f 3322/3471/3236 3334/3483/3248 3319/3468/3233
f 3333/3482/3247 3334/3483/3248 3335/3484/3249
f 3322/3471/3236 3336/3485/3250 3334/3483/3248
f 3336/3485/3250 3335/3484/3249 3334/3483/3248
f 3335/3484/3249 3337/3486/3251 3333/3482/3247
f 3333/3482/3247 3337/3486/3251 3332/3481/3246
f 3338/3487/3252 3335/3484/3249 3336/3485/3250
f 3335/3484/3249 3338/3487/3252 3337/3486/3251
f 3339/3488/3253 3336/3485/3250 3322/3471/3236
f 3322/3471/3236 3308/3457/3222 3339/3488/3253
f 3336/3485/3250 3339/3488/3253 3340/3489/3254
f 3340/3489/3254 3338/3487/3252 3336/3485/3250
f 3341/3490/3255 3339/3488/3253 3308/3457/3222
f 3341/3490/3255 3340/3489/3254 3339/3488/3253
f 3308/3457/3222 3307/3456/3221 3341/3490/3255
f 3340/3489/3254 3341/3490/3255 3342/3491/3256
f 3343/3492/3257 3341/3490/3255 3307/3456/3221
f 3343/3492/3257 3342/3491/3256 3341/3490/3255
f 3307/3456/3221 3344/3493/3258 3343/3492/3257
f 3307/3456/3221 3306/3455/3220 3344/3493/3258
f 3345/3494/3259 3342/3491/3256 3343/3492/3257
f 3346/3495/3260 3343/3492/3257 3344/3493/3258
f 3343/3492/3257 3346/3495/3260 3345/3494/3259
f 3306/3455/3220 3347/3496/3261 3344/3493/3258
f 3344/3493/3258 3348/3497/3262 3346/3495/3260
f 3348/3497/3262 3344/3493/3258 3347/3496/3261
f 3306/3455/3220 3349/3498/3263 3347/3496/3261
f 3245/3388/3159 3349/3498/3263 3306/3455/3220
f 3347/3496/3261 3350/3499/3264 3348/3497/3262
f 3350/3499/3264 3347/3496/3261 3349/3498/3263
f 3349/3498/3263 3245/3388/3159 3351/3500/3265
f 3350/3499/3264 3349/3498/3263 3351/3500/3265
f 3238/3381/3152 3351/3500/3265 3245/3388/3159
f 3350/3499/3264 3351/3500/3265 3352/3501/3266
f 3352/3501/3266 3351/3500/3265 3238/3381/3152
f 3348/3497/3262 3350/3499/3264 3353/3502/3267
f 3352/3501/3266 3353/3502/3267 3350/3499/3264
f 3348/3497/3262 3353/3502/3267 3346/3495/3260
f 3346/3495/3260 3353/3502/3267 3345/3494/3259
f 3352/3501/3266 3238/3381/3152 3354/3503/3268
f 3352/3501/3266 3354/3503/3268 3353/3502/3267
f 3354/3503/3268 3238/3381/3152 3233/3376/3147
f 3354/3503/3268 3233/3376/3147 3355/3504/3269
f 3354/3503/3268 3355/3504/3269 3353/3502/3267
f 3232/3375/3146 3355/3504/3269 3233/3376/3147
f 3355/3504/3269 3232/3375/3146 3356/3505/3270
f 3356/3505/3270 3353/3502/3267 3355/3504/3269
f 3220/3363/3134 3356/3505/3270 3232/3375/3146
f 3356/3505/3270 3220/3363/3134 3357/3506/3271
f 3356/3505/3270 3357/3506/3271 3353/3502/3267
f 3214/3357/3128 3357/3506/3271 3220/3363/3134
f 3357/3506/3271 3214/3357/3128 3215/3358/3129
f 3357/3506/3271 3215/3358/3129 3353/3502/3267
f 3215/3358/3129 3211/3354/3125 3353/3502/3267
f 3353/3502/3267 3211/3354/3125 3208/3351/3122
f 3358/3507/3108 3353/3502/3267 3208/3351/3122
f 3345/3494/3259 3353/3502/3267 3358/3507/3108
f 3358/3507/3108 3208/3351/3122 3204/3347/3118
f 3203/3346/3117 3358/3507/3108 3204/3347/3118
f 3345/3494/3259 3358/3507/3108 3359/3508/3272
f 3359/3508/3272 3358/3507/3108 3203/3346/3117
f 3342/3491/3256 3345/3494/3259 3359/3508/3272
f 3359/3508/3272 3203/3346/3117 3202/3345/3116
f 3359/3508/3272 3360/3509/3273 3342/3491/3256
f 3360/3509/3273 3359/3508/3272 3202/3345/3116
f 3340/3489/3254 3342/3491/3256 3360/3509/3273
f 3340/3489/3254 3360/3509/3273 3338/3487/3252
f 3202/3345/3116 3361/3510/3274 3360/3509/3273
f 3361/3510/3274 3202/3345/3116 3195/3338/3110
f 3195/3338/3110 3194/3337/3109 3361/3510/3274
f 3360/3509/3273 3362/3511/3125 3338/3487/3252
f 3363/3512/3275 3360/3509/3273 3361/3510/3274
f 3360/3509/3273 3363/3512/3275 3362/3511/3125
f 3338/3487/3252 3362/3511/3125 3364/3513/3276
f 3338/3487/3252 3364/3513/3276 3337/3486/3251
f 3332/3481/3246 3337/3486/3251 3364/3513/3276
f 3362/3511/3125 3365/3514/3277 3364/3513/3276
f 3362/3511/3125 3363/3512/3275 3365/3514/3277
f 3366/3515/3278 3332/3481/3246 3364/3513/3276
f 3366/3515/3278 3364/3513/3276 3365/3514/3277
f 3366/3515/3278 3365/3514/3277 3363/3512/3275
f 3332/3481/3246 3366/3515/3278 3331/3480/3245
f 3363/3512/3275 3361/3510/3274 3367/3516/3279
f 3367/3516/3279 3366/3515/3278 3363/3512/3275
f 3368/3517/3280 3367/3516/3279 3361/3510/3274
f 3194/3337/3109 3368/3517/3280 3361/3510/3274
f 3369/3518/3281 3366/3515/3278 3367/3516/3279
f 3368/3517/3280 3369/3518/3281 3367/3516/3279
f 3370/3519/3282 3366/3515/3278 3369/3518/3281
f 3370/3519/3282 3369/3518/3281 3368/3517/3280
f 3331/3480/3245 3366/3515/3278 3370/3519/3282
f 3368/3517/3280 3194/3337/3109 3371/3520/3283
f 3371/3520/3283 3370/3519/3282 3368/3517/3280
f 3182/3325/3097 3371/3520/3283 3194/3337/3109
f 3370/3519/3282 3372/3521/3284 3331/3480/3245
f 3330/3479/3244 3331/3480/3245 3372/3521/3284
f 3373/3522/3285 3370/3519/3282 3371/3520/3283
f 3372/3521/3284 3370/3519/3282 3373/3522/3285
f 3371/3520/3283 3182/3325/3097 3374/3523/3286
f 3371/3520/3283 3374/3523/3286 3373/3522/3285
f 3375/3524/3287 3372/3521/3284 3373/3522/3285
f 3375/3524/3287 3373/3522/3285 3374/3523/3286
f 3330/3479/3244 3372/3521/3284 3375/3524/3287
f 3376/3525/3288 3374/3523/3286 3182/3325/3097
f 3374/3523/3286 3376/3525/3288 3375/3524/3287
f 3179/3322/3094 3376/3525/3288 3182/3325/3097
f 3377/3526/3289 3375/3524/3287 3376/3525/3288
f 3330/3479/3244 3375/3524/3287 3377/3526/3289
f 3378/3527/3290 3377/3526/3289 3376/3525/3288
f 3330/3479/3244 3377/3526/3289 3378/3527/3290
f 3378/3527/3290 3376/3525/3288 3179/3322/3094
f 3330/3479/3244 3378/3527/3290 3379/3528/3291
f 3379/3528/3291 3378/3527/3290 3179/3322/3094
f 3180/3323/3095 3330/3479/3244 3379/3528/3291
f 3179/3322/3094 3180/3323/3095 3379/3528/3291
f 2015/2079/1970 2008/2072/1963 3380/3529/3292
f 2015/2079/1970 3380/3529/3292 2045/2115/2000
f 2008/2072/1963 3381/3530/3293 3380/3529/3292
f 3381/3530/3293 2008/2072/1963 2007/2071/1962
f 3382/3531/3294 2045/2115/2000 3380/3529/3292
f 3381/3530/3293 3382/3531/3294 3380/3529/3292
f 2045/2115/2000 3382/3531/3294 2046/2116/2001
f 2007/2071/1962 2010/2074/1965 3381/3530/3293
f 3382/3531/3294 3383/3532/3295 2046/2116/2001
f 3383/3532/3295 2048/2118/2003 2046/2116/2001
f 3381/3530/3293 3384/3533/3296 3382/3531/3294
f 2010/2074/1965 3384/3533/3296 3381/3530/3293
f 3383/3532/3295 3382/3531/3294 3384/3533/3296
f 3385/3534/3297 3384/3533/3296 2010/2074/1965
f 3385/3534/3297 3383/3532/3295 3384/3533/3296
f 1984/2048/1939 3385/3534/3297 2010/2074/1965
f 3383/3532/3295 3386/3535/3298 2048/2118/2003
f 2050/2120/2005 2048/2118/2003 3386/3535/3298
f 3386/3535/3298 2054/2125/2009 2050/2120/2005
f 3383/3532/3295 3385/3534/3297 3387/3536/3299
f 3387/3536/3299 3386/3535/3298 3383/3532/3295
f 2054/2125/2009 3386/3535/3298 3388/3537/3300
f 3388/3537/3300 3386/3535/3298 3387/3536/3299
f 2059/2131/2014 2054/2125/2009 3388/3537/3300
f 3389/3538/3301 3387/3536/3299 3385/3534/3297
f 3385/3534/3297 1984/2048/1939 3389/3538/3301
f 3388/3537/3300 3390/3539/3302 2059/2131/2014
f 2064/2137/2019 2059/2131/2014 3390/3539/3302
f 3391/3540/3303 3388/3537/3300 3387/3536/3299
f 3388/3537/3300 3391/3540/3303 3390/3539/3302
f 3387/3536/3299 3389/3538/3301 3391/3540/3303
f 3390/3539/3302 3392/3541/3304 2064/2137/2019
f 3392/3541/3304 3390/3539/3302 3391/3540/3303
f 2069/2143/2024 2064/2137/2019 3392/3541/3304
f 3392/3541/3304 2072/2146/2027 2069/2143/2024
f 2072/2146/2027 3392/3541/3304 3393/3542/3305
f 3393/3542/3305 3392/3541/3304 3391/3540/3303
f 1977/2041/1932 2072/2146/2027 3393/3542/3305
f 1977/2041/1932 3393/3542/3305 1979/2043/1934
f 3393/3542/3305 3391/3540/3303 3394/3543/3306
f 1979/2043/1934 3393/3542/3305 3394/3543/3306
f 3394/3543/3306 3391/3540/3303 3389/3538/3301
f 3394/3543/3306 3389/3538/3301 1984/2048/1939
f 1979/2043/1934 3394/3543/3306 1981/2045/1936
f 1981/2045/1936 3394/3543/3306 1984/2048/1939
f 3395/3544/3307 3396/3545/3308 3397/3546/3309
f 3396/3545/3308 3398/3547/3310 3397/3546/3309
f 3395/3544/3307 3397/3546/3309 3399/3548/3311
f 3400/3549/3312 3395/3544/3307 3399/3548/3311
f 3398/3547/3310 3401/3550/3313 3397/3546/3309
f 3401/3550/3313 3399/3548/3311 3397/3546/3309
f 3400/3549/3312 3399/3548/3311 3402/3551/3314
f 1866/3552/1821 3400/3549/3312 3402/3551/3314
f 3399/3548/3311 3401/3550/3313 3403/3553/3315
f 3403/3553/3315 3402/3551/3314 3399/3548/3311
f 3402/3551/3314 3404/3554/3316 1866/3552/1821
f 1865/3555/1820 1866/3552/1821 3404/3554/3316
f 3405/3556/3317 3402/3551/3314 3403/3553/3315
f 3405/3556/3317 3404/3554/3316 3402/3551/3314
f 3404/3554/3316 3406/3557/3318 1865/3555/1820
f 1862/3558/1817 1865/3555/1820 3406/3557/3318
f 3404/3554/3316 3405/3556/3317 3407/3559/3319
f 3406/3557/3318 3408/3560/3320 1862/3558/1817
f 3409/3561/3321 3406/3557/3318 3404/3554/3316
f 3409/3561/3321 3408/3560/3320 3406/3557/3318
f 3407/3559/3319 3409/3561/3321 3404/3554/3316
f 3408/3560/3320 3410/3562/3322 1862/3558/1817
f 1862/3558/1817 3410/3562/3322 1859/3563/1814
f 3411/3564/3323 3408/3560/3320 3409/3561/3321
f 3410/3562/3322 3408/3560/3320 3411/3564/3323
f 3410/3562/3322 3412/3565/3324 1859/3563/1814
f 1859/3563/1814 3412/3565/3324 1855/3566/1810
f 3410/3562/3322 3411/3564/3323 3413/3567/3325
f 3410/3562/3322 3413/3567/3325 3412/3565/3324
f 3412/3565/3324 3414/3568/3326 1855/3566/1810
f 1855/3566/1810 3414/3568/3326 1852/3569/1807
f 3412/3565/3324 3413/3567/3325 3415/3570/3327
f 3415/3570/3327 3414/3568/3326 3412/3565/3324
f 3414/3568/3326 3416/3571/3328 1852/3569/1807
f 1852/3569/1807 3416/3571/3328 1848/3572/1803
f 3416/3571/3328 1845/3573/1800 1848/3572/1803
f 3417/3574/3329 3414/3568/3326 3415/3570/3327
f 3414/3568/3326 3417/3574/3329 3416/3571/3328
f 3416/3571/3328 3418/3575/3330 1845/3573/1800
f 3418/3575/3330 1735/3576/1692 1845/3573/1800
f 3419/3577/3331 3416/3571/3328 3417/3574/3329
f 3416/3571/3328 3419/3577/3331 3418/3575/3330
f 3418/3575/3330 3420/3578/3332 1735/3576/1692
f 3420/3578/3332 1733/3579/1690 1735/3576/1692
f 3419/3577/3331 3421/3580/3333 3418/3575/3330
f 3421/3580/3333 3420/3578/3332 3418/3575/3330
f 1733/3579/1690 3420/3578/3332 3422/3581/3334
f 1732/3582/1689 1733/3579/1690 3422/3581/3334
f 3421/3580/3333 3423/3583/3335 3420/3578/3332
f 3423/3583/3335 3422/3581/3334 3420/3578/3332
f 3422/3581/3334 3424/3584/3336 1732/3582/1689
f 3423/3583/3335 3424/3584/3336 3422/3581/3334
f 3424/3584/3336 3425/3585/3337 1732/3582/1689
f 1734/3586/1691 1732/3582/1689 3425/3585/3337
f 1737/3587/1694 1734/3586/1691 3425/3585/3337
f 3426/3588/3338 3425/3585/3337 3424/3584/3336
f 3423/3583/3335 3426/3588/3338 3424/3584/3336
f 3425/3585/3337 3427/3589/3339 1737/3587/1694
f 3426/3588/3338 3427/3589/3339 3425/3585/3337
f 1739/3590/1696 1737/3587/1694 3427/3589/3339
f 3427/3589/3339 3428/3591/3340 1739/3590/1696
f 1741/3592/1698 1739/3590/1696 3428/3591/3340
f 3426/3588/3338 3429/3593/3341 3427/3589/3339
f 3428/3591/3340 3427/3589/3339 3429/3593/3341
f 3428/3591/3340 3430/3594/3342 1741/3592/1698
f 1743/3595/1700 1741/3592/1698 3430/3594/3342
f 3431/3596/3343 3428/3591/3340 3429/3593/3341
f 3428/3591/3340 3431/3596/3343 3430/3594/3342
f 3430/3594/3342 3432/3597/3344 1743/3595/1700
f 3432/3597/3344 1746/3598/1703 1743/3595/1700
f 3433/3599/3345 3432/3597/3344 3430/3594/3342
f 3433/3599/3345 3430/3594/3342 3431/3596/3343
f 1746/3598/1703 3432/3597/3344 3434/3600/3346
f 3433/3599/3345 3434/3600/3346 3432/3597/3344
f 1746/3598/1703 3434/3600/3346 1747/3601/1704
f 3435/3602/3347 1747/3601/1704 3434/3600/3346
f 1747/3601/1704 3435/3602/3347 1751/3603/1708
f 1755/3604/1712 1751/3603/1708 3435/3602/3347
f 3434/3600/3346 3433/3599/3345 3436/3605/3348
f 3435/3602/3347 3434/3600/3346 3436/3605/3348
f 3435/3602/3347 3437/3606/3349 1755/3604/1712
f 1758/3607/1715 1755/3604/1712 3437/3606/3349
f 3435/3602/3347 3436/3605/3348 3438/3608/3350
f 3437/3606/3349 3435/3602/3347 3438/3608/3350
f 3437/3606/3349 3439/3609/3351 1758/3607/1715
f 1776/3610/1733 1758/3607/1715 3439/3609/3351
f 3440/3611/3352 3437/3606/3349 3438/3608/3350
f 3440/3611/3352 3439/3609/3351 3437/3606/3349
f 3439/3609/3351 3441/3612/3353 1776/3610/1733
f 1777/3613/1734 1776/3610/1733 3441/3612/3353
f 3439/3609/3351 3440/3611/3352 3442/3614/3354
f 3442/3614/3354 3441/3612/3353 3439/3609/3351
f 3441/3612/3353 3443/3615/3355 1777/3613/1734
f 1780/3616/1737 1777/3613/1734 3443/3615/3355
f 3441/3612/3353 3442/3614/3354 3444/3617/3356
f 3444/3617/3356 3443/3615/3355 3441/3612/3353
f 3443/3615/3355 3445/3618/3357 1780/3616/1737
f 1783/3619/1740 1780/3616/1737 3445/3618/3357
f 3443/3615/3355 3444/3617/3356 3446/3620/3358
f 3446/3620/3358 3445/3618/3357 3443/3615/3355
f 3442/3614/3354 3447/3621/3359 3444/3617/3356
f 3447/3621/3359 3446/3620/3358 3444/3617/3356
f 3445/3618/3357 3448/3622/3360 1783/3619/1740
f 1786/3623/1743 1783/3619/1740 3448/3622/3360
f 3445/3618/3357 3446/3620/3358 3449/3624/3361
f 3449/3624/3361 3448/3622/3360 3445/3618/3357
f 3446/3620/3358 3447/3621/3359 3450/3625/3362
f 3450/3625/3362 3449/3624/3361 3446/3620/3358
f 3448/3622/3360 3451/3626/3363 1786/3623/1743
f 1789/3627/1746 1786/3623/1743 3451/3626/3363
f 3448/3622/3360 3449/3624/3361 3452/3628/3364
f 3451/3626/3363 3453/3629/3365 1789/3627/1746
f 1806/3630/1763 1789/3627/1746 3453/3629/3365
f 3448/3622/3360 3454/3631/3366 3451/3626/3363
f 3454/3631/3366 3448/3622/3360 3452/3628/3364
f 3451/3626/3363 3455/3632/3367 3453/3629/3365
f 3455/3632/3367 3451/3626/3363 3454/3631/3366
f 3453/3629/3365 3456/3633/3368 1806/3630/1763
f 1809/3634/1766 1806/3630/1763 3456/3633/3368
f 3457/3635/3369 3453/3629/3365 3455/3632/3367
f 3453/3629/3365 3457/3635/3369 3456/3633/3368
f 1809/3634/1766 3456/3633/3368 3458/3636/3370
f 3459/3637/3371 3456/3633/3368 3457/3635/3369
f 3456/3633/3368 3459/3637/3371 3458/3636/3370
f 3458/3636/3370 3460/3638/3372 1809/3634/1766
f 3459/3637/3371 3460/3638/3372 3458/3636/3370
f 3258/3639/3172 1809/3634/1766 3460/3638/3372
f 3459/3637/3371 3457/3635/3369 3461/3640/3373
f 3460/3638/3372 3462/3641/3374 3258/3639/3172
f 3251/3642/3165 3258/3639/3172 3462/3641/3374
f 3460/3638/3372 3459/3637/3371 3463/3643/3375
f 3463/3643/3375 3462/3641/3374 3460/3638/3372
f 3459/3637/3371 3461/3640/3373 3463/3643/3375
f 3462/3641/3374 3464/3644/3376 3251/3642/3165
f 3251/3642/3165 3464/3644/3376 3248/3645/3162
f 3462/3641/3374 3463/3643/3375 3465/3646/3377
f 3465/3646/3377 3464/3644/3376 3462/3641/3374
f 3463/3643/3375 3461/3640/3373 3466/3647/3378
f 3466/3647/3378 3465/3646/3377 3463/3643/3375
f 3464/3644/3376 3467/3648/3157 3248/3645/3162
f 3248/3645/3162 3467/3648/3157 3243/3649/3157
f 3464/3644/3376 3465/3646/3377 3468/3650/3379
f 3468/3650/3379 3467/3648/3157 3464/3644/3376
f 3465/3646/3377 3466/3647/3378 3469/3651/3380
f 3469/3651/3380 3468/3650/3379 3465/3646/3377
f 3467/3648/3157 3470/3652/3381 3243/3649/3157
f 3470/3652/3381 3240/3653/3154 3243/3649/3157
f 3467/3648/3157 3468/3650/3379 3471/3654/3382
f 3470/3652/3381 3472/3655/3383 3240/3653/3154
f 3472/3655/3383 3237/3656/3151 3240/3653/3154
f 3470/3652/3381 3467/3648/3157 3473/3657/3384
f 3473/3657/3384 3467/3648/3157 3471/3654/3382
f 3472/3655/3383 3470/3652/3381 3474/3658/3385
f 3474/3658/3385 3470/3652/3381 3473/3657/3384
f 3472/3655/3383 3475/3659/3386 3237/3656/3151
f 3475/3659/3386 3236/3660/3150 3237/3656/3151
f 3476/3661/3387 3472/3655/3383 3474/3658/3385
f 3475/3659/3386 3472/3655/3383 3476/3661/3387
f 3475/3659/3386 3477/3662/3388 3236/3660/3150
f 3477/3662/3388 3230/3663/3144 3236/3660/3150
f 3478/3664/3389 3475/3659/3386 3476/3661/3387
f 3477/3662/3388 3475/3659/3386 3478/3664/3389
f 3479/3665/3390 3476/3661/3387 3474/3658/3385
f 3479/3665/3390 3478/3664/3389 3476/3661/3387
f 3477/3662/3388 3480/3666/3391 3230/3663/3144
f 3480/3666/3391 3227/3667/3141 3230/3663/3144
f 3481/3668/3392 3477/3662/3388 3478/3664/3389
f 3481/3668/3392 3480/3666/3391 3477/3662/3388
f 3480/3666/3391 3482/3669/3393 3227/3667/3141
f 3482/3669/3393 3224/3670/3138 3227/3667/3141
f 3482/3669/3393 3219/3671/3133 3224/3670/3138
f 3480/3666/3391 3481/3668/3392 3483/3672/3394
f 3480/3666/3391 3483/3672/3394 3482/3669/3393
f 3484/3673/3395 3481/3668/3392 3478/3664/3389
f 3478/3664/3389 3479/3665/3390 3484/3673/3395
f 3219/3671/3133 3482/3669/3393 3485/3674/3396
f 3485/3674/3396 3218/3675/3132 3219/3671/3133
f 3482/3669/3393 3486/3676/3397 3485/3674/3396
f 3486/3676/3397 3482/3669/3393 3483/3672/3394
f 3487/3677/3398 3218/3675/3132 3485/3674/3396
f 3218/3675/3132 3487/3677/3398 3213/3678/3127
f 3488/3679/3399 3485/3674/3396 3486/3676/3397
f 3485/3674/3396 3488/3679/3399 3487/3677/3398
f 3487/3677/3398 3489/3680/3400 3213/3678/3127
f 3488/3679/3399 3489/3680/3400 3487/3677/3398
f 3213/3678/3127 3489/3680/3400 3210/3681/3124
f 3488/3679/3399 3486/3676/3397 3490/3682/3401
f 3489/3680/3400 3491/3683/3402 3210/3681/3124
f 3210/3681/3124 3491/3683/3402 2946/3684/2874
f 3489/3680/3400 3488/3679/3399 3492/3685/3403
f 3489/3680/3400 3492/3685/3403 3491/3683/3402
f 3491/3683/3402 3493/3686/3404 2946/3684/2874
f 3493/3686/3404 2943/3687/2871 2946/3684/2874
f 3491/3683/3402 3492/3685/3403 3494/3688/3405
f 3494/3688/3405 3493/3686/3404 3491/3683/3402
f 3493/3686/3404 3495/3689/3406 2943/3687/2871
f 3495/3689/3406 2938/3690/2866 2943/3687/2871
f 3495/3689/3406 2935/3691/2863 2938/3690/2866
f 3496/3692/3407 3495/3689/3406 3493/3686/3404
f 3494/3688/3405 3496/3692/3407 3493/3686/3404
f 2935/3691/2863 3495/3689/3406 3497/3693/3408
f 3496/3692/3407 3497/3693/3408 3495/3689/3406
f 3497/3693/3408 3498/3694/3409 2935/3691/2863
f 3498/3694/3409 2931/3695/2859 2935/3691/2863
f 3496/3692/3407 3499/3696/3410 3497/3693/3408
f 3499/3696/3410 3498/3694/3409 3497/3693/3408
f 3498/3694/3409 3500/3697/3411 2931/3695/2859
f 3499/3696/3410 3500/3697/3411 3498/3694/3409
f 2927/3698/2855 2931/3695/2859 3500/3697/3411
f 3500/3697/3411 3501/3699/3412 2927/3698/2855
f 2925/3700/2853 2927/3698/2855 3501/3699/3412
f 3502/3701/3413 3500/3697/3411 3499/3696/3410
f 3502/3701/3413 3501/3699/3412 3500/3697/3411
f 3501/3699/3412 3503/3702/3414 2925/3700/2853
f 2811/3703/2739 2925/3700/2853 3503/3702/3414
f 3503/3702/3414 2807/3704/2735 2811/3703/2739
f 3504/3705/3415 3501/3699/3412 3502/3701/3413
f 3504/3705/3415 3503/3702/3414 3501/3699/3412
f 3503/3702/3414 3505/3706/3416 2807/3704/2735
f 3505/3706/3416 2804/3707/2732 2807/3704/2735
f 3506/3708/3417 3503/3702/3414 3504/3705/3415
f 3506/3708/3417 3505/3706/3416 3503/3702/3414
f 2804/3707/2732 3505/3706/3416 3507/3709/3418
f 3507/3709/3418 2802/3710/2730 2804/3707/2732
f 3505/3706/3416 3506/3708/3417 3508/3711/3419
f 3508/3711/3419 3507/3709/3418 3505/3706/3416
f 2802/3710/2730 3507/3709/3418 3509/3712/3420
f 3509/3712/3420 2800/3713/2728 2802/3710/2730
f 3507/3709/3418 3508/3711/3419 3510/3714/3421
f 3510/3714/3421 3509/3712/3420 3507/3709/3418
f 3506/3708/3417 3511/3715/3422 3508/3711/3419
f 2800/3713/2728 3509/3712/3420 3512/3716/3423
f 3511/3715/3422 3506/3708/3417 3513/3717/3424
f 3504/3705/3415 3513/3717/3424 3506/3708/3417
f 3514/3718/3425 2800/3713/2728 3512/3716/3423
f 2799/3719/2727 2800/3713/2728 3514/3718/3425
f 3509/3712/3420 3515/3720/3426 3512/3716/3423
f 3509/3712/3420 3510/3714/3421 3515/3720/3426
f 3516/3721/3427 3514/3718/3425 3512/3716/3423
f 3515/3720/3426 3516/3721/3427 3512/3716/3423
f 3514/3718/3425 3517/3722/3428 2799/3719/2727
f 3516/3721/3427 3517/3722/3428 3514/3718/3425
f 2798/3723/2726 2799/3719/2727 3517/3722/3428
f 3515/3720/3426 3518/3724/3429 3516/3721/3427
f 3519/3725/3430 2798/3723/2726 3517/3722/3428
f 2798/3723/2726 3519/3725/3430 3520/3726/3431
f 3518/3724/3429 3515/3720/3426 3521/3727/3432
f 3510/3714/3421 3521/3727/3432 3515/3720/3426
f 3522/3728/3433 3520/3726/3431 3519/3725/3430
f 3520/3726/3431 3522/3728/3433 3523/3729/3434
f 3521/3727/3432 3510/3714/3421 3524/3730/3435
f 3508/3711/3419 3524/3730/3435 3510/3714/3421
f 3524/3730/3435 3508/3711/3419 3511/3715/3422
f 3525/3731/3436 3523/3729/3434 3522/3728/3433
f 3523/3729/3434 3525/3731/3436 3526/3732/3437
f 3526/3732/3437 3525/3731/3436 3527/3733/3438
f 3528/3734/3439 3525/3731/3436 3522/3728/3433
f 3528/3734/3439 3527/3733/3438 3525/3731/3436
f 3529/3735/3440 3522/3728/3433 3519/3725/3430
f 3529/3735/3440 3528/3734/3439 3522/3728/3433
f 3530/3736/3441 3529/3735/3440 3519/3725/3430
f 3517/3722/3428 3530/3736/3441 3519/3725/3430
f 3531/3737/3442 3528/3734/3439 3529/3735/3440
f 3531/3737/3442 3529/3735/3440 3530/3736/3441
f 3530/3736/3441 3517/3722/3428 3532/3738/3443
f 3517/3722/3428 3516/3721/3427 3532/3738/3443
f 3532/3738/3443 3533/3739/3444 3530/3736/3441
f 3533/3739/3444 3531/3737/3442 3530/3736/3441
f 3516/3721/3427 3534/3740/3445 3532/3738/3443
f 3533/3739/3444 3532/3738/3443 3534/3740/3445
f 3534/3740/3445 3516/3721/3427 3518/3724/3429
f 3535/3741/3446 3533/3739/3444 3534/3740/3445
f 3536/3742/3447 3534/3740/3445 3518/3724/3429
f 3534/3740/3445 3536/3742/3447 3535/3741/3446
f 3521/3727/3432 3536/3742/3447 3518/3724/3429
f 3533/3739/3444 3535/3741/3446 3537/3743/3448
f 3537/3743/3448 3531/3737/3442 3533/3739/3444
f 3536/3742/3447 3521/3727/3432 3538/3744/3449
f 3524/3730/3435 3538/3744/3449 3521/3727/3432
f 3539/3745/3450 3535/3741/3446 3536/3742/3447
f 3538/3744/3449 3524/3730/3435 3540/3746/3451
f 3511/3715/3422 3540/3746/3451 3524/3730/3435
f 3541/3747/3452 3536/3742/3447 3538/3744/3449
f 3540/3746/3451 3541/3747/3452 3538/3744/3449
f 3536/3742/3447 3541/3747/3452 3539/3745/3450
f 3540/3746/3451 3511/3715/3422 3542/3748/3453
f 3513/3717/3424 3542/3748/3453 3511/3715/3422
f 3541/3747/3452 3540/3746/3451 3543/3749/3454
f 3542/3748/3453 3543/3749/3454 3540/3746/3451
f 3542/3748/3453 3513/3717/3424 3544/3750/3455
f 3543/3749/3454 3542/3748/3453 3545/3751/3456
f 3544/3750/3455 3545/3751/3456 3542/3748/3453
f 3546/3752/3457 3541/3747/3452 3543/3749/3454
f 3547/3753/3458 3543/3749/3454 3545/3751/3456
f 3543/3749/3454 3547/3753/3458 3546/3752/3457
f 3545/3751/3456 3544/3750/3455 3548/3754/3459
f 3548/3754/3459 3547/3753/3458 3545/3751/3456
f 3549/3755/3460 3544/3750/3455 3513/3717/3424
f 3513/3717/3424 3504/3705/3415 3549/3755/3460
f 3549/3755/3460 3504/3705/3415 3502/3701/3413
f 3544/3750/3455 3549/3755/3460 3550/3756/3461
f 3548/3754/3459 3544/3750/3455 3550/3756/3461
f 3551/3757/3462 3549/3755/3460 3502/3701/3413
f 3550/3756/3461 3549/3755/3460 3551/3757/3462
f 3551/3757/3462 3502/3701/3413 3499/3696/3410
f 3552/3758/3463 3548/3754/3459 3550/3756/3461
f 3553/3759/3464 3551/3757/3462 3499/3696/3410
f 3553/3759/3464 3499/3696/3410 3496/3692/3407
f 3554/3760/3465 3550/3756/3461 3551/3757/3462
f 3554/3760/3465 3551/3757/3462 3553/3759/3464
f 3552/3758/3463 3550/3756/3461 3554/3760/3465
f 3555/3761/3466 3553/3759/3464 3496/3692/3407
f 3555/3761/3466 3496/3692/3407 3494/3688/3405
f 3556/3762/3467 3554/3760/3465 3553/3759/3464
f 3556/3762/3467 3553/3759/3464 3555/3761/3466
f 3557/3763/3468 3552/3758/3463 3554/3760/3465
f 3557/3763/3468 3554/3760/3465 3556/3762/3467
f 3558/3764/3469 3555/3761/3466 3494/3688/3405
f 3492/3685/3403 3558/3764/3469 3494/3688/3405
f 3559/3765/3470 3556/3762/3467 3555/3761/3466
f 3560/3766/3471 3558/3764/3469 3492/3685/3403
f 3488/3679/3399 3560/3766/3471 3492/3685/3403
f 3561/3767/3472 3555/3761/3466 3558/3764/3469
f 3560/3766/3471 3561/3767/3472 3558/3764/3469
f 3555/3761/3466 3561/3767/3472 3559/3765/3470
f 3560/3766/3471 3488/3679/3399 3490/3682/3401
f 3562/3768/3473 3559/3765/3470 3561/3767/3472
f 3562/3768/3473 3561/3767/3472 3560/3766/3471
f 3563/3769/3474 3556/3762/3467 3559/3765/3470
f 3563/3769/3474 3557/3763/3468 3556/3762/3467
f 3559/3765/3470 3562/3768/3473 3564/3770/3475
f 3564/3770/3475 3563/3769/3474 3559/3765/3470
f 3565/3771/3476 3562/3768/3473 3560/3766/3471
f 3566/3772/3477 3564/3770/3475 3562/3768/3473
f 3565/3771/3476 3566/3772/3477 3562/3768/3473
f 3567/3773/3478 3563/3769/3474 3564/3770/3475
f 3564/3770/3475 3566/3772/3477 3567/3773/3478
f 3560/3766/3471 3568/3774/3479 3565/3771/3476
f 3568/3774/3479 3560/3766/3471 3490/3682/3401
f 3569/3775/3480 3566/3772/3477 3565/3771/3476
f 3569/3775/3480 3565/3771/3476 3568/3774/3479
f 3570/3776/3481 3567/3773/3478 3566/3772/3477
f 3566/3772/3477 3569/3775/3480 3570/3776/3481
f 3568/3774/3479 3490/3682/3401 3571/3777/3482
f 3486/3676/3397 3571/3777/3482 3490/3682/3401
f 3486/3676/3397 3483/3672/3394 3571/3777/3482
f 3571/3777/3482 3572/3778/3483 3568/3774/3479
f 3483/3672/3394 3573/3779/3484 3571/3777/3482
f 3572/3778/3483 3571/3777/3482 3573/3779/3484
f 3483/3672/3394 3574/3780/3485 3573/3779/3484
f 3574/3780/3485 3483/3672/3394 3481/3668/3392
f 3481/3668/3392 3484/3673/3395 3574/3780/3485
f 3573/3779/3484 3575/3781/3486 3572/3778/3483
f 3575/3781/3486 3573/3779/3484 3574/3780/3485
f 3576/3782/3487 3568/3774/3479 3572/3778/3483
f 3569/3775/3480 3568/3774/3479 3576/3782/3487
f 3577/3783/3488 3572/3778/3483 3575/3781/3486
f 3572/3778/3483 3577/3783/3488 3576/3782/3487
f 3574/3780/3485 3578/3784/3489 3575/3781/3486
f 3575/3781/3486 3579/3785/3490 3577/3783/3488
f 3579/3785/3490 3575/3781/3486 3578/3784/3489
f 3580/3786/3491 3576/3782/3487 3577/3783/3488
f 3581/3787/3492 3577/3783/3488 3579/3785/3490
f 3577/3783/3488 3581/3787/3492 3580/3786/3491
f 3576/3782/3487 3582/3788/3493 3569/3775/3480
f 3582/3788/3493 3576/3782/3487 3580/3786/3491
f 3583/3789/3494 3569/3775/3480 3582/3788/3493
f 3569/3775/3480 3583/3789/3494 3570/3776/3481
f 3584/3790/3495 3582/3788/3493 3580/3786/3491
f 3582/3788/3493 3585/3791/3496 3583/3789/3494
f 3585/3791/3496 3582/3788/3493 3584/3790/3495
f 3586/3792/3218 3570/3776/3481 3583/3789/3494
f 3584/3790/3495 3580/3786/3491 3587/3793/3497
f 3587/3793/3497 3580/3786/3491 3581/3787/3492
f 3570/3776/3481 3586/3792/3218 3588/3794/3498
f 3567/3773/3478 3570/3776/3481 3588/3794/3498
f 3583/3789/3494 3589/3795/3499 3586/3792/3218
f 3589/3795/3499 3583/3789/3494 3585/3791/3496
f 3588/3794/3498 3590/3796/3500 3567/3773/3478
f 3563/3769/3474 3567/3773/3478 3590/3796/3500
f 3586/3792/3218 3591/3797/3501 3588/3794/3498
f 3590/3796/3500 3588/3794/3498 3591/3797/3501
f 3590/3796/3500 3592/3798/3502 3563/3769/3474
f 3592/3798/3502 3557/3763/3468 3563/3769/3474
f 3591/3797/3501 3593/3799/3503 3590/3796/3500
f 3593/3799/3503 3592/3798/3502 3590/3796/3500
f 3591/3797/3501 3586/3792/3218 3594/3800/3504
f 3589/3795/3499 3594/3800/3504 3586/3792/3218
f 3595/3801/3505 3593/3799/3503 3591/3797/3501
f 3594/3800/3504 3595/3801/3505 3591/3797/3501
f 3592/3798/3502 3596/3802/3506 3557/3763/3468
f 3596/3802/3506 3552/3758/3463 3557/3763/3468
f 3593/3799/3503 3597/3803/3507 3592/3798/3502
f 3597/3803/3507 3596/3802/3506 3592/3798/3502
f 3598/3804/3508 3552/3758/3463 3596/3802/3506
f 3552/3758/3463 3598/3804/3508 3548/3754/3459
f 3547/3753/3458 3548/3754/3459 3598/3804/3508
f 3596/3802/3506 3599/3805/3509 3598/3804/3508
f 3599/3805/3509 3596/3802/3506 3597/3803/3507
f 3598/3804/3508 3600/3806/3510 3547/3753/3458
f 3600/3806/3510 3598/3804/3508 3599/3805/3509
f 3600/3806/3510 3546/3752/3457 3547/3753/3458
f 3597/3803/3507 3601/3807/3511 3599/3805/3509
f 3601/3807/3511 3600/3806/3510 3599/3805/3509
f 3593/3799/3503 3602/3808/3512 3597/3803/3507
f 3601/3807/3511 3597/3803/3507 3602/3808/3512
f 3602/3808/3512 3593/3799/3503 3595/3801/3505
f 3600/3806/3510 3601/3807/3511 3603/3809/3513
f 3595/3801/3505 3604/3810/3514 3602/3808/3512
f 3546/3752/3457 3600/3806/3510 3605/3811/3515
f 3603/3809/3513 3605/3811/3515 3600/3806/3510
f 3606/3812/3166 3601/3807/3511 3602/3808/3512
f 3604/3810/3514 3606/3812/3166 3602/3808/3512
f 3607/3813/3516 3603/3809/3513 3601/3807/3511
f 3601/3807/3511 3606/3812/3166 3607/3813/3516
f 3595/3801/3505 3608/3814/3517 3604/3810/3514
f 3608/3814/3517 3595/3801/3505 3594/3800/3504
f 3594/3800/3504 3589/3795/3499 3608/3814/3517
f 3604/3810/3514 3609/3815/3518 3606/3812/3166
f 3608/3814/3517 3610/3816/3519 3604/3810/3514
f 3609/3815/3518 3604/3810/3514 3610/3816/3519
f 3589/3795/3499 3611/3817/3520 3608/3814/3517
f 3608/3814/3517 3611/3817/3520 3610/3816/3519
f 3612/3818/3521 3606/3812/3166 3609/3815/3518
f 3606/3812/3166 3612/3818/3521 3607/3813/3516
f 3610/3816/3519 3613/3819/3522 3609/3815/3518
f 3609/3815/3518 3613/3819/3522 3612/3818/3521
f 3614/3820/1511 3610/3816/3519 3611/3817/3520
f 3613/3819/3522 3610/3816/3519 3614/3820/1511
f 3611/3817/3520 3589/3795/3499 3615/3821/3523
f 3585/3791/3496 3615/3821/3523 3589/3795/3499
f 3611/3817/3520 3616/3822/3524 3614/3820/1511
f 3616/3822/3524 3611/3817/3520 3615/3821/3523
f 3615/3821/3523 3585/3791/3496 3617/3823/3525
f 3584/3790/3495 3617/3823/3525 3585/3791/3496
f 3615/3821/3523 3618/3824/3526 3616/3822/3524
f 3618/3824/3526 3615/3821/3523 3617/3823/3525
f 3614/3820/1511 3616/3822/3524 3619/3825/3527
f 3616/3822/3524 3618/3824/3526 3619/3825/3527
f 3613/3819/3522 3614/3820/1511 3619/3825/3527
f 3617/3823/3525 3620/3826/1970 3618/3824/3526
f 3618/3824/3526 3620/3826/1970 3619/3825/3527
f 3617/3823/3525 3621/3827/3528 3620/3826/1970
f 3620/3826/1970 3621/3827/3528 3619/3825/3527
f 3617/3823/3525 3584/3790/3495 3622/3828/3529
f 3621/3827/3528 3617/3823/3525 3622/3828/3529
f 3622/3828/3529 3584/3790/3495 3587/3793/3497
f 3622/3828/3529 3623/3829/3530 3621/3827/3528
f 3621/3827/3528 3623/3829/3530 3619/3825/3527
f 3622/3828/3529 3587/3793/3497 3624/3830/3531
f 3623/3829/3530 3622/3828/3529 3624/3830/3531
f 3624/3830/3531 3587/3793/3497 3625/3831/3532
f 3581/3787/3492 3625/3831/3532 3587/3793/3497
f 3624/3830/3531 3626/3832/3533 3623/3829/3530
f 3619/3825/3527 3623/3829/3530 3626/3832/3533
f 3627/3833/3534 3626/3832/3533 3624/3830/3531
f 3625/3831/3532 3627/3833/3534 3624/3830/3531
f 3625/3831/3532 3581/3787/3492 3628/3834/3492
f 3579/3785/3490 3628/3834/3492 3581/3787/3492
f 3625/3831/3532 3629/3835/3535 3627/3833/3534
f 3628/3834/3492 3629/3835/3535 3625/3831/3532
f 3627/3833/3534 3630/3836/3536 3626/3832/3533
f 3626/3832/3533 3630/3836/3536 3619/3825/3527
f 3629/3835/3535 3631/3837/3537 3627/3833/3534
f 3631/3837/3537 3630/3836/3536 3627/3833/3534
f 3629/3835/3535 3628/3834/3492 3632/3838/3538
f 3629/3835/3535 3633/3839/3539 3631/3837/3537
f 3632/3838/3538 3633/3839/3539 3629/3835/3535
f 3631/3837/3537 3634/3840/3540 3630/3836/3536
f 3633/3839/3539 3634/3840/3540 3631/3837/3537
f 3635/3841/3541 3632/3838/3538 3628/3834/3492
f 3628/3834/3492 3579/3785/3490 3635/3841/3541
f 3578/3784/3489 3635/3841/3541 3579/3785/3490
f 3633/3839/3539 3632/3838/3538 3636/3842/3542
f 3635/3841/3541 3636/3842/3542 3632/3838/3538
f 3578/3784/3489 3637/3843/3543 3635/3841/3541
f 3636/3842/3542 3635/3841/3541 3637/3843/3543
f 3636/3842/3542 3638/3844/3544 3633/3839/3539
f 3634/3840/3540 3633/3839/3539 3638/3844/3544
f 3637/3843/3543 3639/3845/3545 3636/3842/3542
f 3638/3844/3544 3636/3842/3542 3639/3845/3545
f 3637/3843/3543 3578/3784/3489 3640/3846/3546
f 3574/3780/3485 3640/3846/3546 3578/3784/3489
f 3640/3846/3546 3574/3780/3485 3484/3673/3395
f 3640/3846/3546 3641/3847/3547 3637/3843/3543
f 3639/3845/3545 3637/3843/3543 3641/3847/3547
f 3484/3673/3395 3642/3848/3548 3640/3846/3546
f 3641/3847/3547 3640/3846/3546 3642/3848/3548
f 3642/3848/3548 3484/3673/3395 3479/3665/3390
f 3641/3847/3547 3643/3849/3549 3639/3845/3545
f 3642/3848/3548 3644/3850/3550 3641/3847/3547
f 3643/3849/3549 3641/3847/3547 3644/3850/3550
f 3479/3665/3390 3645/3851/3551 3642/3848/3548
f 3644/3850/3550 3642/3848/3548 3645/3851/3551
f 3646/3852/3552 3639/3845/3545 3643/3849/3549
f 3639/3845/3545 3646/3852/3552 3638/3844/3544
f 3644/3850/3550 3647/3853/3553 3643/3849/3549
f 3638/3844/3544 3646/3852/3552 3648/3854/3554
f 3634/3840/3540 3638/3844/3544 3648/3854/3554
f 3643/3849/3549 3649/3855/3555 3646/3852/3552
f 3643/3849/3549 3647/3853/3553 3649/3855/3555
f 3648/3854/3554 3650/3856/3556 3634/3840/3540
f 3650/3856/3556 3630/3836/3536 3634/3840/3540
f 3648/3854/3554 3646/3852/3552 3651/3857/3557
f 3646/3852/3552 3649/3855/3555 3651/3857/3557
f 3630/3836/3536 3650/3856/3556 3619/3825/3527
f 3648/3854/3554 3652/3858/3558 3650/3856/3556
f 3651/3857/3557 3652/3858/3558 3648/3854/3554
f 3619/3825/3527 3650/3856/3556 3652/3858/3558
f 3653/3859/3559 3652/3858/3558 3651/3857/3557
f 3653/3859/3559 3654/3860/3560 3652/3858/3558
f 3652/3858/3558 3654/3860/3560 3619/3825/3527
f 3653/3859/3559 3651/3857/3557 3655/3861/3561
f 3656/3862/3562 3654/3860/3560 3653/3859/3559
f 3655/3861/3561 3656/3862/3562 3653/3859/3559
f 3655/3861/3561 3651/3857/3557 3657/3863/3563
f 3651/3857/3557 3649/3855/3555 3657/3863/3563
f 3658/3864/3564 3656/3862/3562 3655/3861/3561
f 3657/3863/3563 3658/3864/3564 3655/3861/3561
f 3649/3855/3555 3659/3865/3565 3657/3863/3563
f 3647/3853/3553 3659/3865/3565 3649/3855/3555
f 3657/3863/3563 3660/3866/3566 3658/3864/3564
f 3657/3863/3563 3659/3865/3565 3660/3866/3566
f 3656/3862/3562 3658/3864/3564 3661/3867/3567
f 3659/3865/3565 3662/3868/3568 3660/3866/3566
f 3661/3867/3567 3663/3869/3569 3656/3862/3562
f 3663/3869/3569 3654/3860/3560 3656/3862/3562
f 3662/3868/3568 3659/3865/3565 3664/3870/3570
f 3647/3853/3553 3664/3870/3570 3659/3865/3565
f 3663/3869/3569 3665/3871/3571 3654/3860/3560
f 3619/3825/3527 3654/3860/3560 3665/3871/3571
f 3664/3870/3570 3647/3853/3553 3666/3872/3572
f 3667/3873/3573 3665/3871/3571 3663/3869/3569
f 3664/3870/3570 3666/3872/3572 3668/3874/3574
f 3668/3874/3574 3662/3868/3568 3664/3870/3570
f 3663/3869/3569 3669/3875/3575 3667/3873/3573
f 3663/3869/3569 3661/3867/3567 3669/3875/3575
f 3665/3871/3571 3667/3873/3573 3670/3876/3576
f 3669/3875/3575 3671/3877/3577 3667/3873/3573
f 3667/3873/3573 3671/3877/3577 3670/3876/3576
f 3670/3876/3576 3672/3878/3578 3665/3871/3571
f 3665/3871/3571 3672/3878/3578 3619/3825/3527
f 3672/3878/3578 3670/3876/3576 3673/3879/3579
f 3671/3877/3577 3674/3880/3580 3670/3876/3576
f 3670/3876/3576 3674/3880/3580 3673/3879/3579
f 3673/3879/3579 3675/3881/3581 3672/3878/3578
f 3619/3825/3527 3672/3878/3578 3675/3881/3581
f 3675/3881/3581 3673/3879/3579 3676/3882/3582
f 3674/3880/3580 3677/3883/3583 3673/3879/3579
f 3677/3883/3583 3676/3882/3582 3673/3879/3579
f 3676/3882/3582 3678/3884/3584 3675/3881/3581
f 3619/3825/3527 3675/3881/3581 3678/3884/3584
f 3679/3885/3585 3676/3882/3582 3677/3883/3583
f 3678/3884/3584 3676/3882/3582 3680/3886/3586
f 3679/3885/3585 3680/3886/3586 3676/3882/3582
f 3680/3886/3586 3681/3887/3587 3678/3884/3584
f 3678/3884/3584 3681/3887/3587 3619/3825/3527
f 3682/3888/3588 3680/3886/3586 3679/3885/3585
f 3681/3887/3587 3680/3886/3586 3683/3889/3589
f 3682/3888/3588 3683/3889/3589 3680/3886/3586
f 3683/3889/3589 3684/3890/3590 3681/3887/3587
f 3681/3887/3587 3684/3890/3590 3619/3825/3527
f 3683/3889/3589 3682/3888/3588 3685/3891/3591
f 3684/3890/3590 3683/3889/3589 3686/3892/3592
f 3685/3891/3591 3686/3892/3592 3683/3889/3589
f 3686/3892/3592 3687/3893/3593 3684/3890/3590
f 3684/3890/3590 3687/3893/3593 3619/3825/3527
f 3686/3892/3592 3685/3891/3591 3688/3894/3594
f 3689/3895/3595 3687/3893/3593 3686/3892/3592
f 3688/3894/3594 3689/3895/3595 3686/3892/3592
f 3687/3893/3593 3689/3895/3595 3690/3896/3596
f 3687/3893/3593 3690/3896/3596 3619/3825/3527
f 3689/3895/3595 3688/3894/3594 3691/3897/3597
f 3692/3898/3598 3690/3896/3596 3689/3895/3595
f 3691/3897/3597 3692/3898/3598 3689/3895/3595
f 3690/3896/3596 3692/3898/3598 3693/3899/3599
f 3690/3896/3596 3693/3899/3599 3619/3825/3527
f 3692/3898/3598 3691/3897/3597 3694/3900/3600
f 3695/3901/3601 3693/3899/3599 3692/3898/3598
f 3695/3901/3601 3692/3898/3598 3694/3900/3600
f 3693/3899/3599 3695/3901/3601 3696/3902/3602
f 3693/3899/3599 3696/3902/3602 3619/3825/3527
f 3695/3901/3601 3694/3900/3600 3697/3903/3603
f 3698/3904/3604 3696/3902/3602 3695/3901/3601
f 3695/3901/3601 3697/3903/3603 3698/3904/3604
f 3696/3902/3602 3698/3904/3604 3699/3905/3605
f 3696/3902/3602 3699/3905/3605 3619/3825/3527
f 3699/3905/3605 3698/3904/3604 3700/3906/3606
f 3619/3825/3527 3699/3905/3605 3700/3906/3606
f 3700/3906/3606 3698/3904/3604 3701/3907/3607
f 3700/3906/3606 3702/3908/3608 3619/3825/3527
f 3700/3906/3606 3701/3907/3607 3702/3908/3608
f 3698/3904/3604 3697/3903/3603 3703/3909/3609
f 3698/3904/3604 3703/3909/3609 3701/3907/3607
f 3702/3908/3608 3704/3910/3610 3619/3825/3527
f 3702/3908/3608 3701/3907/3607 3705/3911/3611
f 3702/3908/3608 3705/3911/3611 3704/3910/3610
f 3701/3907/3607 3703/3909/3609 3706/3912/3612
f 3706/3912/3612 3705/3911/3611 3701/3907/3607
f 3704/3910/3610 3707/3913/3613 3619/3825/3527
f 3704/3910/3610 3705/3911/3611 3708/3914/3614
f 3704/3910/3610 3708/3914/3614 3707/3913/3613
f 3707/3913/3613 3709/3915/3615 3619/3825/3527
f 3709/3915/3615 3613/3819/3522 3619/3825/3527
f 3613/3819/3522 3709/3915/3615 3612/3818/3521
f 3709/3915/3615 3707/3913/3613 3710/3916/3616
f 3612/3818/3521 3709/3915/3615 3710/3916/3616
f 3707/3913/3613 3708/3914/3614 3710/3916/3616
f 3711/3917/3617 3612/3818/3521 3710/3916/3616
f 3711/3917/3617 3607/3813/3516 3612/3818/3521
f 3603/3809/3513 3607/3813/3516 3711/3917/3617
f 3712/3918/3618 3710/3916/3616 3708/3914/3614
f 3710/3916/3616 3712/3918/3618 3711/3917/3617
f 3711/3917/3617 3713/3919/3619 3603/3809/3513
f 3713/3919/3619 3711/3917/3617 3712/3918/3618
f 3605/3811/3515 3603/3809/3513 3713/3919/3619
f 3708/3914/3614 3714/3920/3620 3712/3918/3618
f 3714/3920/3620 3708/3914/3614 3705/3911/3611
f 3705/3911/3611 3706/3912/3612 3714/3920/3620
f 3712/3918/3618 3715/3921/3621 3713/3919/3619
f 3715/3921/3621 3712/3918/3618 3714/3920/3620
f 3713/3919/3619 3716/3922/3622 3605/3811/3515
f 3716/3922/3622 3713/3919/3619 3715/3921/3621
f 3706/3912/3612 3717/3923/3623 3714/3920/3620
f 3717/3923/3623 3715/3921/3621 3714/3920/3620
f 3718/3924/3624 3605/3811/3515 3716/3922/3622
f 3605/3811/3515 3718/3924/3624 3546/3752/3457
f 3541/3747/3452 3546/3752/3457 3718/3924/3624
f 3718/3924/3624 3539/3745/3450 3541/3747/3452
f 3715/3921/3621 3719/3925/3625 3716/3922/3622
f 3719/3925/3625 3715/3921/3621 3717/3923/3623
f 3716/3922/3622 3720/3926/3626 3718/3924/3624
f 3539/3745/3450 3718/3924/3624 3720/3926/3626
f 3720/3926/3626 3716/3922/3622 3719/3925/3625
f 3720/3926/3626 3721/3927/3627 3539/3745/3450
f 3535/3741/3446 3539/3745/3450 3721/3927/3627
f 3721/3927/3627 3537/3743/3448 3535/3741/3446
f 3719/3925/3625 3722/3928/3628 3720/3926/3626
f 3721/3927/3627 3720/3926/3626 3722/3928/3628
f 3537/3743/3448 3721/3927/3627 3723/3929/3629
f 3722/3928/3628 3723/3929/3629 3721/3927/3627
f 3722/3928/3628 3719/3925/3625 3724/3930/3630
f 3717/3923/3623 3724/3930/3630 3719/3925/3625
f 3723/3929/3629 3722/3928/3628 3725/3931/3631
f 3724/3930/3630 3725/3931/3631 3722/3928/3628
f 3723/3929/3629 3726/3932/3632 3537/3743/3448
f 3531/3737/3442 3537/3743/3448 3726/3932/3632
f 3727/3933/3633 3724/3930/3630 3717/3923/3623
f 3727/3933/3633 3717/3923/3623 3706/3912/3612
f 3703/3909/3609 3727/3933/3633 3706/3912/3612
f 3728/3934/3634 3724/3930/3630 3727/3933/3633
f 3728/3934/3634 3725/3931/3631 3724/3930/3630
f 3729/3935/3635 3727/3933/3633 3703/3909/3609
f 3729/3935/3635 3728/3934/3634 3727/3933/3633
f 3697/3903/3603 3729/3935/3635 3703/3909/3609
f 3730/3936/3636 3725/3931/3631 3728/3934/3634
f 3731/3937/3637 3729/3935/3635 3697/3903/3603
f 3694/3900/3600 3731/3937/3637 3697/3903/3603
f 3732/3938/3638 3728/3934/3634 3729/3935/3635
f 3731/3937/3637 3732/3938/3638 3729/3935/3635
f 3732/3938/3638 3730/3936/3636 3728/3934/3634
f 3733/3939/3639 3731/3937/3637 3694/3900/3600
f 3694/3900/3600 3691/3897/3597 3733/3939/3639
f 3734/3940/3640 3732/3938/3638 3731/3937/3637
f 3733/3939/3639 3734/3940/3640 3731/3937/3637
f 3735/3941/3641 3730/3936/3636 3732/3938/3638
f 3734/3940/3640 3735/3941/3641 3732/3938/3638
f 3691/3897/3597 3736/3942/3642 3733/3939/3639
f 3736/3942/3642 3691/3897/3597 3688/3894/3594
f 3737/3943/3643 3734/3940/3640 3733/3939/3639
f 3736/3942/3642 3737/3943/3643 3733/3939/3639
f 3738/3944/3644 3735/3941/3641 3734/3940/3640
f 3737/3943/3643 3738/3944/3644 3734/3940/3640
f 3688/3894/3594 3739/3945/3645 3736/3942/3642
f 3739/3945/3645 3688/3894/3594 3685/3891/3591
f 3736/3942/3642 3740/3946/3646 3737/3943/3643
f 3739/3945/3645 3740/3946/3646 3736/3942/3642
f 3741/3947/3647 3738/3944/3644 3737/3943/3643
f 3740/3946/3646 3741/3947/3647 3737/3943/3643
f 3685/3891/3591 3742/3948/3648 3739/3945/3645
f 3742/3948/3648 3685/3891/3591 3682/3888/3588
f 3739/3945/3645 3743/3949/3649 3740/3946/3646
f 3742/3948/3648 3743/3949/3649 3739/3945/3645
f 3740/3946/3646 3744/3950/3650 3741/3947/3647
f 3743/3949/3649 3744/3950/3650 3740/3946/3646
f 3682/3888/3588 3745/3951/3523 3742/3948/3648
f 3745/3951/3523 3682/3888/3588 3679/3885/3585
f 3743/3949/3649 3742/3948/3648 3746/3952/3651
f 3745/3951/3523 3746/3952/3651 3742/3948/3648
f 3744/3950/3650 3743/3949/3649 3747/3953/3652
f 3746/3952/3651 3747/3953/3652 3743/3949/3649
f 3745/3951/3523 3679/3885/3585 3748/3954/3653
f 3677/3883/3583 3748/3954/3653 3679/3885/3585
f 3746/3952/3651 3745/3951/3523 3749/3955/3654
f 3748/3954/3653 3749/3955/3654 3745/3951/3523
f 3747/3953/3652 3746/3952/3651 3750/3956/3655
f 3749/3955/3654 3750/3956/3655 3746/3952/3651
f 3677/3883/3583 3751/3957/3656 3748/3954/3653
f 3677/3883/3583 3674/3880/3580 3751/3957/3656
f 3749/3955/3654 3748/3954/3653 3752/3958/3657
f 3674/3880/3580 3753/3959/3658 3751/3957/3656
f 3671/3877/3577 3753/3959/3658 3674/3880/3580
f 3748/3954/3653 3751/3957/3656 3754/3960/3659
f 3752/3958/3657 3748/3954/3653 3754/3960/3659
f 3753/3959/3658 3671/3877/3577 3755/3961/3660
f 3669/3875/3575 3755/3961/3660 3671/3877/3577
f 3756/3962/3661 3749/3955/3654 3752/3958/3657
f 3749/3955/3654 3756/3962/3661 3750/3956/3655
f 3752/3958/3657 3754/3960/3659 3757/3963/3662
f 3757/3963/3662 3756/3962/3661 3752/3958/3657
f 3751/3957/3656 3758/3964/3663 3754/3960/3659
f 3758/3964/3663 3757/3963/3662 3754/3960/3659
f 3758/3964/3663 3751/3957/3656 3759/3965/3664
f 3751/3957/3656 3753/3959/3658 3759/3965/3664
f 3760/3966/3665 3758/3964/3663 3759/3965/3664
f 3759/3965/3664 3753/3959/3658 3760/3966/3665
f 3758/3964/3663 3761/3967/3666 3757/3963/3662
f 3760/3966/3665 3753/3959/3658 3762/3968/3667
f 3762/3968/3667 3753/3959/3658 3755/3961/3660
f 3760/3966/3665 3763/3969/3668 3758/3964/3663
f 3758/3964/3663 3763/3969/3668 3761/3967/3666
f 3762/3968/3667 3764/3970/3669 3760/3966/3665
f 3760/3966/3665 3764/3970/3669 3763/3969/3668
f 3765/3971/3670 3757/3963/3662 3761/3967/3666
f 3756/3962/3661 3757/3963/3662 3765/3971/3670
f 3763/3969/3668 3766/3972/3671 3761/3967/3666
f 3765/3971/3670 3767/3973/3672 3756/3962/3661
f 3767/3973/3672 3750/3956/3655 3756/3962/3661
f 3761/3967/3666 3768/3974/3673 3765/3971/3670
f 3766/3972/3671 3768/3974/3673 3761/3967/3666
f 3767/3973/3672 3765/3971/3670 3769/3975/3674
f 3769/3975/3674 3765/3971/3670 3768/3974/3673
f 3750/3956/3655 3767/3973/3672 3770/3976/3675
f 3750/3956/3655 3770/3976/3675 3747/3953/3652
f 3771/3977/3676 3767/3973/3672 3769/3975/3674
f 3772/3978/3677 3747/3953/3652 3770/3976/3675
f 3747/3953/3652 3772/3978/3677 3744/3950/3650
f 3767/3973/3672 3773/3979/3678 3770/3976/3675
f 3767/3973/3672 3771/3977/3676 3773/3979/3678
f 3770/3976/3675 3774/3980/3679 3772/3978/3677
f 3773/3979/3678 3774/3980/3679 3770/3976/3675
f 3772/3978/3677 3775/3981/3680 3744/3950/3650
f 3744/3950/3650 3775/3981/3680 3741/3947/3647
f 3774/3980/3679 3776/3982/3681 3772/3978/3677
f 3772/3978/3677 3776/3982/3681 3775/3981/3680
f 3775/3981/3680 3777/3983/3682 3741/3947/3647
f 3741/3947/3647 3777/3983/3682 3738/3944/3644
f 3776/3982/3681 3778/3984/3683 3775/3981/3680
f 3775/3981/3680 3778/3984/3683 3777/3983/3682
f 3777/3983/3682 3779/3985/3684 3738/3944/3644
f 3738/3944/3644 3779/3985/3684 3735/3941/3641
f 3778/3984/3683 3780/3986/3685 3777/3983/3682
f 3777/3983/3682 3780/3986/3685 3779/3985/3684
f 3779/3985/3684 3781/3987/3686 3735/3941/3641
f 3735/3941/3641 3781/3987/3686 3730/3936/3636
f 3780/3986/3685 3782/3988/3687 3779/3985/3684
f 3779/3985/3684 3782/3988/3687 3781/3987/3686
f 3781/3987/3686 3783/3989/3688 3730/3936/3636
f 3730/3936/3636 3783/3989/3688 3725/3931/3631
f 3725/3931/3631 3783/3989/3688 3723/3929/3629
f 3726/3932/3632 3723/3929/3629 3783/3989/3688
f 3781/3987/3686 3784/3990/3689 3783/3989/3688
f 3784/3990/3689 3726/3932/3632 3783/3989/3688
f 3782/3988/3687 3784/3990/3689 3781/3987/3686
f 3784/3990/3689 3785/3991/3690 3726/3932/3632
f 3726/3932/3632 3785/3991/3690 3531/3737/3442
f 3528/3734/3439 3531/3737/3442 3785/3991/3690
f 3784/3990/3689 3782/3988/3687 3786/3992/1146
f 3784/3990/3689 3786/3992/1146 3785/3991/3690
f 3785/3991/3690 3787/3993/3691 3528/3734/3439
f 3787/3993/3691 3785/3991/3690 3786/3992/1146
f 3527/3733/3438 3528/3734/3439 3787/3993/3691
f 3782/3988/3687 3788/3994/3692 3786/3992/1146
f 3782/3988/3687 3780/3986/3685 3788/3994/3692
f 3786/3992/1146 3789/3995/3693 3787/3993/3691
f 3786/3992/1146 3788/3994/3692 3789/3995/3693
f 3787/3993/3691 3790/3996/3694 3527/3733/3438
f 3790/3996/3694 3787/3993/3691 3789/3995/3693
f 3790/3996/3694 3791/3997/3695 3527/3733/3438
f 3790/3996/3694 3792/3998/3696 3791/3997/3695
f 3790/3996/3694 3793/3999/3697 3792/3998/3696
f 3789/3995/3693 3793/3999/3697 3790/3996/3694
f 3793/3999/3697 3794/4000/3698 3792/3998/3696
f 3795/4001/3699 3793/3999/3697 3789/3995/3693
f 3788/3994/3692 3795/4001/3699 3789/3995/3693
f 3793/3999/3697 3796/4002/3700 3794/4000/3698
f 3796/4002/3700 3793/3999/3697 3795/4001/3699
f 3796/4002/3700 3797/4003/2396 3794/4000/3698
f 3788/3994/3692 3798/4004/3701 3795/4001/3699
f 3798/4004/3701 3788/3994/3692 3780/3986/3685
f 3778/3984/3683 3798/4004/3701 3780/3986/3685
f 3795/4001/3699 3799/4005/3702 3796/4002/3700
f 3799/4005/3702 3795/4001/3699 3798/4004/3701
f 3796/4002/3700 3800/4006/3703 3797/4003/2396
f 3800/4006/3703 3796/4002/3700 3799/4005/3702
f 3800/4006/3703 3801/4007/3704 3797/4003/2396
f 3778/3984/3683 3802/4008/3705 3798/4004/3701
f 3802/4008/3705 3799/4005/3702 3798/4004/3701
f 3776/3982/3681 3802/4008/3705 3778/3984/3683
f 3799/4005/3702 3803/4009/3706 3800/4006/3703
f 3803/4009/3706 3799/4005/3702 3802/4008/3705
f 3804/4010/3707 3802/4008/3705 3776/3982/3681
f 3804/4010/3707 3803/4009/3706 3802/4008/3705
f 3774/3980/3679 3804/4010/3707 3776/3982/3681
f 3805/4011/3708 3800/4006/3703 3803/4009/3706
f 3800/4006/3703 3805/4011/3708 3801/4007/3704
f 3806/4012/3709 3803/4009/3706 3804/4010/3707
f 3806/4012/3709 3805/4011/3708 3803/4009/3706
f 3807/4013/3710 3804/4010/3707 3774/3980/3679
f 3807/4013/3710 3806/4012/3709 3804/4010/3707
f 3773/3979/3678 3807/4013/3710 3774/3980/3679
f 3808/4014/3711 3801/4007/3704 3805/4011/3708
f 3808/4014/3711 3805/4011/3708 3806/4012/3709
f 3809/4015/3712 3801/4007/3704 3808/4014/3711
f 3773/3979/3678 3810/4016/3713 3807/4013/3710
f 3810/4016/3713 3773/3979/3678 3771/3977/3676
f 3811/4017/3714 3806/4012/3709 3807/4013/3710
f 3810/4016/3713 3811/4017/3714 3807/4013/3710
f 3811/4017/3714 3808/4014/3711 3806/4012/3709
f 3812/4018/3715 3809/4015/3712 3808/4014/3711
f 3811/4017/3714 3812/4018/3715 3808/4014/3711
f 3812/4018/3715 3813/4019/3716 3809/4015/3712
f 3810/4016/3713 3814/4020/3717 3811/4017/3714
f 3771/3977/3676 3814/4020/3717 3810/4016/3713
f 3812/4018/3715 3811/4017/3714 3815/4021/3718
f 3814/4020/3717 3815/4021/3718 3811/4017/3714
f 3816/4022/3719 3813/4019/3716 3812/4018/3715
f 3815/4021/3718 3816/4022/3719 3812/4018/3715
f 3813/4019/3716 3816/4022/3719 3817/4023/3720
f 3817/4023/3720 3818/4024/3721 3813/4019/3716
f 3816/4022/3719 3815/4021/3718 3819/4025/3722
f 3814/4020/3717 3819/4025/3722 3815/4021/3718
f 3816/4022/3719 3820/4026/3723 3817/4023/3720
f 3820/4026/3723 3816/4022/3719 3819/4025/3722
f 3818/4024/3721 3817/4023/3720 3821/4027/3724
f 3821/4027/3724 3822/4028/3725 3818/4024/3721
f 3823/4029/3726 3817/4023/3720 3820/4026/3723
f 3817/4023/3720 3823/4029/3726 3821/4027/3724
f 3824/4030/3727 3820/4026/3723 3819/4025/3722
f 3824/4030/3727 3823/4029/3726 3820/4026/3723
f 3819/4025/3722 3814/4020/3717 3825/4031/3728
f 3825/4031/3728 3824/4030/3727 3819/4025/3722
f 3814/4020/3717 3826/4032/3729 3825/4031/3728
f 3826/4032/3729 3824/4030/3727 3825/4031/3728
f 3771/3977/3676 3827/4033/3730 3814/4020/3717
f 3769/3975/3674 3827/4033/3730 3771/3977/3676
f 3826/4032/3729 3814/4020/3717 3828/4034/3731
f 3828/4034/3731 3814/4020/3717 3827/4033/3730
f 3827/4033/3730 3769/3975/3674 3829/4035/3732
f 3768/3974/3673 3829/4035/3732 3769/3975/3674
f 3830/4036/3733 3828/4034/3731 3827/4033/3730
f 3831/4037/3734 3829/4035/3732 3768/3974/3673
f 3766/3972/3671 3831/4037/3734 3768/3974/3673
f 3832/4038/3735 3827/4033/3730 3829/4035/3732
f 3831/4037/3734 3832/4038/3735 3829/4035/3732
f 3832/4038/3735 3830/4036/3733 3827/4033/3730
f 3833/4039/3736 3831/4037/3734 3766/3972/3671
f 3828/4034/3731 3830/4036/3733 3834/4040/3737
f 3834/4040/3737 3826/4032/3729 3828/4034/3731
f 3766/3972/3671 3835/4041/3738 3833/4039/3736
f 3766/3972/3671 3763/3969/3668 3835/4041/3738
f 3833/4039/3736 3836/4042/3739 3831/4037/3734
f 3832/4038/3735 3831/4037/3734 3836/4042/3739
f 3763/3969/3668 3837/4043/3740 3835/4041/3738
f 3837/4043/3740 3763/3969/3668 3764/3970/3669
f 3838/4044/3741 3833/4039/3736 3835/4041/3738
f 3837/4043/3740 3838/4044/3741 3835/4041/3738
f 3836/4042/3739 3833/4039/3736 3839/4045/3742
f 3838/4044/3741 3839/4045/3742 3833/4039/3736
f 3836/4042/3739 3840/4046/3743 3832/4038/3735
f 3838/4044/3741 3837/4043/3740 3841/4047/3744
f 3840/4046/3743 3836/4042/3739 3842/4048/3745
f 3839/4045/3742 3842/4048/3745 3836/4042/3739
f 3843/4049/3746 3832/4038/3735 3840/4046/3743
f 3832/4038/3735 3843/4049/3746 3830/4036/3733
f 3844/4050/3747 3839/4045/3742 3838/4044/3741
f 3841/4047/3744 3844/4050/3747 3838/4044/3741
f 3843/4049/3746 3840/4046/3743 3845/4051/3748
f 3842/4048/3745 3845/4051/3748 3840/4046/3743
f 3846/4052/3749 3830/4036/3733 3843/4049/3746
f 3834/4040/3737 3830/4036/3733 3846/4052/3749
f 3845/4051/3748 3847/4053/3750 3843/4049/3746
f 3847/4053/3750 3846/4052/3749 3843/4049/3746
f 3845/4051/3748 3842/4048/3745 3848/4054/3751
f 3845/4051/3748 3849/4055/3752 3847/4053/3750
f 3848/4054/3751 3849/4055/3752 3845/4051/3748
f 3847/4053/3750 3850/4056/3753 3846/4052/3749
f 3849/4055/3752 3850/4056/3753 3847/4053/3750
f 3846/4052/3749 3851/4057/3754 3834/4040/3737
f 3826/4032/3729 3834/4040/3737 3851/4057/3754
f 3850/4056/3753 3852/4058/3755 3846/4052/3749
f 3851/4057/3754 3846/4052/3749 3852/4058/3755
f 3850/4056/3753 3853/4059/3756 3852/4058/3755
f 3853/4059/3756 3851/4057/3754 3852/4058/3755
f 3849/4055/3752 3854/4060/3757 3850/4056/3753
f 3850/4056/3753 3854/4060/3757 3853/4059/3756
f 3855/4061/3758 3826/4032/3729 3851/4057/3754
f 3851/4057/3754 3853/4059/3756 3855/4061/3758
f 3826/4032/3729 3855/4061/3758 3856/4062/3759
f 3824/4030/3727 3826/4032/3729 3856/4062/3759
f 3853/4059/3756 3857/4063/3760 3855/4061/3758
f 3857/4063/3760 3856/4062/3759 3855/4061/3758
f 3854/4060/3757 3858/4064/3761 3853/4059/3756
f 3857/4063/3760 3853/4059/3756 3858/4064/3761
f 3859/4065/3762 3854/4060/3757 3849/4055/3752
f 3859/4065/3762 3858/4064/3761 3854/4060/3757
f 3848/4054/3751 3859/4065/3762 3849/4055/3752
f 3856/4062/3759 3857/4063/3760 3860/4066/3763
f 3856/4062/3759 3860/4066/3763 3824/4030/3727
f 3858/4064/3761 3861/4067/3764 3857/4063/3760
f 3861/4067/3764 3860/4066/3763 3857/4063/3760
f 3862/4068/3765 3858/4064/3761 3859/4065/3762
f 3861/4067/3764 3858/4064/3761 3862/4068/3765
f 3863/4069/3766 3859/4065/3762 3848/4054/3751
f 3862/4068/3765 3859/4065/3762 3863/4069/3766
f 3864/4070/3767 3861/4067/3764 3862/4068/3765
f 3864/4070/3767 3862/4068/3765 3863/4069/3766
f 3865/4071/3768 3863/4069/3766 3848/4054/3751
f 3842/4048/3745 3865/4071/3768 3848/4054/3751
f 3865/4071/3768 3842/4048/3745 3839/4045/3742
f 3844/4050/3747 3865/4071/3768 3839/4045/3742
f 3866/4072/3769 3864/4070/3767 3863/4069/3766
f 3863/4069/3766 3865/4071/3768 3866/4072/3769
f 3867/4073/3770 3861/4067/3764 3864/4070/3767
f 3844/4050/3747 3868/4074/3771 3865/4071/3768
f 3867/4073/3770 3869/4075/3772 3861/4067/3764
f 3869/4075/3772 3860/4066/3763 3861/4067/3764
f 3870/4076/3773 3867/4073/3770 3864/4070/3767
f 3870/4076/3773 3864/4070/3767 3866/4072/3769
f 3869/4075/3772 3867/4073/3770 3871/4077/3774
f 3872/4078/3775 3860/4066/3763 3869/4075/3772
f 3872/4078/3775 3869/4075/3772 3871/4077/3774
f 3867/4073/3770 3870/4076/3773 3873/4079/3776
f 3873/4079/3776 3871/4077/3774 3867/4073/3770
f 3874/4080/3777 3860/4066/3763 3872/4078/3775
f 3874/4080/3777 3824/4030/3727 3860/4066/3763
f 3875/4081/3778 3872/4078/3775 3871/4077/3774
f 3824/4030/3727 3874/4080/3777 3876/4082/3779
f 3824/4030/3727 3876/4082/3779 3823/4029/3726
f 3877/4083/3780 3874/4080/3777 3872/4078/3775
f 3872/4078/3775 3875/4081/3778 3877/4083/3780
f 3878/4084/3781 3876/4082/3779 3874/4080/3777
f 3874/4080/3777 3877/4083/3780 3878/4084/3781
f 3823/4029/3726 3876/4082/3779 3879/4085/3782
f 3876/4082/3779 3878/4084/3781 3879/4085/3782
f 3879/4085/3782 3880/4086/3783 3823/4029/3726
f 3821/4027/3724 3823/4029/3726 3880/4086/3783
f 3881/4087/3784 3879/4085/3782 3878/4084/3781
f 3821/4027/3724 3880/4086/3783 3882/4088/3785
f 3821/4027/3724 3882/4088/3785 3822/4028/3725
f 3880/4086/3783 3879/4085/3782 3883/4089/3786
f 3879/4085/3782 3881/4087/3784 3883/4089/3786
f 3882/4088/3785 3880/4086/3783 3884/4090/3787
f 3883/4089/3786 3884/4090/3787 3880/4086/3783
f 3882/4088/3785 3885/4091/3788 3822/4028/3725
f 3884/4090/3787 3885/4091/3788 3882/4088/3785
f 3885/4091/3788 3886/4092/3789 3822/4028/3725
f 3884/4090/3787 3883/4089/3786 3887/4093/3790
f 3885/4091/3788 3888/4094/3791 3886/4092/3789
f 3888/4094/3791 3889/4095/3792 3886/4092/3789
f 3884/4090/3787 3890/4096/3793 3885/4091/3788
f 3890/4096/3793 3888/4094/3791 3885/4091/3788
f 3887/4093/3790 3890/4096/3793 3884/4090/3787
f 3888/4094/3791 3891/4097/3794 3889/4095/3792
f 3891/4097/3794 3892/4098/3795 3889/4095/3792
f 3890/4096/3793 3893/4099/3796 3888/4094/3791
f 3893/4099/3796 3891/4097/3794 3888/4094/3791
f 3891/4097/3794 3894/4100/3797 3892/4098/3795
f 3895/4101/3798 3892/4098/3795 3894/4100/3797
f 3894/4100/3797 3398/3547/3310 3895/4101/3798
f 3896/4102/3799 3894/4100/3797 3891/4097/3794
f 3893/4099/3796 3896/4102/3799 3891/4097/3794
f 3894/4100/3797 3897/4103/3800 3398/3547/3310
f 3897/4103/3800 3894/4100/3797 3896/4102/3799
f 3401/3550/3313 3398/3547/3310 3897/4103/3800
f 3898/4104/3801 3896/4102/3799 3893/4099/3796
f 3899/4105/3802 3897/4103/3800 3896/4102/3799
f 3898/4104/3801 3899/4105/3802 3896/4102/3799
f 3897/4103/3800 3900/4106/3803 3401/3550/3313
f 3900/4106/3803 3897/4103/3800 3899/4105/3802
f 3901/4107/3804 3898/4104/3801 3893/4099/3796
f 3901/4107/3804 3893/4099/3796 3890/4096/3793
f 3890/4096/3793 3887/4093/3790 3901/4107/3804
f 3902/4108/3805 3899/4105/3802 3898/4104/3801
f 3903/4109/3806 3898/4104/3801 3901/4107/3804
f 3903/4109/3806 3902/4108/3805 3898/4104/3801
f 3904/4110/3807 3901/4107/3804 3887/4093/3790
f 3901/4107/3804 3904/4110/3807 3903/4109/3806
f 3902/4108/3805 3905/4111/3808 3899/4105/3802
f 3905/4111/3808 3900/4106/3803 3899/4105/3802
f 3906/4112/3809 3902/4108/3805 3903/4109/3806
f 3907/4113/3810 3905/4111/3808 3902/4108/3805
f 3902/4108/3805 3906/4112/3809 3907/4113/3810
f 3905/4111/3808 3908/4114/3811 3900/4106/3803
f 3903/4109/3806 3909/4115/3812 3906/4112/3809
f 3909/4115/3812 3903/4109/3806 3904/4110/3807
f 3910/4116/3813 3908/4114/3811 3905/4111/3808
f 3905/4111/3808 3907/4113/3810 3910/4116/3813
f 3908/4114/3811 3911/4117/3814 3900/4106/3803
f 3911/4117/3814 3401/3550/3313 3900/4106/3803
f 3401/3550/3313 3911/4117/3814 3403/3553/3315
f 3911/4117/3814 3405/3556/3317 3403/3553/3315
f 3912/4118/3815 3405/3556/3317 3911/4117/3814
f 3912/4118/3815 3407/3559/3319 3405/3556/3317
f 3908/4114/3811 3913/4119/3816 3911/4117/3814
f 3913/4119/3816 3912/4118/3815 3911/4117/3814
f 3407/3559/3319 3912/4118/3815 3914/4120/3817
f 3914/4120/3817 3409/3561/3321 3407/3559/3319
f 3913/4119/3816 3915/4121/3818 3912/4118/3815
f 3915/4121/3818 3914/4120/3817 3912/4118/3815
f 3916/4122/3819 3913/4119/3816 3908/4114/3811
f 3908/4114/3811 3910/4116/3813 3916/4122/3819
f 3917/4123/3820 3915/4121/3818 3913/4119/3816
f 3913/4119/3816 3916/4122/3819 3917/4123/3820
f 3409/3561/3321 3914/4120/3817 3918/4124/3821
f 3918/4124/3821 3411/3564/3323 3409/3561/3321
f 3914/4120/3817 3915/4121/3818 3919/4125/3822
f 3919/4125/3822 3918/4124/3821 3914/4120/3817
f 3411/3564/3323 3918/4124/3821 3920/4126/3823
f 3919/4125/3822 3920/4126/3823 3918/4124/3821
f 3920/4126/3823 3413/3567/3325 3411/3564/3323
f 3921/4127/3824 3919/4125/3822 3915/4121/3818
f 3915/4121/3818 3917/4123/3820 3921/4127/3824
f 3413/3567/3325 3920/4126/3823 3922/4128/3825
f 3922/4128/3825 3415/3570/3327 3413/3567/3325
f 3920/4126/3823 3919/4125/3822 3923/4129/3826
f 3923/4129/3826 3922/4128/3825 3920/4126/3823
f 3415/3570/3327 3922/4128/3825 3924/4130/3827
f 3924/4130/3827 3417/3574/3329 3415/3570/3327
f 3922/4128/3825 3923/4129/3826 3925/4131/3828
f 3925/4131/3828 3924/4130/3827 3922/4128/3825
f 3926/4132/3829 3923/4129/3826 3919/4125/3822
f 3926/4132/3829 3925/4131/3828 3923/4129/3826
f 3919/4125/3822 3921/4127/3824 3926/4132/3829
f 3417/3574/3329 3924/4130/3827 3927/4133/3830
f 3927/4133/3830 3419/3577/3331 3417/3574/3329
f 3924/4130/3827 3925/4131/3828 3928/4134/3831
f 3928/4134/3831 3927/4133/3830 3924/4130/3827
f 3419/3577/3331 3927/4133/3830 3929/4135/3832
f 3929/4135/3832 3421/3580/3333 3419/3577/3331
f 3927/4133/3830 3928/4134/3831 3930/4136/3833
f 3930/4136/3833 3929/4135/3832 3927/4133/3830
f 3931/4137/3834 3928/4134/3831 3925/4131/3828
f 3925/4131/3828 3926/4132/3829 3931/4137/3834
f 3932/4138/3835 3930/4136/3833 3928/4134/3831
f 3928/4134/3831 3931/4137/3834 3932/4138/3835
f 3929/4135/3832 3933/4139/3836 3421/3580/3333
f 3933/4139/3836 3423/3583/3335 3421/3580/3333
f 3929/4135/3832 3930/4136/3833 3934/4140/3837
f 3934/4140/3837 3933/4139/3836 3929/4135/3832
f 3930/4136/3833 3932/4138/3835 3935/4141/3838
f 3934/4140/3837 3930/4136/3833 3935/4141/3838
f 3933/4139/3836 3936/4142/3839 3423/3583/3335
f 3426/3588/3338 3423/3583/3335 3936/4142/3839
f 3934/4140/3837 3937/4143/3840 3933/4139/3836
f 3937/4143/3840 3936/4142/3839 3933/4139/3836
f 3935/4141/3838 3938/4144/3841 3934/4140/3837
f 3937/4143/3840 3934/4140/3837 3938/4144/3841
f 3936/4142/3839 3939/4145/3842 3426/3588/3338
f 3429/3593/3341 3426/3588/3338 3939/4145/3842
f 3937/4143/3840 3940/4146/3843 3936/4142/3839
f 3940/4146/3843 3939/4145/3842 3936/4142/3839
f 3938/4144/3841 3941/4147/3844 3937/4143/3840
f 3940/4146/3843 3937/4143/3840 3941/4147/3844
f 3939/4145/3842 3942/4148/3845 3429/3593/3341
f 3431/3596/3343 3429/3593/3341 3942/4148/3845
f 3940/4146/3843 3943/4149/3846 3939/4145/3842
f 3944/4150/3847 3431/3596/3343 3942/4148/3845
f 3431/3596/3343 3944/4150/3847 3433/3599/3345
f 3939/4145/3842 3945/4151/3848 3942/4148/3845
f 3944/4150/3847 3942/4148/3845 3945/4151/3848
f 3945/4151/3848 3939/4145/3842 3943/4149/3846
f 3433/3599/3345 3944/4150/3847 3946/4152/3849
f 3433/3599/3345 3946/4152/3849 3436/3605/3348
f 3947/4153/3850 3944/4150/3847 3945/4151/3848
f 3943/4149/3846 3947/4153/3850 3945/4151/3848
f 3436/3605/3348 3946/4152/3849 3948/4154/3851
f 3436/3605/3348 3948/4154/3851 3438/3608/3350
f 3944/4150/3847 3949/4155/3852 3946/4152/3849
f 3949/4155/3852 3948/4154/3851 3946/4152/3849
f 3947/4153/3850 3950/4156/3853 3944/4150/3847
f 3949/4155/3852 3944/4150/3847 3950/4156/3853
f 3947/4153/3850 3943/4149/3846 3951/4157/3854
f 3950/4156/3853 3947/4153/3850 3952/4158/3855
f 3951/4157/3854 3952/4158/3855 3947/4153/3850
f 3953/4159/3856 3949/4155/3852 3950/4156/3853
f 3952/4158/3855 3953/4159/3856 3950/4156/3853
f 3954/4160/3857 3951/4157/3854 3943/4149/3846
f 3954/4160/3857 3943/4149/3846 3940/4146/3843
f 3941/4147/3844 3954/4160/3857 3940/4146/3843
f 3952/4158/3855 3951/4157/3854 3955/4161/3858
f 3954/4160/3857 3955/4161/3858 3951/4157/3854
f 3955/4161/3858 3956/4162/3859 3952/4158/3855
f 3953/4159/3856 3952/4158/3855 3956/4162/3859
f 3955/4161/3858 3954/4160/3857 3957/4163/3860
f 3956/4162/3859 3955/4161/3858 3958/4164/3861
f 3957/4163/3860 3958/4164/3861 3955/4161/3858
f 3954/4160/3857 3941/4147/3844 3959/4165/3862
f 3959/4165/3862 3957/4163/3860 3954/4160/3857
f 3960/4166/3863 3959/4165/3862 3941/4147/3844
f 3941/4147/3844 3938/4144/3841 3960/4166/3863
f 3957/4163/3860 3959/4165/3862 3961/4167/3864
f 3938/4144/3841 3962/4168/3865 3960/4166/3863
f 3962/4168/3865 3938/4144/3841 3935/4141/3838
f 3959/4165/3862 3960/4166/3863 3963/4169/3866
f 3963/4169/3866 3961/4167/3864 3959/4165/3862
f 3964/4170/3867 3960/4166/3863 3962/4168/3865
f 3960/4166/3863 3964/4170/3867 3963/4169/3866
f 3935/4141/3838 3965/4171/3868 3962/4168/3865
f 3965/4171/3868 3935/4141/3838 3932/4138/3835
f 3931/4137/3834 3965/4171/3868 3932/4138/3835
f 3962/4168/3865 3966/4172/3869 3964/4170/3867
f 3966/4172/3869 3962/4168/3865 3965/4171/3868
f 3931/4137/3834 3967/4173/3870 3965/4171/3868
f 3967/4173/3870 3966/4172/3869 3965/4171/3868
f 3926/4132/3829 3967/4173/3870 3931/4137/3834
f 3966/4172/3869 3968/4174/3871 3964/4170/3867
f 3968/4174/3871 3963/4169/3866 3964/4170/3867
f 3926/4132/3829 3969/4175/3872 3967/4173/3870
f 3969/4175/3872 3926/4132/3829 3921/4127/3824
f 3967/4173/3870 3970/4176/3873 3966/4172/3869
f 3969/4175/3872 3970/4176/3873 3967/4173/3870
f 3921/4127/3824 3971/4177/3874 3969/4175/3872
f 3971/4177/3874 3921/4127/3824 3917/4123/3820
f 3969/4175/3872 3972/4178/3875 3970/4176/3873
f 3972/4178/3875 3969/4175/3872 3971/4177/3874
f 3970/4176/3873 3973/4179/3876 3966/4172/3869
f 3966/4172/3869 3973/4179/3876 3968/4174/3871
f 3974/4180/3877 3970/4176/3873 3972/4178/3875
f 3970/4176/3873 3974/4180/3877 3973/4179/3876
f 3971/4177/3874 3975/4181/3878 3972/4178/3875
f 3917/4123/3820 3976/4182/3879 3971/4177/3874
f 3975/4181/3878 3971/4177/3874 3976/4182/3879
f 3976/4182/3879 3917/4123/3820 3916/4122/3819
f 3977/4183/3880 3972/4178/3875 3975/4181/3878
f 3972/4178/3875 3977/4183/3880 3974/4180/3877
f 3916/4122/3819 3978/4184/3881 3976/4182/3879
f 3978/4184/3881 3916/4122/3819 3910/4116/3813
f 3976/4182/3879 3979/4185/3882 3975/4181/3878
f 3979/4185/3882 3976/4182/3879 3978/4184/3881
f 3910/4116/3813 3980/4186/3883 3978/4184/3881
f 3980/4186/3883 3910/4116/3813 3907/4113/3810
f 3978/4184/3881 3981/4187/3884 3979/4185/3882
f 3981/4187/3884 3978/4184/3881 3980/4186/3883
f 3982/4188/3885 3975/4181/3878 3979/4185/3882
f 3975/4181/3878 3982/4188/3885 3977/4183/3880
f 3983/4189/3886 3979/4185/3882 3981/4187/3884
f 3979/4185/3882 3983/4189/3886 3982/4188/3885
f 3980/4186/3883 3984/4190/3887 3981/4187/3884
f 3907/4113/3810 3985/4191/3888 3980/4186/3883
f 3984/4190/3887 3980/4186/3883 3985/4191/3888
f 3985/4191/3888 3907/4113/3810 3906/4112/3809
f 3986/4192/3889 3981/4187/3884 3984/4190/3887
f 3981/4187/3884 3986/4192/3889 3983/4189/3886
f 3906/4112/3809 3987/4193/3890 3985/4191/3888
f 3987/4193/3890 3906/4112/3809 3909/4115/3812
f 3985/4191/3888 3988/4194/3891 3984/4190/3887
f 3988/4194/3891 3985/4191/3888 3987/4193/3890
f 3984/4190/3887 3989/4195/3892 3986/4192/3889
f 3989/4195/3892 3984/4190/3887 3988/4194/3891
f 3990/4196/3893 3983/4189/3886 3986/4192/3889
f 3991/4197/3894 3986/4192/3889 3989/4195/3892
f 3986/4192/3889 3991/4197/3894 3990/4196/3893
f 3988/4194/3891 3992/4198/3895 3989/4195/3892
f 3983/4189/3886 3990/4196/3893 3993/4199/3896
f 3993/4199/3896 3982/4188/3885 3983/4189/3886
f 3992/4198/3895 3988/4194/3891 3994/4200/3897
f 3987/4193/3890 3994/4200/3897 3988/4194/3891
f 3982/4188/3885 3993/4199/3896 3995/4201/3898
f 3995/4201/3898 3977/4183/3880 3982/4188/3885
f 3994/4200/3897 3987/4193/3890 3996/4202/3899
f 3909/4115/3812 3996/4202/3899 3987/4193/3890
f 3977/4183/3880 3995/4201/3898 3997/4203/3900
f 3997/4203/3900 3974/4180/3877 3977/4183/3880
f 3996/4202/3899 3909/4115/3812 3998/4204/3901
f 3904/4110/3807 3998/4204/3901 3909/4115/3812
f 3974/4180/3877 3997/4203/3900 3999/4205/3902
f 3974/4180/3877 3999/4205/3902 3973/4179/3876
f 3998/4204/3901 3904/4110/3807 4000/4206/3903
f 3887/4093/3790 4000/4206/3903 3904/4110/3807
f 4000/4206/3903 3887/4093/3790 3883/4089/3786
f 3883/4089/3786 3881/4087/3784 4000/4206/3903
f 4000/4206/3903 4001/4207/3904 3998/4204/3901
f 3881/4087/3784 4001/4207/3904 4000/4206/3903
f 4002/4208/3905 3998/4204/3901 4001/4207/3904
f 3998/4204/3901 4002/4208/3905 3996/4202/3899
f 4001/4207/3904 3881/4087/3784 4003/4209/3906
f 3878/4084/3781 4003/4209/3906 3881/4087/3784
f 4003/4209/3906 3878/4084/3781 3877/4083/3780
f 4003/4209/3906 4004/4210/3907 4001/4207/3904
f 4001/4207/3904 4004/4210/3907 4002/4208/3905
f 3877/4083/3780 4005/4211/3908 4003/4209/3906
f 4003/4209/3906 4005/4211/3908 4004/4210/3907
f 4006/4212/3909 3996/4202/3899 4002/4208/3905
f 3996/4202/3899 4006/4212/3909 3994/4200/3897
f 4007/4213/3910 4002/4208/3905 4004/4210/3907
f 4002/4208/3905 4007/4213/3910 4006/4212/3909
f 4008/4214/3911 3994/4200/3897 4006/4212/3909
f 3994/4200/3897 4008/4214/3911 3992/4198/3895
f 4009/4215/3912 4006/4212/3909 4007/4213/3910
f 4006/4212/3909 4009/4215/3912 4008/4214/3911
f 4004/4210/3907 4010/4216/3913 4007/4213/3910
f 4005/4211/3908 4010/4216/3913 4004/4210/3907
f 4007/4213/3910 4011/4217/3914 4009/4215/3912
f 4011/4217/3914 4007/4213/3910 4010/4216/3913
f 4012/4218/3915 4008/4214/3911 4009/4215/3912
f 4013/4219/3916 4009/4215/3912 4011/4217/3914
f 4012/4218/3915 4009/4215/3912 4013/4219/3916
f 4010/4216/3913 4014/4220/3917 4011/4217/3914
f 4015/4221/3918 4008/4214/3911 4012/4218/3915
f 4015/4221/3918 3992/4198/3895 4008/4214/3911
f 4005/4211/3908 4016/4222/3919 4010/4216/3913
f 4014/4220/3917 4010/4216/3913 4016/4222/3919
f 4015/4221/3918 4017/4223/3920 3992/4198/3895
f 4017/4223/3920 3989/4195/3892 3992/4198/3895
f 3989/4195/3892 4017/4223/3920 3991/4197/3894
f 4017/4223/3920 4015/4221/3918 4018/4224/3921
f 4019/4225/3922 3991/4197/3894 4017/4223/3920
f 4018/4224/3921 4019/4225/3922 4017/4223/3920
f 4018/4224/3921 4015/4221/3918 4020/4226/3923
f 4015/4221/3918 4012/4218/3915 4020/4226/3923
f 4021/4227/3924 4019/4225/3922 4018/4224/3921
f 4020/4226/3923 4012/4218/3915 4022/4228/3925
f 4012/4218/3915 4013/4219/3916 4022/4228/3925
f 4023/4229/3926 4018/4224/3921 4020/4226/3923
f 4021/4227/3924 4018/4224/3921 4023/4229/3926
f 4023/4229/3926 4020/4226/3923 4024/4230/3927
f 4024/4230/3927 4020/4226/3923 4022/4228/3925
f 4025/4231/3928 4019/4225/3922 4021/4227/3924
f 4026/4232/3929 4024/4230/3927 4022/4228/3925
f 4025/4231/3928 4027/4233/3930 4019/4225/3922
f 4019/4225/3922 4027/4233/3930 3991/4197/3894
f 4027/4233/3930 3990/4196/3893 3991/4197/3894
f 4028/4234/3931 4026/4232/3929 4022/4228/3925
f 4022/4228/3925 4013/4219/3916 4028/4234/3931
f 4027/4233/3930 4029/4235/3932 3990/4196/3893
f 4029/4235/3932 3993/4199/3896 3990/4196/3893
f 4030/4236/3933 4028/4234/3931 4013/4219/3916
f 4013/4219/3916 4011/4217/3914 4030/4236/3933
f 4030/4236/3933 4011/4217/3914 4014/4220/3917
f 4029/4235/3932 4031/4237/3934 3993/4199/3896
f 4031/4237/3934 3995/4201/3898 3993/4199/3896
f 4030/4236/3933 4014/4220/3917 4032/4238/3935
f 3995/4201/3898 4031/4237/3934 4033/4239/3936
f 4033/4239/3936 3997/4203/3900 3995/4201/3898
f 4029/4235/3932 4034/4240/3937 4031/4237/3934
f 3997/4203/3900 4033/4239/3936 4035/4241/3938
f 3997/4203/3900 4035/4241/3938 3999/4205/3902
f 4031/4237/3934 4036/4242/3939 4033/4239/3936
f 4036/4242/3939 4031/4237/3934 4034/4240/3937
f 4037/4243/3940 4033/4239/3936 4036/4242/3939
f 4033/4239/3936 4037/4243/3940 4035/4241/3938
f 4034/4240/3937 4029/4235/3932 4038/4244/3941
f 4027/4233/3930 4038/4244/3941 4029/4235/3932
f 4038/4244/3941 4027/4233/3930 4039/4245/3942
f 4027/4233/3930 4025/4231/3928 4039/4245/3942
f 4038/4244/3941 4040/4246/3943 4034/4240/3937
f 4040/4246/3943 4038/4244/3941 4039/4245/3942
f 4034/4240/3937 4040/4246/3943 4036/4242/3939
f 4025/4231/3928 4040/4246/3943 4039/4245/3942
f 4036/4242/3939 4040/4246/3943 4037/4243/3940
f 4021/4227/3924 4040/4246/3943 4025/4231/3928
f 4023/4229/3926 4040/4246/3943 4021/4227/3924
f 4024/4230/3927 4040/4246/3943 4023/4229/3926
f 4026/4232/3929 4040/4246/3943 4024/4230/3927
f 4035/4241/3938 4037/4243/3940 4041/4247/3944
f 4037/4243/3940 4040/4246/3943 4041/4247/3944
f 4041/4247/3944 4042/4248/3945 4035/4241/3938
f 4042/4248/3945 3999/4205/3902 4035/4241/3938
f 4042/4248/3945 4041/4247/3944 4043/4249/3946
f 4041/4247/3944 4040/4246/3943 4043/4249/3946
f 3999/4205/3902 4042/4248/3945 4044/4250/3947
f 3973/4179/3876 3999/4205/3902 4044/4250/3947
f 3973/4179/3876 4044/4250/3947 3968/4174/3871
f 4042/4248/3945 4045/4251/1747 4044/4250/3947
f 3968/4174/3871 4044/4250/3947 4045/4251/1747
f 4043/4249/3946 4046/4252/3948 4042/4248/3945
f 4045/4251/1747 4042/4248/3945 4046/4252/3948
f 3968/4174/3871 4045/4251/1747 4047/4253/3949
f 3963/4169/3866 3968/4174/3871 4047/4253/3949
f 4047/4253/3949 3961/4167/3864 3963/4169/3866
f 4048/4254/3950 4045/4251/1747 4046/4252/3948
f 4048/4254/3950 4047/4253/3949 4045/4251/1747
f 4043/4249/3946 4049/4255/3951 4046/4252/3948
f 4048/4254/3950 4046/4252/3948 4049/4255/3951
f 3961/4167/3864 4047/4253/3949 4050/4256/3952
f 4050/4256/3952 4047/4253/3949 4048/4254/3950
f 4049/4255/3951 4043/4249/3946 4051/4257/3953
f 4043/4249/3946 4040/4246/3943 4051/4257/3953
f 4052/4258/3954 4048/4254/3950 4049/4255/3951
f 4052/4258/3954 4050/4256/3952 4048/4254/3950
f 4049/4255/3951 4051/4257/3953 4053/4259/3955
f 4053/4259/3955 4052/4258/3954 4049/4255/3951
f 4053/4259/3955 4051/4257/3953 4054/4260/3956
f 4051/4257/3953 4040/4246/3943 4054/4260/3956
f 4055/4261/3957 4052/4258/3954 4053/4259/3955
f 4053/4259/3955 4054/4260/3956 4056/4262/3917
f 4053/4259/3955 4056/4262/3917 4055/4261/3957
f 4050/4256/3952 4052/4258/3954 4057/4263/3958
f 4055/4261/3957 4057/4263/3958 4052/4258/3954
f 4058/4264/3959 3961/4167/3864 4050/4256/3952
f 4050/4256/3952 4057/4263/3958 4058/4264/3959
f 3961/4167/3864 4058/4264/3959 3957/4163/3860
f 3958/4164/3861 3957/4163/3860 4058/4264/3959
f 4059/4265/1751 4058/4264/3959 4057/4263/3958
f 4058/4264/3959 4059/4265/1751 3958/4164/3861
f 4057/4263/3958 4055/4261/3957 4059/4265/1751
f 4059/4265/1751 3956/4162/3859 3958/4164/3861
f 4059/4265/1751 4060/4266/3960 3956/4162/3859
f 4055/4261/3957 4060/4266/3960 4059/4265/1751
f 4060/4266/3960 3953/4159/3856 3956/4162/3859
f 4055/4261/3957 4061/4267/3961 4060/4266/3960
f 4061/4267/3961 4055/4261/3957 4056/4262/3917
f 3953/4159/3856 4060/4266/3960 4062/4268/3962
f 4061/4267/3961 4062/4268/3962 4060/4266/3960
f 4062/4268/3962 4063/4269/3963 3953/4159/3856
f 3949/4155/3852 3953/4159/3856 4063/4269/3963
f 4062/4268/3962 4061/4267/3961 4064/4270/3964
f 4063/4269/3963 4065/4271/3965 3949/4155/3852
f 3948/4154/3851 3949/4155/3852 4065/4271/3965
f 4063/4269/3963 4062/4268/3962 4066/4272/3966
f 4064/4270/3964 4066/4272/3966 4062/4268/3962
f 4065/4271/3965 4067/4273/3967 3948/4154/3851
f 3438/3608/3350 3948/4154/3851 4067/4273/3967
f 4065/4271/3965 4063/4269/3963 4068/4274/3968
f 4066/4272/3966 4068/4274/3968 4063/4269/3963
f 4067/4273/3967 4065/4271/3965 4069/4275/3969
f 4068/4274/3968 4069/4275/3969 4065/4271/3965
f 4070/4276/3970 3438/3608/3350 4067/4273/3967
f 4069/4275/3969 4070/4276/3970 4067/4273/3967
f 3438/3608/3350 4070/4276/3970 3440/3611/3352
f 4069/4275/3969 4068/4274/3968 4071/4277/3971
f 4072/4278/3972 3440/3611/3352 4070/4276/3970
f 3440/3611/3352 4072/4278/3972 3442/3614/3354
f 3447/3621/3359 3442/3614/3354 4072/4278/3972
f 4070/4276/3970 4069/4275/3969 4073/4279/3973
f 4071/4277/3971 4073/4279/3973 4069/4275/3969
f 4070/4276/3970 4074/4280/3974 4072/4278/3972
f 4074/4280/3974 4070/4276/3970 4073/4279/3973
f 4072/4278/3972 4075/4281/3975 3447/3621/3359
f 4075/4281/3975 4072/4278/3972 4074/4280/3974
f 4076/4282/3976 3447/3621/3359 4075/4281/3975
f 3447/3621/3359 4076/4282/3976 3450/3625/3362
f 4074/4280/3974 4077/4283/3977 4075/4281/3975
f 4075/4281/3975 4078/4284/3978 4076/4282/3976
f 4078/4284/3978 4075/4281/3975 4077/4283/3977
f 4073/4279/3973 4079/4285/3979 4074/4280/3974
f 4077/4283/3977 4074/4280/3974 4079/4285/3979
f 4079/4285/3979 4073/4279/3973 4080/4286/3980
f 4073/4279/3973 4071/4277/3971 4080/4286/3980
f 4079/4285/3979 4081/4287/3981 4077/4283/3977
f 4080/4286/3980 4082/4288/3982 4079/4285/3979
f 4081/4287/3981 4079/4285/3979 4082/4288/3982
f 4083/4289/3983 4080/4286/3980 4071/4277/3971
f 4084/4290/3984 4077/4283/3977 4081/4287/3981
f 4077/4283/3977 4084/4290/3984 4078/4284/3978
f 4080/4286/3980 4083/4289/3983 4085/4291/3985
f 4082/4288/3982 4080/4286/3980 4085/4291/3985
f 4071/4277/3971 4086/4292/3983 4083/4289/3983
f 4086/4292/3983 4071/4277/3971 4068/4274/3968
f 4068/4274/3968 4066/4272/3966 4086/4292/3983
f 4087/4293/3986 4086/4292/3983 4066/4272/3966
f 4066/4272/3966 4064/4270/3964 4087/4293/3986
f 4088/4294/3987 4083/4289/3983 4086/4292/3983
f 4086/4292/3983 4087/4293/3986 4088/4294/3987
f 4089/4295/3988 4085/4291/3985 4083/4289/3983
f 4083/4289/3983 4088/4294/3987 4089/4295/3988
f 4090/4296/3989 4082/4288/3982 4085/4291/3985
f 4085/4291/3985 4089/4295/3988 4090/4296/3989
f 4082/4288/3982 4090/4296/3989 4091/4297/3990
f 4091/4297/3990 4081/4287/3981 4082/4288/3982
f 4092/4298/3991 4090/4296/3989 4089/4295/3988
f 4081/4287/3981 4091/4297/3990 4093/4299/3992
f 4081/4287/3981 4093/4299/3992 4084/4290/3984
f 4094/4300/3993 4091/4297/3990 4090/4296/3989
f 4090/4296/3989 4092/4298/3991 4094/4300/3993
f 4095/4301/3994 4093/4299/3992 4091/4297/3990
f 4091/4297/3990 4094/4300/3993 4095/4301/3994
f 4089/4295/3988 4096/4302/3995 4092/4298/3991
f 4096/4302/3995 4089/4295/3988 4088/4294/3987
f 4092/4298/3991 4097/4303/3996 4094/4300/3993
f 4097/4303/3996 4092/4298/3991 4096/4302/3995
f 4098/4304/3997 4095/4301/3994 4094/4300/3993
f 4094/4300/3993 4097/4303/3996 4098/4304/3997
f 4088/4294/3987 4099/4305/3998 4096/4302/3995
f 4099/4305/3998 4088/4294/3987 4087/4293/3986
f 4096/4302/3995 4100/4306/3999 4097/4303/3996
f 4100/4306/3999 4096/4302/3995 4099/4305/3998
f 4101/4307/4000 4099/4305/3998 4087/4293/3986
f 4101/4307/4000 4087/4293/3986 4064/4270/3964
f 4099/4305/3998 4102/4308/4001 4100/4306/3999
f 4101/4307/4000 4102/4308/4001 4099/4305/3998
f 4100/4306/3999 4040/4246/3943 4097/4303/3996
f 4040/4246/3943 4100/4306/3999 4102/4308/4001
f 4097/4303/3996 4040/4246/3943 4098/4304/3997
f 4102/4308/4001 4101/4307/4000 4103/4309/4002
f 4103/4309/4002 4040/4246/3943 4102/4308/4001
f 4104/4310/4003 4101/4307/4000 4064/4270/3964
f 4104/4310/4003 4103/4309/4002 4101/4307/4000
f 4064/4270/3964 4061/4267/3961 4104/4310/4003
f 4056/4262/3917 4104/4310/4003 4061/4267/3961
f 4103/4309/4002 4104/4310/4003 4105/4311/2691
f 4105/4311/2691 4040/4246/3943 4103/4309/4002
f 4056/4262/3917 4106/4312/4004 4104/4310/4003
f 4104/4310/4003 4106/4312/4004 4105/4311/2691
f 4056/4262/3917 4054/4260/3956 4106/4312/4004
f 4106/4312/4004 4040/4246/3943 4105/4311/2691
f 4054/4260/3956 4040/4246/3943 4106/4312/4004
f 4040/4246/3943 4107/4313/4005 4098/4304/3997
f 4095/4301/3994 4098/4304/3997 4107/4313/4005
f 4107/4313/4005 4108/4314/4006 4095/4301/3994
f 4093/4299/3992 4095/4301/3994 4108/4314/4006
f 4109/4315/4007 4108/4314/4006 4107/4313/4005
f 4108/4314/4006 4110/4316/4008 4093/4299/3992
f 4084/4290/3984 4093/4299/3992 4110/4316/4008
f 4109/4315/4007 4107/4313/4005 4111/4317/4009
f 4107/4313/4005 4040/4246/3943 4111/4317/4009
f 4108/4314/4006 4109/4315/4007 4112/4318/4010
f 4113/4319/4011 4109/4315/4007 4111/4317/4009
f 4112/4318/4010 4109/4315/4007 4113/4319/4011
f 4108/4314/4006 4112/4318/4010 4114/4320/4012
f 4110/4316/4008 4108/4314/4006 4114/4320/4012
f 4113/4319/4011 4115/4321/4013 4112/4318/4010
f 4114/4320/4012 4112/4318/4010 4115/4321/4013
f 4116/4322/4014 4113/4319/4011 4111/4317/4009
f 4114/4320/4012 4117/4323/4015 4110/4316/4008
f 4116/4322/4014 4118/4324/4016 4113/4319/4011
f 4115/4321/4013 4113/4319/4011 4118/4324/4016
f 4116/4322/4014 4111/4317/4009 4119/4325/4017
f 4040/4246/3943 4119/4325/4017 4111/4317/4009
f 4120/4326/4018 4114/4320/4012 4115/4321/4013
f 4117/4323/4015 4114/4320/4012 4120/4326/4018
f 4119/4325/4017 4121/4327/4019 4116/4322/4014
f 4122/4328/4020 4110/4316/4008 4117/4323/4015
f 4084/4290/3984 4110/4316/4008 4122/4328/4020
f 4122/4328/4020 4078/4284/3978 4084/4290/3984
f 4123/4329/4021 4116/4322/4014 4121/4327/4019
f 4118/4324/4016 4116/4322/4014 4123/4329/4021
f 4078/4284/3978 4122/4328/4020 4124/4330/4022
f 4124/4330/4022 4076/4282/3976 4078/4284/3978
f 4123/4329/4021 4125/4331/4023 4118/4324/4016
f 4076/4282/3976 4124/4330/4022 4126/4332/4024
f 4126/4332/4024 3450/3625/3362 4076/4282/3976
f 4118/4324/4016 4125/4331/4023 4127/4333/4025
f 4115/4321/4013 4118/4324/4016 4127/4333/4025
f 3450/3625/3362 4126/4332/4024 4128/4334/4026
f 3449/3624/3361 3450/3625/3362 4128/4334/4026
f 4129/4335/4027 4115/4321/4013 4127/4333/4025
f 4130/4336/4028 3449/3624/3361 4128/4334/4026
f 3449/3624/3361 4130/4336/4028 3452/3628/3364
f 4131/4337/4029 4128/4334/4026 4126/4332/4024
f 4128/4334/4026 4131/4337/4029 4130/4336/4028
f 4132/4338/4030 3452/3628/3364 4130/4336/4028
f 3452/3628/3364 4132/4338/4030 3454/3631/3366
f 4133/4339/4031 4130/4336/4028 4131/4337/4029
f 4130/4336/4028 4133/4339/4031 4132/4338/4030
f 4126/4332/4024 4134/4340/4032 4131/4337/4029
f 4134/4340/4032 4126/4332/4024 4124/4330/4022
f 4131/4337/4029 4135/4341/4033 4133/4339/4031
f 4131/4337/4029 4134/4340/4032 4135/4341/4033
f 4124/4330/4022 4136/4342/4034 4134/4340/4032
f 4124/4330/4022 4122/4328/4020 4136/4342/4034
f 4134/4340/4032 4137/4343/4035 4135/4341/4033
f 4134/4340/4032 4136/4342/4034 4137/4343/4035
f 4133/4339/4031 4135/4341/4033 4138/4344/4036
f 4139/4345/4037 4135/4341/4033 4137/4343/4035
f 4135/4341/4033 4139/4345/4037 4138/4344/4036
f 4133/4339/4031 4138/4344/4036 4140/4346/4038
f 4140/4346/4038 4132/4338/4030 4133/4339/4031
f 4141/4347/4039 4138/4344/4036 4139/4345/4037
f 4132/4338/4030 4140/4346/4038 4142/4348/4040
f 4142/4348/4040 3454/3631/3366 4132/4338/4030
f 3454/3631/3366 4142/4348/4040 3455/3632/3367
f 4140/4346/4038 4138/4344/4036 4143/4349/4041
f 4138/4344/4036 4141/4347/4039 4143/4349/4041
f 4142/4348/4040 4140/4346/4038 4144/4350/4042
f 4144/4350/4042 4140/4346/4038 4143/4349/4041
f 4145/4351/4043 3455/3632/3367 4142/4348/4040
f 4145/4351/4043 4142/4348/4040 4144/4350/4042
f 3455/3632/3367 4145/4351/4043 3457/3635/3369
f 3457/3635/3369 4145/4351/4043 3461/3640/3373
f 3461/3640/3373 4145/4351/4043 4146/4352/4044
f 4145/4351/4043 4144/4350/4042 4146/4352/4044
f 3461/3640/3373 4146/4352/4044 3466/3647/3378
f 4146/4352/4044 4144/4350/4042 4147/4353/4045
f 4144/4350/4042 4143/4349/4041 4147/4353/4045
f 3466/3647/3378 4146/4352/4044 4148/4354/4046
f 4148/4354/4046 4146/4352/4044 4147/4353/4045
f 3469/3651/3380 3466/3647/3378 4148/4354/4046
f 4143/4349/4041 4149/4355/4047 4147/4353/4045
f 4149/4355/4047 4143/4349/4041 4141/4347/4039
f 4148/4354/4046 4147/4353/4045 4150/4356/4048
f 4149/4355/4047 4150/4356/4048 4147/4353/4045
f 3469/3651/3380 4148/4354/4046 4151/4357/4049
f 4151/4357/4049 4148/4354/4046 4150/4356/4048
f 4151/4357/4049 4152/4358/4050 3469/3651/3380
f 3468/3650/3379 3469/3651/3380 4152/4358/4050
f 4152/4358/4050 3471/3654/3382 3468/3650/3379
f 4151/4357/4049 4150/4356/4048 4153/4359/4051
f 3471/3654/3382 4152/4358/4050 4154/4360/4052
f 4152/4358/4050 4151/4357/4049 4155/4361/4053
f 4155/4361/4053 4154/4360/4052 4152/4358/4050
f 4153/4359/4051 4155/4361/4053 4151/4357/4049
f 4154/4360/4052 3473/3657/3384 3471/3654/3382
f 4156/4362/4054 4153/4359/4051 4150/4356/4048
f 4150/4356/4048 4149/4355/4047 4156/4362/4054
f 3473/3657/3384 4154/4360/4052 4157/4363/4055
f 4156/4362/4054 4149/4355/4047 4158/4364/4056
f 4149/4355/4047 4141/4347/4039 4158/4364/4056
f 4159/4365/4057 3473/3657/3384 4157/4363/4055
f 4159/4365/4057 3474/3658/3385 3473/3657/3384
f 3479/3665/3390 3474/3658/3385 4159/4365/4057
f 3645/3851/3551 3479/3665/3390 4159/4365/4057
f 4160/4366/4058 4159/4365/4057 4157/4363/4055
f 4159/4365/4057 4160/4366/4058 3645/3851/3551
f 4161/4367/4059 4157/4363/4055 4154/4360/4052
f 4157/4363/4055 4161/4367/4059 4160/4366/4058
f 4154/4360/4052 4155/4361/4053 4161/4367/4059
f 4162/4368/4060 3645/3851/3551 4160/4366/4058
f 3645/3851/3551 4162/4368/4060 3644/3850/3550
f 3647/3853/3553 3644/3850/3550 4162/4368/4060
f 4163/4369/4061 4160/4366/4058 4161/4367/4059
f 4160/4366/4058 4163/4369/4061 4162/4368/4060
f 4164/4370/4062 4161/4367/4059 4155/4361/4053
f 4161/4367/4059 4164/4370/4062 4163/4369/4061
f 4155/4361/4053 4153/4359/4051 4164/4370/4062
f 4162/4368/4060 4165/4371/4063 3647/3853/3553
f 4165/4371/4063 4162/4368/4060 4163/4369/4061
f 4165/4371/4063 3666/3872/3572 3647/3853/3553
f 4166/4372/4064 4163/4369/4061 4164/4370/4062
f 4163/4369/4061 4166/4372/4064 4165/4371/4063
f 4167/4373/4065 4164/4370/4062 4153/4359/4051
f 4164/4370/4062 4167/4373/4065 4166/4372/4064
f 4153/4359/4051 4156/4362/4054 4167/4373/4065
f 4168/4374/4066 4165/4371/4063 4166/4372/4064
f 4167/4373/4065 4156/4362/4054 4169/4375/4067
f 4156/4362/4054 4158/4364/4056 4169/4375/4067
f 4166/4372/4064 4167/4373/4065 4170/4376/4068
f 4167/4373/4065 4169/4375/4067 4170/4376/4068
f 4166/4372/4064 4170/4376/4068 4168/4374/4066
f 4169/4375/4067 4158/4364/4056 4171/4377/4069
f 4170/4376/4068 4169/4375/4067 4172/4378/4070
f 4169/4375/4067 4171/4377/4069 4172/4378/4070
f 4173/4379/4071 4168/4374/4066 4170/4376/4068
f 4170/4376/4068 4172/4378/4070 4173/4379/4071
f 4165/4371/4063 4168/4374/4066 4174/4380/4072
f 3666/3872/3572 4165/4371/4063 4174/4380/4072
f 4175/4381/4073 4174/4380/4072 4168/4374/4066
f 4168/4374/4066 4173/4379/4071 4175/4381/4073
f 3666/3872/3572 4174/4380/4072 4176/4382/4074
f 4174/4380/4072 4175/4381/4073 4176/4382/4074
f 4176/4382/4074 3668/3874/3574 3666/3872/3572
f 4175/4381/4073 4177/4383/4075 4176/4382/4074
f 4176/4382/4074 4177/4383/4075 3668/3874/3574
f 4173/4379/4071 4178/4384/4076 4175/4381/4073
f 4177/4383/4075 4175/4381/4073 4178/4384/4076
f 4179/4385/4077 3668/3874/3574 4177/4383/4075
f 3668/3874/3574 4179/4385/4077 3662/3868/3568
f 4180/4386/4078 4177/4383/4075 4178/4384/4076
f 4177/4383/4075 4180/4386/4078 4179/4385/4077
f 4181/4387/4079 4178/4384/4076 4173/4379/4071
f 4173/4379/4071 4172/4378/4070 4181/4387/4079
f 4178/4384/4076 4182/4388/4080 4180/4386/4078
f 4182/4388/4080 4178/4384/4076 4181/4387/4079
f 4172/4378/4070 4183/4389/4081 4181/4387/4079
f 4172/4378/4070 4171/4377/4069 4183/4389/4081
f 4184/4390/4082 4182/4388/4080 4181/4387/4079
f 4181/4387/4079 4183/4389/4081 4184/4390/4082
f 4182/4388/4080 4185/4391/4083 4180/4386/4078
f 4171/4377/4069 4186/4392/4084 4183/4389/4081
f 4185/4391/4083 4182/4388/4080 4187/4393/4085
f 4182/4388/4080 4184/4390/4082 4187/4393/4085
f 4180/4386/4078 4185/4391/4083 4188/4394/4086
f 4188/4394/4086 4179/4385/4077 4180/4386/4078
f 4179/4385/4077 4189/4395/4087 3662/3868/3568
f 4179/4385/4077 4188/4394/4086 4189/4395/4087
f 4189/4395/4087 3660/3866/3566 3662/3868/3568
f 3660/3866/3566 4189/4395/4087 4190/4396/4088
f 3660/3866/3566 4190/4396/4088 3658/3864/3564
f 4191/4397/4089 4189/4395/4087 4188/4394/4086
f 4191/4397/4089 4190/4396/4088 4189/4395/4087
f 4192/4398/4090 4188/4394/4086 4185/4391/4083
f 4192/4398/4090 4191/4397/4089 4188/4394/4086
f 4190/4396/4088 4193/4399/4091 3658/3864/3564
f 4190/4396/4088 4191/4397/4089 4193/4399/4091
f 4193/4399/4091 4194/4400/4092 3658/3864/3564
f 3658/3864/3564 4194/4400/4092 3661/3867/3567
f 4195/4401/4093 4193/4399/4091 4191/4397/4089
f 4195/4401/4093 4191/4397/4089 4192/4398/4090
f 4193/4399/4091 4196/4402/4094 4194/4400/4092
f 4193/4399/4091 4195/4401/4093 4196/4402/4094
f 4197/4403/4095 3661/3867/3567 4194/4400/4092
f 4196/4402/4094 4197/4403/4095 4194/4400/4092
f 3661/3867/3567 4197/4403/4095 3669/3875/3575
f 3755/3961/3660 3669/3875/3575 4197/4403/4095
f 4198/4404/4096 4197/4403/4095 4196/4402/4094
f 4198/4404/4096 3755/3961/3660 4197/4403/4095
f 4195/4401/4093 4198/4404/4096 4196/4402/4094
f 3762/3968/3667 3755/3961/3660 4198/4404/4096
f 4198/4404/4096 4195/4401/4093 4199/4405/4097
f 3762/3968/3667 4198/4404/4096 4199/4405/4097
f 4199/4405/4097 4195/4401/4093 4200/4406/4098
f 4200/4406/4098 4195/4401/4093 4192/4398/4090
f 4199/4405/4097 4201/4407/4099 3762/3968/3667
f 3762/3968/3667 4201/4407/4099 3764/3970/3669
f 4201/4407/4099 4199/4405/4097 4202/4408/4100
f 4202/4408/4100 3764/3970/3669 4201/4407/4099
f 4202/4408/4100 4199/4405/4097 4200/4406/4098
f 3764/3970/3669 4202/4408/4100 3837/4043/3740
f 3837/4043/3740 4202/4408/4100 3841/4047/3744
f 4200/4406/4098 4192/4398/4090 4203/4409/4101
f 4185/4391/4083 4203/4409/4101 4192/4398/4090
f 4202/4408/4100 4200/4406/4098 4204/4410/3731
f 4204/4410/3731 3841/4047/3744 4202/4408/4100
f 4203/4409/4101 4204/4410/3731 4200/4406/4098
f 4185/4391/4083 4187/4393/4085 4203/4409/4101
f 4204/4410/3731 4205/4411/4102 3841/4047/3744
f 4205/4411/4102 3844/4050/3747 3841/4047/3744
f 4205/4411/4102 3868/4074/3771 3844/4050/3747
f 4203/4409/4101 4206/4412/4103 4204/4410/3731
f 4187/4393/4085 4206/4412/4103 4203/4409/4101
f 4204/4410/3731 4207/4413/4104 4205/4411/4102
f 4206/4412/4103 4207/4413/4104 4204/4410/3731
f 4207/4413/4104 4208/4414/4105 4205/4411/4102
f 4205/4411/4102 4208/4414/4105 3868/4074/3771
f 4206/4412/4103 4209/4415/4106 4207/4413/4104
f 4207/4413/4104 4209/4415/4106 4208/4414/4105
f 4187/4393/4085 4210/4416/4107 4206/4412/4103
f 4206/4412/4103 4210/4416/4107 4209/4415/4106
f 4187/4393/4085 4211/4417/4108 4210/4416/4107
f 4184/4390/4082 4211/4417/4108 4187/4393/4085
f 4211/4417/4108 4212/4418/4085 4210/4416/4107
f 4184/4390/4082 4212/4418/4085 4211/4417/4108
f 4210/4416/4107 4213/4419/4109 4209/4415/4106
f 4212/4418/4085 4213/4419/4109 4210/4416/4107
f 4209/4415/4106 4214/4420/4110 4208/4414/4105
f 4213/4419/4109 4214/4420/4110 4209/4415/4106
f 4214/4420/4110 4215/4421/4111 4208/4414/4105
f 4208/4414/4105 4215/4421/4111 3868/4074/3771
f 4213/4419/4109 4216/4422/3759 4214/4420/4110
f 4214/4420/4110 4216/4422/3759 4215/4421/4111
f 4215/4421/4111 4217/4423/4112 3868/4074/3771
f 3868/4074/3771 4217/4423/4112 3865/4071/3768
f 4217/4423/4112 3866/4072/3769 3865/4071/3768
f 4217/4423/4112 4215/4421/4111 4218/4424/4113
f 4216/4422/3759 4218/4424/4113 4215/4421/4111
f 3866/4072/3769 4217/4423/4112 4219/4425/4114
f 4218/4424/4113 4219/4425/4114 4217/4423/4112
f 4219/4425/4114 3870/4076/3773 3866/4072/3769
f 3870/4076/3773 4219/4425/4114 4220/4426/4115
f 3870/4076/3773 4220/4426/4115 3873/4079/3776
f 4221/4427/4116 4219/4425/4114 4218/4424/4113
f 4219/4425/4114 4221/4427/4116 4220/4426/4115
f 4222/4428/4117 3873/4079/3776 4220/4426/4115
f 4221/4427/4116 4222/4428/4117 4220/4426/4115
f 4218/4424/4113 4223/4429/4118 4221/4427/4116
f 4218/4424/4113 4216/4422/3759 4223/4429/4118
f 4222/4428/4117 4221/4427/4116 4224/4430/4119
f 4223/4429/4118 4224/4430/4119 4221/4427/4116
f 3873/4079/3776 4222/4428/4117 4225/4431/4120
f 3871/4077/3774 3873/4079/3776 4225/4431/4120
f 3875/4081/3778 3871/4077/3774 4225/4431/4120
f 4224/4430/4119 4226/4432/4121 4222/4428/4117
f 4227/4433/4122 3875/4081/3778 4225/4431/4120
f 4222/4428/4117 4228/4434/4123 4225/4431/4120
f 4228/4434/4123 4227/4433/4122 4225/4431/4120
f 4226/4432/4121 4228/4434/4123 4222/4428/4117
f 4227/4433/4122 4229/4435/4124 3875/4081/3778
f 3875/4081/3778 4229/4435/4124 3877/4083/3780
f 3877/4083/3780 4229/4435/4124 4005/4211/3908
f 4229/4435/4124 4016/4222/3919 4005/4211/3908
f 4229/4435/4124 4227/4433/4122 4230/4436/4125
f 4016/4222/3919 4229/4435/4124 4230/4436/4125
f 4227/4433/4122 4231/4437/4126 4230/4436/4125
f 4227/4433/4122 4228/4434/4123 4231/4437/4126
f 4230/4436/4125 4232/4438/4127 4016/4222/3919
f 4232/4438/4127 4230/4436/4125 4231/4437/4126
f 4016/4222/3919 4232/4438/4127 4014/4220/3917
f 4032/4238/3935 4014/4220/3917 4232/4438/4127
f 4228/4434/4123 4233/4439/4128 4231/4437/4126
f 4232/4438/4127 4231/4437/4126 4233/4439/4128
f 4233/4439/4128 4228/4434/4123 4234/4440/4129
f 4226/4432/4121 4234/4440/4129 4228/4434/4123
f 4235/4441/4130 4232/4438/4127 4233/4439/4128
f 4232/4438/4127 4235/4441/4130 4032/4238/3935
f 4233/4439/4128 4234/4440/4129 4236/4442/4131
f 4226/4432/4121 4236/4442/4131 4234/4440/4129
f 4235/4441/4130 4233/4439/4128 4237/4443/4132
f 4237/4443/4132 4233/4439/4128 4236/4442/4131
f 4235/4441/4130 4238/4444/4133 4032/4238/3935
f 4237/4443/4132 4239/4445/4134 4235/4441/4130
f 4238/4444/4133 4235/4441/4130 4239/4445/4134
f 4240/4446/4135 4032/4238/3935 4238/4444/4133
f 4032/4238/3935 4240/4446/4135 4030/4236/3933
f 4028/4234/3931 4030/4236/3933 4240/4446/4135
f 4240/4446/4135 4241/4447/4136 4028/4234/3931
f 4241/4447/4136 4026/4232/3929 4028/4234/3931
f 4241/4447/4136 4040/4246/3943 4026/4232/3929
f 4242/4448/4137 4241/4447/4136 4240/4446/4135
f 4242/4448/4137 4040/4246/3943 4241/4447/4136
f 4238/4444/4133 4242/4448/4137 4240/4446/4135
f 4243/4449/4138 4242/4448/4137 4238/4444/4133
f 4040/4246/3943 4242/4448/4137 4243/4449/4138
f 4239/4445/4134 4243/4449/4138 4238/4444/4133
f 4040/4246/3943 4243/4449/4138 4244/4450/4139
f 4244/4450/4139 4243/4449/4138 4239/4445/4134
f 4119/4325/4017 4040/4246/3943 4244/4450/4139
f 4245/4451/4140 4244/4450/4139 4239/4445/4134
f 4119/4325/4017 4244/4450/4139 4245/4451/4140
f 4237/4443/4132 4245/4451/4140 4239/4445/4134
f 4121/4327/4019 4119/4325/4017 4245/4451/4140
f 4246/4452/4141 4245/4451/4140 4237/4443/4132
f 4246/4452/4141 4121/4327/4019 4245/4451/4140
f 4236/4442/4131 4246/4452/4141 4237/4443/4132
f 4123/4329/4021 4121/4327/4019 4246/4452/4141
f 4247/4453/4142 4123/4329/4021 4246/4452/4141
f 4246/4452/4141 4236/4442/4131 4247/4453/4142
f 4123/4329/4021 4247/4453/4142 4125/4331/4023
f 4248/4454/4143 4247/4453/4142 4236/4442/4131
f 4236/4442/4131 4226/4432/4121 4248/4454/4143
f 4248/4454/4143 4226/4432/4121 4224/4430/4119
f 4249/4455/4144 4125/4331/4023 4247/4453/4142
f 4247/4453/4142 4248/4454/4143 4249/4455/4144
f 4250/4456/4145 4248/4454/4143 4224/4430/4119
f 4224/4430/4119 4223/4429/4118 4250/4456/4145
f 4248/4454/4143 4250/4456/4145 4251/4457/4146
f 4223/4429/4118 4251/4457/4146 4250/4456/4145
f 4249/4455/4144 4248/4454/4143 4251/4457/4146
f 4251/4457/4146 4223/4429/4118 4252/4458/4147
f 4216/4422/3759 4252/4458/4147 4223/4429/4118
f 4253/4459/4148 4249/4455/4144 4251/4457/4146
f 4252/4458/4147 4253/4459/4148 4251/4457/4146
f 4125/4331/4023 4249/4455/4144 4254/4460/4149
f 4249/4455/4144 4253/4459/4148 4254/4460/4149
f 4254/4460/4149 4127/4333/4025 4125/4331/4023
f 4254/4460/4149 4129/4335/4027 4127/4333/4025
f 4129/4335/4027 4254/4460/4149 4253/4459/4148
f 4216/4422/3759 4255/4461/4150 4252/4458/4147
f 4213/4419/4109 4255/4461/4150 4216/4422/3759
f 4212/4418/4085 4255/4461/4150 4213/4419/4109
f 4253/4459/4148 4252/4458/4147 4256/4462/4151
f 4255/4461/4150 4256/4462/4151 4252/4458/4147
f 4129/4335/4027 4253/4459/4148 4257/4463/4152
f 4256/4462/4151 4257/4463/4152 4253/4459/4148
f 4212/4418/4085 4258/4464/4153 4255/4461/4150
f 4255/4461/4150 4258/4464/4153 4256/4462/4151
f 4129/4335/4027 4257/4463/4152 4259/4465/4154
f 4129/4335/4027 4259/4465/4154 4115/4321/4013
f 4120/4326/4018 4115/4321/4013 4259/4465/4154
f 4257/4463/4152 4256/4462/4151 4260/4466/4155
f 4258/4464/4153 4260/4466/4155 4256/4462/4151
f 4259/4465/4154 4257/4463/4152 4261/4467/4156
f 4259/4465/4154 4261/4467/4156 4120/4326/4018
f 4260/4466/4155 4261/4467/4156 4257/4463/4152
f 4120/4326/4018 4261/4467/4156 4262/4468/4157
f 4262/4468/4157 4117/4323/4015 4120/4326/4018
f 4260/4466/4155 4263/4469/4158 4261/4467/4156
f 4263/4469/4158 4262/4468/4157 4261/4467/4156
f 4117/4323/4015 4262/4468/4157 4264/4470/4159
f 4264/4470/4159 4122/4328/4020 4117/4323/4015
f 4263/4469/4158 4265/4471/4160 4262/4468/4157
f 4264/4470/4159 4262/4468/4157 4265/4471/4160
f 4122/4328/4020 4264/4470/4159 4266/4472/4161
f 4266/4472/4161 4264/4470/4159 4265/4471/4160
f 4136/4342/4034 4122/4328/4020 4266/4472/4161
f 4267/4473/4162 4263/4469/4158 4260/4466/4155
f 4258/4464/4153 4267/4473/4162 4260/4466/4155
f 4268/4474/4163 4265/4471/4160 4263/4469/4158
f 4267/4473/4162 4268/4474/4163 4263/4469/4158
f 4266/4472/4161 4265/4471/4160 4269/4475/4164
f 4268/4474/4163 4269/4475/4164 4265/4471/4160
f 4136/4342/4034 4266/4472/4161 4270/4476/4165
f 4270/4476/4165 4266/4472/4161 4269/4475/4164
f 4271/4477/4166 4136/4342/4034 4270/4476/4165
f 4136/4342/4034 4271/4477/4166 4137/4343/4035
f 4270/4476/4165 4269/4475/4164 4272/4478/4167
f 4268/4474/4163 4272/4478/4167 4269/4475/4164
f 4270/4476/4165 4272/4478/4167 4271/4477/4166
f 4272/4478/4167 4268/4474/4163 4273/4479/4168
f 4268/4474/4163 4267/4473/4162 4273/4479/4168
f 4272/4478/4167 4274/4480/4169 4271/4477/4166
f 4274/4480/4169 4272/4478/4167 4273/4479/4168
f 4271/4477/4166 4275/4481/4170 4137/4343/4035
f 4271/4477/4166 4274/4480/4169 4275/4481/4170
f 4139/4345/4037 4137/4343/4035 4275/4481/4170
f 4267/4473/4162 4276/4482/4171 4273/4479/4168
f 4258/4464/4153 4276/4482/4171 4267/4473/4162
f 4276/4482/4171 4258/4464/4153 4212/4418/4085
f 4184/4390/4082 4276/4482/4171 4212/4418/4085
f 4276/4482/4171 4277/4483/4172 4273/4479/4168
f 4277/4483/4172 4276/4482/4171 4184/4390/4082
f 4274/4480/4169 4273/4479/4168 4277/4483/4172
f 4183/4389/4081 4277/4483/4172 4184/4390/4082
f 4186/4392/4084 4277/4483/4172 4183/4389/4081
f 4186/4392/4084 4274/4480/4169 4277/4483/4172
f 4274/4480/4169 4186/4392/4084 4275/4481/4170
f 4278/4484/4173 4275/4481/4170 4186/4392/4084
f 4139/4345/4037 4275/4481/4170 4278/4484/4173
f 4278/4484/4173 4186/4392/4084 4171/4377/4069
f 4141/4347/4039 4139/4345/4037 4278/4484/4173
f 4158/4364/4056 4278/4484/4173 4171/4377/4069
f 4141/4347/4039 4278/4484/4173 4158/4364/4056
f 260/4485/241 256/4486/237 4279/4487/4174
f 260/4485/241 4279/4487/4174 4280/4488/4175
f 256/4486/237 4281/4489/4176 4279/4487/4174
f 256/4486/237 255/4490/236 4281/4489/4176
f 4279/4487/4174 4282/4491/4177 4280/4488/4175
f 4281/4489/4176 4282/4491/4177 4279/4487/4174
f 4281/4489/4176 255/4490/236 4283/4492/4178
f 250/4493/231 4283/4492/4178 255/4490/236
f 4284/4494/4179 4282/4491/4177 4281/4489/4176
f 4283/4492/4178 4284/4494/4179 4281/4489/4176
f 4282/4491/4177 4285/4495/4180 4280/4488/4175
f 4283/4492/4178 250/4493/231 4286/4496/4181
f 4287/4497/4182 4280/4488/4175 4285/4495/4180
f 4287/4497/4182 260/4498/241 4280/4488/4175
f 265/4499/246 260/4498/241 4287/4497/4182
f 4288/4500/4183 4285/4495/4180 4282/4491/4177
f 4288/4500/4183 4287/4497/4182 4285/4495/4180
f 4287/4497/4182 4289/4501/4184 265/4499/246
f 4288/4500/4183 4289/4501/4184 4287/4497/4182
f 265/4499/246 4289/4501/4184 266/4502/247
f 4289/4501/4184 500/4503/481 266/4502/247
f 4290/4504/4185 4288/4500/4183 4282/4491/4177
f 4290/4504/4185 4282/4491/4177 4284/4494/4179
f 4289/4501/4184 4288/4500/4183 4291/4505/4186
f 4290/4504/4185 4291/4505/4186 4288/4500/4183
f 4289/4501/4184 4292/4506/4187 500/4503/481
f 500/4503/481 4292/4506/4187 497/4507/478
f 497/4507/478 4292/4506/4187 4293/4508/4188
f 4289/4501/4184 4294/4509/4189 4292/4506/4187
f 4294/4509/4189 4289/4501/4184 4291/4505/4186
f 4295/4510/4190 4293/4508/4188 4292/4506/4187
f 4294/4509/4189 4295/4510/4190 4292/4506/4187
f 4296/4511/4191 4293/4508/4188 4295/4510/4190
f 4295/4510/4190 4294/4509/4189 4296/4511/4191
f 4291/4505/4186 4297/4512/4192 4294/4509/4189
f 4297/4512/4192 4296/4511/4191 4294/4509/4189
f 4290/4504/4185 4298/4513/4193 4291/4505/4186
f 4297/4512/4192 4291/4505/4186 4298/4513/4193
f 4296/4511/4191 4299/4514/4194 4293/4508/4188
f 497/4515/478 4293/4508/4188 4299/4514/4194
f 493/4516/474 497/4515/478 4299/4514/4194
f 493/4516/474 4299/4514/4194 4300/4517/4195
f 4300/4517/4195 4299/4514/4194 4296/4511/4191
f 4300/4517/4195 492/4518/473 493/4516/474
f 4296/4511/4191 4297/4512/4192 4301/4519/4196
f 4296/4511/4191 4301/4519/4196 4300/4517/4195
f 492/4518/473 4300/4517/4195 4302/4520/4197
f 4302/4520/4197 4300/4517/4195 4301/4519/4196
f 4302/4520/4197 487/4521/468 492/4518/473
f 4303/4522/4198 4301/4519/4196 4297/4512/4192
f 4298/4513/4193 4303/4522/4198 4297/4512/4192
f 4304/4523/4199 4302/4520/4197 4301/4519/4196
f 4301/4519/4196 4303/4522/4198 4304/4523/4199
f 487/4521/468 4302/4520/4197 4305/4524/4200
f 4305/4524/4200 4302/4520/4197 4304/4523/4199
f 487/4521/468 4305/4524/4200 4306/4525/4201
f 484/4526/465 487/4521/468 4306/4525/4201
f 4304/4523/4199 4307/4527/4202 4305/4524/4200
f 4306/4525/4201 4305/4524/4200 4307/4527/4202
f 484/4526/465 4306/4525/4201 4308/4528/4203
f 481/4529/462 484/4526/465 4308/4528/4203
f 4309/4530/4204 4306/4525/4201 4307/4527/4202
f 4309/4530/4204 4308/4528/4203 4306/4525/4201
f 4304/4523/4199 4310/4531/4205 4307/4527/4202
f 4310/4531/4205 4309/4530/4204 4307/4527/4202
f 4310/4531/4205 4304/4523/4199 4303/4522/4198
f 481/4529/462 4308/4528/4203 4311/4532/4206
f 4311/4532/4206 478/4533/459 481/4529/462
f 4308/4528/4203 4309/4530/4204 4312/4534/4207
f 4312/4534/4207 4311/4532/4206 4308/4528/4203
f 4309/4530/4204 4310/4531/4205 4313/4535/4208
f 4313/4535/4208 4312/4534/4207 4309/4530/4204
f 4314/4536/4209 4310/4531/4205 4303/4522/4198
f 4303/4522/4198 4298/4513/4193 4314/4536/4209
f 4315/4537/4210 4313/4535/4208 4310/4531/4205
f 4310/4531/4205 4314/4536/4209 4315/4537/4210
f 4316/4538/4211 4314/4536/4209 4298/4513/4193
f 4316/4538/4211 4298/4513/4193 4290/4504/4185
f 4284/4494/4179 4316/4538/4211 4290/4504/4185
f 4317/4539/4212 4314/4536/4209 4316/4538/4211
f 4317/4539/4212 4315/4537/4210 4314/4536/4209
f 4316/4538/4211 4284/4494/4179 4318/4540/4213
f 4318/4540/4213 4317/4539/4212 4316/4538/4211
f 4283/4492/4178 4318/4540/4213 4284/4494/4179
f 4286/4496/4181 4318/4540/4213 4283/4492/4178
f 4317/4539/4212 4318/4540/4213 4319/4541/4214
f 4319/4541/4214 4318/4540/4213 4286/4496/4181
f 4320/4542/4215 4315/4537/4210 4317/4539/4212
f 4321/4543/4216 4319/4541/4214 4286/4496/4181
f 250/4493/231 4321/4543/4216 4286/4496/4181
f 250/4493/231 246/4544/227 4321/4543/4216
f 4319/4541/4214 4322/4545/4217 4317/4539/4212
f 4321/4543/4216 4322/4545/4217 4319/4541/4214
f 4317/4539/4212 4322/4545/4217 4320/4542/4215
f 246/4544/227 4323/4546/4218 4321/4543/4216
f 4323/4546/4218 4322/4545/4217 4321/4543/4216
f 246/4544/227 242/4547/223 4323/4546/4218
f 4322/4545/4217 4323/4546/4218 4324/4548/4219
f 4322/4545/4217 4324/4548/4219 4320/4542/4215
f 242/4547/223 4325/4549/4220 4323/4546/4218
f 4325/4549/4220 4324/4548/4219 4323/4546/4218
f 242/4547/223 239/4550/220 4325/4549/4220
f 4320/4542/4215 4324/4548/4219 4326/4551/4221
f 4325/4549/4220 239/4550/220 4327/4552/4222
f 4324/4548/4219 4325/4549/4220 4328/4553/4223
f 4327/4552/4222 4328/4553/4223 4325/4549/4220
f 4324/4548/4219 4328/4553/4223 4326/4551/4221
f 239/4550/220 4329/4554/4224 4327/4552/4222
f 4329/4554/4224 239/4550/220 236/4555/217
f 4328/4553/4223 4327/4552/4222 4330/4556/4225
f 4329/4554/4224 4330/4556/4225 4327/4552/4222
f 236/4555/217 4331/4557/4226 4329/4554/4224
f 4331/4557/4226 236/4555/217 234/4558/215
f 4330/4556/4225 4329/4554/4224 4332/4559/4227
f 4331/4557/4226 4332/4559/4227 4329/4554/4224
f 4328/4553/4223 4330/4556/4225 4333/4560/4228
f 4326/4551/4221 4328/4553/4223 4333/4560/4228
f 4330/4556/4225 4332/4559/4227 4334/4561/4229
f 4333/4560/4228 4330/4556/4225 4334/4561/4229
f 4332/4559/4227 4331/4557/4226 4335/4562/4230
f 4331/4557/4226 234/4558/215 4336/4563/4231
f 4331/4557/4226 4336/4563/4231 4335/4562/4230
f 4336/4563/4231 234/4558/215 211/4564/192
f 4335/4562/4230 4337/4565/4232 4332/4559/4227
f 4334/4561/4229 4332/4559/4227 4337/4565/4232
f 4338/4566/4233 4336/4563/4231 211/4564/192
f 4338/4566/4233 211/4564/192 205/4567/186
f 4335/4562/4230 4336/4563/4231 4339/4568/4234
f 4336/4563/4231 4338/4566/4233 4339/4568/4234
f 4340/4569/4235 4338/4566/4233 205/4567/186
f 4340/4569/4235 205/4567/186 202/4570/183
f 4339/4568/4234 4338/4566/4233 4341/4571/4236
f 4338/4566/4233 4340/4569/4235 4341/4571/4236
f 4339/4568/4234 4342/4572/4237 4335/4562/4230
f 4337/4565/4232 4335/4562/4230 4342/4572/4237
f 4342/4572/4237 4339/4568/4234 4343/4573/4238
f 4341/4571/4236 4343/4573/4238 4339/4568/4234
f 4337/4565/4232 4342/4572/4237 4344/4574/4239
f 4343/4573/4238 4345/4575/4240 4342/4572/4237
f 4344/4574/4239 4342/4572/4237 4345/4575/4240
f 4343/4573/4238 4341/4571/4236 4346/4576/4241
f 4347/4577/4242 4337/4565/4232 4344/4574/4239
f 4334/4561/4229 4337/4565/4232 4347/4577/4242
f 4346/4576/4241 4348/4578/4243 4343/4573/4238
f 4345/4575/4240 4343/4573/4238 4348/4578/4243
f 4349/4579/4244 4334/4561/4229 4347/4577/4242
f 4334/4561/4229 4349/4579/4244 4333/4560/4228
f 4350/4580/4245 4347/4577/4242 4344/4574/4239
f 4351/4581/4246 4333/4560/4228 4349/4579/4244
f 4326/4551/4221 4333/4560/4228 4351/4581/4246
f 4352/4582/4247 4349/4579/4244 4347/4577/4242
f 4347/4577/4242 4350/4580/4245 4352/4582/4247
f 4353/4583/4248 4351/4581/4246 4349/4579/4244
f 4349/4579/4244 4352/4582/4247 4353/4583/4248
f 4354/4584/4249 4326/4551/4221 4351/4581/4246
f 4354/4584/4249 4320/4542/4215 4326/4551/4221
f 4320/4542/4215 4354/4584/4249 4315/4537/4210
f 4313/4535/4208 4315/4537/4210 4354/4584/4249
f 4351/4581/4246 4355/4585/4250 4354/4584/4249
f 4313/4535/4208 4354/4584/4249 4355/4585/4250
f 4351/4581/4246 4353/4583/4248 4355/4585/4250
f 4312/4534/4207 4313/4535/4208 4355/4585/4250
f 4355/4585/4250 4356/4586/4251 4312/4534/4207
f 4356/4586/4251 4355/4585/4250 4353/4583/4248
f 4311/4532/4206 4312/4534/4207 4356/4586/4251
f 4353/4583/4248 4357/4587/4252 4356/4586/4251
f 4357/4587/4252 4353/4583/4248 4352/4582/4247
f 4356/4586/4251 4358/4588/4253 4311/4532/4206
f 4358/4588/4253 4356/4586/4251 4357/4587/4252
f 478/4533/459 4311/4532/4206 4358/4588/4253
f 4352/4582/4247 4359/4589/4254 4357/4587/4252
f 4359/4589/4254 4352/4582/4247 4350/4580/4245
f 4357/4587/4252 4360/4590/4255 4358/4588/4253
f 4360/4590/4255 478/4533/459 4358/4588/4253
f 4360/4590/4255 4357/4587/4252 4359/4589/4254
f 478/4533/459 4360/4590/4255 472/4591/453
f 4361/4592/4256 472/4591/453 4360/4590/4255
f 4359/4589/4254 4361/4592/4256 4360/4590/4255
f 472/4591/453 4361/4592/4256 469/4593/450
f 4361/4592/4256 4359/4589/4254 4362/4594/4257
f 4350/4580/4245 4362/4594/4257 4359/4589/4254
f 4361/4592/4256 4363/4595/4258 469/4593/450
f 4362/4594/4257 4363/4595/4258 4361/4592/4256
f 4363/4595/4258 466/4596/447 469/4593/450
f 4362/4594/4257 4350/4580/4245 4364/4597/4259
f 4350/4580/4245 4344/4574/4239 4364/4597/4259
f 4344/4574/4239 4345/4575/4240 4364/4597/4259
f 4363/4595/4258 4362/4594/4257 4365/4598/4260
f 4364/4597/4259 4365/4598/4260 4362/4594/4257
f 4363/4595/4258 4366/4599/4261 466/4596/447
f 4365/4598/4260 4366/4599/4261 4363/4595/4258
f 4366/4599/4261 456/4600/437 466/4596/447
f 4345/4575/4240 4367/4601/4262 4364/4597/4259
f 4365/4598/4260 4364/4597/4259 4367/4601/4262
f 4367/4601/4262 4345/4575/4240 4348/4578/4243
f 4366/4599/4261 4365/4598/4260 4368/4602/4263
f 4367/4601/4262 4368/4602/4263 4365/4598/4260
f 4366/4599/4261 4369/4603/4264 456/4600/437
f 4368/4602/4263 4369/4603/4264 4366/4599/4261
f 4369/4603/4264 453/4604/434 456/4600/437
f 4368/4602/4263 4367/4601/4262 4370/4605/4265
f 4367/4601/4262 4348/4578/4243 4370/4605/4265
f 4369/4603/4264 4368/4602/4263 4371/4606/4266
f 4348/4578/4243 4372/4607/4267 4370/4605/4265
f 4348/4578/4243 4346/4576/4241 4372/4607/4267
f 4370/4605/4265 4373/4608/4268 4368/4602/4263
f 4370/4605/4265 4372/4607/4267 4373/4608/4268
f 4371/4606/4266 4368/4602/4263 4373/4608/4268
f 4374/4609/4269 4372/4607/4267 4346/4576/4241
f 4341/4571/4236 4374/4609/4269 4346/4576/4241
f 4372/4607/4267 4375/4610/4270 4373/4608/4268
f 4372/4607/4267 4374/4609/4269 4375/4610/4270
f 4341/4571/4236 4376/4611/4271 4374/4609/4269
f 4341/4571/4236 4340/4569/4235 4376/4611/4271
f 4374/4609/4269 4377/4612/4272 4375/4610/4270
f 4376/4611/4271 4377/4612/4272 4374/4609/4269
f 4373/4608/4268 4375/4610/4270 4378/4613/4273
f 4378/4613/4273 4371/4606/4266 4373/4608/4268
f 4340/4569/4235 4379/4614/4274 4376/4611/4271
f 4379/4614/4274 4340/4569/4235 202/4570/183
f 4376/4611/4271 4379/4614/4274 4380/4615/4275
f 4377/4612/4272 4376/4611/4271 4380/4615/4275
f 4381/4616/4276 4379/4614/4274 202/4570/183
f 4379/4614/4274 4381/4616/4276 4380/4615/4275
f 4381/4616/4276 202/4570/183 193/4617/174
f 4380/4615/4275 4382/4618/4277 4377/4612/4272
f 4383/4619/4278 4381/4616/4276 193/4617/174
f 4383/4619/4278 193/4617/174 187/4620/168
f 4380/4615/4275 4381/4616/4276 4384/4621/4279
f 4381/4616/4276 4383/4619/4278 4384/4621/4279
f 4382/4618/4277 4380/4615/4275 4384/4621/4279
f 4385/4622/4280 4383/4619/4278 187/4620/168
f 4385/4622/4280 187/4620/168 155/4623/137
f 4384/4621/4279 4383/4619/4278 4386/4624/4281
f 4383/4619/4278 4385/4622/4280 4386/4624/4281
f 4384/4621/4279 4387/4625/4282 4382/4618/4277
f 4387/4625/4282 4384/4621/4279 4386/4624/4281
f 4377/4612/4272 4382/4618/4277 4388/4626/4283
f 4375/4610/4270 4377/4612/4272 4388/4626/4283
f 4375/4610/4270 4388/4626/4283 4378/4613/4273
f 4388/4626/4283 4382/4618/4277 4389/4627/4284
f 4382/4618/4277 4387/4625/4282 4389/4627/4284
f 4378/4613/4273 4388/4626/4283 4390/4628/4285
f 4388/4626/4283 4389/4627/4284 4390/4628/4285
f 4390/4628/4285 4391/4629/4286 4378/4613/4273
f 4371/4606/4266 4378/4613/4273 4391/4629/4286
f 4390/4628/4285 4389/4627/4284 4392/4630/4287
f 4393/4631/4288 4371/4606/4266 4391/4629/4286
f 4371/4606/4266 4393/4631/4288 4369/4603/4264
f 4369/4603/4264 4393/4631/4288 453/4604/434
f 4391/4629/4286 4390/4628/4285 4394/4632/4289
f 4392/4630/4287 4394/4632/4289 4390/4628/4285
f 4391/4629/4286 4395/4633/4290 4393/4631/4288
f 4393/4631/4288 4395/4633/4290 453/4604/434
f 4395/4633/4290 4391/4629/4286 4394/4632/4289
f 4395/4633/4290 448/4634/429 453/4604/434
f 4395/4633/4290 4396/4635/4291 448/4634/429
f 4394/4632/4289 4396/4635/4291 4395/4633/4290
f 4396/4635/4291 417/4636/398 448/4634/429
f 4396/4635/4291 4394/4632/4289 4397/4637/4292
f 4394/4632/4289 4392/4630/4287 4397/4637/4292
f 4398/4638/4293 417/4636/398 4396/4635/4291
f 4397/4637/4292 4398/4638/4293 4396/4635/4291
f 414/4639/395 417/4636/398 4398/4638/4293
f 4399/4640/4294 4397/4637/4292 4392/4630/4287
f 4400/4641/4295 414/4639/395 4398/4638/4293
f 4398/4638/4293 4397/4637/4292 4401/4642/4296
f 4401/4642/4296 4400/4641/4295 4398/4638/4293
f 4397/4637/4292 4399/4640/4294 4401/4642/4296
f 414/4639/395 4400/4641/4295 4402/4643/4297
f 411/4644/392 414/4639/395 4402/4643/4297
f 4400/4641/4295 4401/4642/4296 4403/4645/4298
f 4403/4645/4298 4402/4643/4297 4400/4641/4295
f 4399/4640/4294 4404/4646/4299 4401/4642/4296
f 4403/4645/4298 4401/4642/4296 4404/4646/4299
f 4392/4630/4287 4405/4647/4300 4399/4640/4294
f 4389/4627/4284 4405/4647/4300 4392/4630/4287
f 4389/4627/4284 4387/4625/4282 4405/4647/4300
f 4405/4647/4300 4406/4648/4301 4399/4640/4294
f 4399/4640/4294 4406/4648/4301 4404/4646/4299
f 4387/4625/4282 4407/4649/4302 4405/4647/4300
f 4405/4647/4300 4407/4649/4302 4406/4648/4301
f 4386/4624/4281 4407/4649/4302 4387/4625/4282
f 4406/4648/4301 4408/4650/4303 4404/4646/4299
f 4407/4649/4302 4386/4624/4281 4409/4651/4304
f 4386/4624/4281 4385/4622/4280 4409/4651/4304
f 4410/4652/4305 4406/4648/4301 4407/4649/4302
f 4409/4651/4304 4410/4652/4305 4407/4649/4302
f 4406/4648/4301 4410/4652/4305 4408/4650/4303
f 4385/4622/4280 4411/4653/4306 4409/4651/4304
f 155/4623/137 4411/4653/4306 4385/4622/4280
f 4409/4651/4304 4412/4654/4307 4410/4652/4305
f 4409/4651/4304 4411/4653/4306 4412/4654/4307
f 155/4623/137 4413/4655/4308 4411/4653/4306
f 4411/4653/4306 4413/4655/4308 4412/4654/4307
f 4413/4655/4308 155/4623/137 152/4656/134
f 4414/4657/4309 4410/4652/4305 4412/4654/4307
f 4410/4652/4305 4414/4657/4309 4408/4650/4303
f 4412/4654/4307 4413/4655/4308 4415/4658/4310
f 4412/4654/4307 4415/4658/4310 4414/4657/4309
f 152/4656/134 4416/4659/4311 4413/4655/4308
f 4413/4655/4308 4416/4659/4311 4415/4658/4310
f 152/4656/134 4417/4660/4312 4416/4659/4311
f 4417/4660/4312 152/4656/134 148/4661/130
f 4415/4658/4310 4416/4659/4311 4418/4662/4313
f 4416/4659/4311 4417/4660/4312 4418/4662/4313
f 4419/4663/4314 4414/4657/4309 4415/4658/4310
f 4415/4658/4310 4418/4662/4313 4419/4663/4314
f 148/4661/130 4420/4664/4315 4417/4660/4312
f 4420/4664/4315 148/4661/130 145/4665/127
f 4418/4662/4313 4417/4660/4312 4421/4666/4316
f 4417/4660/4312 4420/4664/4315 4421/4666/4316
f 145/4665/127 4422/4667/4317 4420/4664/4315
f 4422/4667/4317 145/4665/127 143/4668/125
f 4421/4666/4316 4420/4664/4315 4423/4669/4318
f 4420/4664/4315 4422/4667/4317 4423/4669/4318
f 4418/4662/4313 4421/4666/4316 4424/4670/4319
f 4424/4670/4319 4419/4663/4314 4418/4662/4313
f 4421/4666/4316 4423/4669/4318 4425/4671/4320
f 4425/4671/4320 4424/4670/4319 4421/4666/4316
f 4423/4669/4318 4422/4667/4317 4426/4672/4321
f 143/4668/125 4427/4673/4322 4422/4667/4317
f 4422/4667/4317 4427/4673/4322 4426/4672/4321
f 141/4674/123 4427/4673/4322 143/4668/125
f 4423/4669/4318 4426/4672/4321 4428/4675/4323
f 4428/4675/4323 4425/4671/4320 4423/4669/4318
f 4427/4673/4322 141/4674/123 4429/4676/4324
f 4426/4672/4321 4427/4673/4322 4430/4677/4325
f 4427/4673/4322 4429/4676/4324 4430/4677/4325
f 4431/4678/4326 4428/4675/4323 4426/4672/4321
f 4426/4672/4321 4430/4677/4325 4431/4678/4326
f 141/4674/123 4432/4679/4327 4429/4676/4324
f 4432/4679/4327 141/4674/123 140/4680/122
f 4430/4677/4325 4429/4676/4324 4433/4681/4328
f 4432/4679/4327 4433/4681/4328 4429/4676/4324
f 140/4680/122 4434/4682/4329 4432/4679/4327
f 136/4683/118 4434/4682/4329 140/4680/122
f 4433/4681/4328 4432/4679/4327 4435/4684/4330
f 4434/4682/4329 4435/4684/4330 4432/4679/4327
f 4430/4677/4325 4433/4681/4328 4436/4685/4331
f 4436/4685/4331 4431/4678/4326 4430/4677/4325
f 4437/4686/4332 4433/4681/4328 4435/4684/4330
f 4437/4686/4332 4436/4685/4331 4433/4681/4328
f 4435/4684/4330 4434/4682/4329 4438/4687/4333
f 4439/4688/4334 4437/4686/4332 4435/4684/4330
f 4439/4688/4334 4435/4684/4330 4438/4687/4333
f 4434/4682/4329 136/4683/118 4440/4689/4335
f 4440/4689/4335 4438/4687/4333 4434/4682/4329
f 136/4683/118 4441/4690/4336 4440/4689/4335
f 4441/4690/4336 136/4683/118 133/4691/115
f 4438/4687/4333 4440/4689/4335 4442/4692/4337
f 4441/4690/4336 4442/4692/4337 4440/4689/4335
f 4443/4693/4338 4439/4688/4334 4438/4687/4333
f 4443/4693/4338 4438/4687/4333 4442/4692/4337
f 4441/4690/4336 133/4691/115 4444/4694/4339
f 80/4695/62 4444/4694/4339 133/4691/115
f 4444/4694/4339 80/4695/62 4445/4696/4340
f 4444/4694/4339 4445/4696/4340 4446/4697/4341
f 80/4698/62 4446/4697/4341 4445/4696/4340
f 4447/4699/4342 4441/4690/4336 4444/4694/4339
f 4447/4699/4342 4444/4694/4339 4446/4697/4341
f 4446/4697/4341 80/4698/62 4448/4700/4343
f 4447/4699/4342 4446/4697/4341 4448/4700/4343
f 80/4698/62 76/4701/58 4448/4700/4343
f 76/4701/58 75/4702/57 4448/4700/4343
f 4441/4690/4336 4447/4699/4342 4449/4703/4344
f 4442/4692/4337 4441/4690/4336 4449/4703/4344
f 4448/4700/4343 4450/4704/4345 4447/4699/4342
f 4449/4703/4344 4447/4699/4342 4450/4704/4345
f 4451/4705/4346 4442/4692/4337 4449/4703/4344
f 4450/4704/4345 4451/4705/4346 4449/4703/4344
f 4451/4705/4346 4443/4693/4338 4442/4692/4337
f 4450/4704/4345 4448/4700/4343 4452/4706/4056
f 4452/4706/4056 4448/4700/4343 75/4702/57
f 4450/4704/4345 4453/4707/4347 4451/4705/4346
f 4454/4708/61 4450/4704/4345 4452/4706/4056
f 4453/4707/4347 4450/4704/4345 4454/4708/61
f 4455/4709/4348 4452/4706/4056 75/4702/57
f 4455/4709/4348 75/4702/57 339/4710/320
f 341/4711/322 4455/4709/4348 339/4710/320
f 4454/4708/61 4452/4706/4056 4456/4712/4349
f 4456/4712/4349 4452/4706/4056 4455/4709/4348
f 4453/4707/4347 4454/4708/61 4456/4712/4349
f 341/4711/322 4457/4713/4350 4455/4709/4348
f 4457/4713/4350 341/4711/322 4458/4714/4351
f 4457/4713/4350 4459/4715/4352 4455/4709/4348
f 4456/4712/4349 4455/4709/4348 4459/4715/4352
f 4460/4716/4353 4457/4713/4350 4458/4714/4351
f 4460/4716/4353 4459/4715/4352 4457/4713/4350
f 341/4717/322 4460/4716/4353 4458/4714/4351
f 4460/4716/4353 341/4717/322 392/4718/373
f 4461/4719/4344 4460/4716/4353 392/4718/373
f 4461/4719/4344 4459/4715/4352 4460/4716/4353
f 392/4718/373 395/4720/376 4461/4719/4344
f 4459/4715/4352 4462/4721/4336 4456/4712/4349
f 4459/4715/4352 4461/4719/4344 4462/4721/4336
f 4463/4722/4354 4456/4712/4349 4462/4721/4336
f 4463/4722/4354 4453/4707/4347 4456/4712/4349
f 4464/4723/4355 4462/4721/4336 4461/4719/4344
f 4462/4721/4336 4464/4723/4355 4463/4722/4354
f 4461/4719/4344 395/4720/376 4465/4724/4356
f 4465/4724/4356 4464/4723/4355 4461/4719/4344
f 395/4720/376 4466/4725/4357 4465/4724/4356
f 399/4726/380 4466/4725/4357 395/4720/376
f 4467/4727/4358 4464/4723/4355 4465/4724/4356
f 4466/4725/4357 4467/4727/4358 4465/4724/4356
f 4468/4728/4359 4463/4722/4354 4464/4723/4355
f 4464/4723/4355 4467/4727/4358 4468/4728/4359
f 4469/4729/4360 4453/4707/4347 4463/4722/4354
f 4468/4728/4359 4469/4729/4360 4463/4722/4354
f 4469/4729/4360 4451/4705/4346 4453/4707/4347
f 4451/4705/4346 4469/4729/4360 4443/4693/4338
f 4470/4730/4361 4443/4693/4338 4469/4729/4360
f 4470/4730/4361 4469/4729/4360 4468/4728/4359
f 4439/4688/4334 4443/4693/4338 4470/4730/4361
f 4471/4731/4362 4470/4730/4361 4468/4728/4359
f 4471/4731/4362 4468/4728/4359 4467/4727/4358
f 4472/4732/4363 4439/4688/4334 4470/4730/4361
f 4472/4732/4363 4470/4730/4361 4471/4731/4362
f 4437/4686/4332 4439/4688/4334 4472/4732/4363
f 4473/4733/4364 4471/4731/4362 4467/4727/4358
f 4473/4733/4364 4467/4727/4358 4466/4725/4357
f 4474/4734/4365 4472/4732/4363 4471/4731/4362
f 4471/4731/4362 4473/4733/4364 4474/4734/4365
f 4475/4735/4366 4437/4686/4332 4472/4732/4363
f 4475/4735/4366 4472/4732/4363 4474/4734/4365
f 4436/4685/4331 4437/4686/4332 4475/4735/4366
f 4476/4736/4367 4473/4733/4364 4466/4725/4357
f 399/4726/380 4476/4736/4367 4466/4725/4357
f 400/4737/381 4476/4736/4367 399/4726/380
f 4477/4738/4368 4436/4685/4331 4475/4735/4366
f 4436/4685/4331 4477/4738/4368 4431/4678/4326
f 4476/4736/4367 400/4737/381 4478/4739/4369
f 4479/4740/4370 4473/4733/4364 4476/4736/4367
f 4476/4736/4367 4478/4739/4369 4479/4740/4370
f 4473/4733/4364 4479/4740/4370 4474/4734/4365
f 400/4737/381 4480/4741/4371 4478/4739/4369
f 402/4742/383 4480/4741/4371 400/4737/381
f 4481/4743/4372 4479/4740/4370 4478/4739/4369
f 4480/4741/4371 4481/4743/4372 4478/4739/4369
f 4474/4734/4365 4479/4740/4370 4482/4744/4373
f 4479/4740/4370 4481/4743/4372 4482/4744/4373
f 4482/4744/4373 4475/4735/4366 4474/4734/4365
f 4477/4738/4368 4475/4735/4366 4482/4744/4373
f 4482/4744/4373 4481/4743/4372 4483/4745/4374
f 4483/4745/4374 4477/4738/4368 4482/4744/4373
f 4484/4746/4375 4481/4743/4372 4480/4741/4371
f 4481/4743/4372 4484/4746/4375 4483/4745/4374
f 402/4742/383 4485/4747/4376 4480/4741/4371
f 4480/4741/4371 4485/4747/4376 4484/4746/4375
f 402/4742/383 404/4748/385 4485/4747/4376
f 4486/4749/4377 4477/4738/4368 4483/4745/4374
f 4486/4749/4377 4431/4678/4326 4477/4738/4368
f 4431/4678/4326 4486/4749/4377 4428/4675/4323
f 4487/4750/4378 4486/4749/4377 4483/4745/4374
f 4483/4745/4374 4484/4746/4375 4487/4750/4378
f 4488/4751/4379 4428/4675/4323 4486/4749/4377
f 4488/4751/4379 4486/4749/4377 4487/4750/4378
f 4428/4675/4323 4488/4751/4379 4425/4671/4320
f 4484/4746/4375 4489/4752/4380 4487/4750/4378
f 4489/4752/4380 4484/4746/4375 4485/4747/4376
f 4490/4753/4381 4488/4751/4379 4487/4750/4378
f 4487/4750/4378 4489/4752/4380 4490/4753/4381
f 4491/4754/4382 4425/4671/4320 4488/4751/4379
f 4491/4754/4382 4488/4751/4379 4490/4753/4381
f 4425/4671/4320 4491/4754/4382 4424/4670/4319
f 4485/4747/4376 4492/4755/4383 4489/4752/4380
f 4485/4747/4376 404/4748/385 4492/4755/4383
f 404/4748/385 407/4756/388 4492/4755/4383
f 4493/4757/4384 4489/4752/4380 4492/4755/4383
f 4489/4752/4380 4493/4757/4384 4490/4753/4381
f 4492/4755/4383 407/4756/388 4494/4758/4385
f 4492/4755/4383 4494/4758/4385 4493/4757/4384
f 407/4756/388 411/4644/392 4494/4758/4385
f 4493/4757/4384 4495/4759/4386 4490/4753/4381
f 4495/4759/4386 4491/4754/4382 4490/4753/4381
f 4494/4758/4385 4496/4760/4387 4493/4757/4384
f 4493/4757/4384 4496/4760/4387 4495/4759/4386
f 4494/4758/4385 411/4644/392 4497/4761/4388
f 4496/4760/4387 4494/4758/4385 4497/4761/4388
f 4497/4761/4388 411/4644/392 4402/4643/4297
f 4498/4762/4389 4497/4761/4388 4402/4643/4297
f 4497/4761/4388 4498/4762/4389 4496/4760/4387
f 4402/4643/4297 4403/4645/4298 4498/4762/4389
f 4496/4760/4387 4499/4763/4390 4495/4759/4386
f 4496/4760/4387 4498/4762/4389 4499/4763/4390
f 4500/4764/4391 4491/4754/4382 4495/4759/4386
f 4499/4763/4390 4500/4764/4391 4495/4759/4386
f 4500/4764/4391 4424/4670/4319 4491/4754/4382
f 4424/4670/4319 4500/4764/4391 4419/4663/4314
f 4498/4762/4389 4403/4645/4298 4501/4765/4392
f 4501/4765/4392 4499/4763/4390 4498/4762/4389
f 4404/4646/4299 4501/4765/4392 4403/4645/4298
f 4404/4646/4299 4408/4650/4303 4501/4765/4392
f 4502/4766/4393 4500/4764/4391 4499/4763/4390
f 4501/4765/4392 4502/4766/4393 4499/4763/4390
f 4502/4766/4393 4419/4663/4314 4500/4764/4391
f 4408/4650/4303 4502/4766/4393 4501/4765/4392
f 4414/4657/4309 4419/4663/4314 4502/4766/4393
f 4408/4650/4303 4414/4657/4309 4502/4766/4393
f 4503/4767/4394 1257/4768/1219 1261/4769/1223
f 1261/4769/1223 1262/4770/1224 4503/4767/4394
f 4503/4767/4394 4504/4771/4395 1257/4768/1219
f 4504/4771/4395 1171/4772/1138 1257/4768/1219
f 4505/4773/4396 4503/4767/4394 1262/4770/1224
f 1262/4770/1224 1265/4774/1227 4505/4773/4396
f 4504/4771/4395 4506/4775/4397 1171/4772/1138
f 1167/4776/1134 1171/4772/1138 4506/4775/4397
f 4507/4777/4398 4505/4773/4396 1265/4774/1227
f 1265/4774/1227 1272/4778/1234 4507/4777/4398
f 4506/4775/4397 4508/4779/4399 1167/4776/1134
f 1164/4780/1131 1167/4776/1134 4508/4779/4399
f 4507/4777/4398 1272/4778/1234 4509/4781/4400
f 1272/4778/1234 1472/4782/1432 4509/4781/4400
f 4508/4779/4399 4510/4783/4401 1164/4780/1131
f 1161/4784/1128 1164/4780/1131 4510/4783/4401
f 4509/4781/4400 1472/4782/1432 4511/4785/4402
f 1472/4782/1432 1470/4786/1430 4511/4785/4402
f 4510/4783/4401 4512/4787/4403 1161/4784/1128
f 1158/4788/1125 1161/4784/1128 4512/4787/4403
f 4511/4785/4402 1470/4786/1430 4513/4789/4404
f 1470/4786/1430 1471/4790/1431 4513/4789/4404
f 4512/4787/4403 4514/4791/4405 1158/4788/1125
f 1155/4792/1122 1158/4788/1125 4514/4791/4405
f 4513/4789/4404 1471/4790/1431 4515/4793/4406
f 1473/4794/1433 4515/4793/4406 1471/4790/1431
f 4514/4791/4405 4516/4795/4407 1155/4792/1122
f 1146/4796/1113 1155/4792/1122 4516/4795/4407
f 4515/4793/4406 1473/4794/1433 4517/4797/4408
f 1476/4798/1436 4517/4797/4408 1473/4794/1433
f 4516/4795/4407 4518/4799/4409 1146/4796/1113
f 4518/4799/4409 1143/4800/1110 1146/4796/1113
f 4517/4797/4408 1476/4798/1436 4519/4801/4410
f 1479/4802/1439 4519/4801/4410 1476/4798/1436
f 1143/4800/1110 4518/4799/4409 4520/4803/4411
f 4520/4803/4411 1139/4804/1106 1143/4800/1110
f 4519/4801/4410 1479/4802/1439 4521/4805/4412
f 1483/4806/1443 4521/4805/4412 1479/4802/1439
f 1139/4804/1106 4520/4803/4411 4522/4807/4413
f 4522/4807/4413 1136/4808/1103 1139/4804/1106
f 4521/4805/4412 1483/4806/1443 4523/4809/4414
f 1486/4810/1446 4523/4809/4414 1483/4806/1443
f 1136/4808/1103 4522/4807/4413 4524/4811/4415
f 1134/4812/1101 1136/4808/1103 4524/4811/4415
f 4523/4809/4414 1486/4810/1446 4525/4813/4416
f 1489/4814/1449 4525/4813/4416 1486/4810/1446
f 1134/4812/1101 4524/4811/4415 4526/4815/4417
f 1135/4816/1102 1134/4812/1101 4526/4815/4417
f 4525/4813/4416 1489/4814/1449 4527/4817/4418
f 1492/4818/1452 4527/4817/4418 1489/4814/1449
f 1135/4816/1102 4526/4815/4417 4528/4819/4419
f 2027/4820/1982 1135/4816/1102 4528/4819/4419
f 4527/4817/4418 1492/4818/1452 4529/4821/4420
f 2711/4822/2640 4529/4821/4420 1492/4818/1452
f 4528/4819/4419 4530/4823/4421 2027/4820/1982
f 2020/4824/1975 2027/4820/1982 4530/4823/4421
f 4531/4825/4422 4529/4821/4420 2711/4822/2640
f 2714/4826/2643 4531/4825/4422 2711/4822/2640
f 2020/4824/1975 4530/4823/4421 4532/4827/4423
f 4532/4827/4423 1891/4828/1846 2020/4824/1975
f 4531/4825/4422 2714/4826/2643 4533/4829/4424
f 2726/4830/2655 4533/4829/4424 2714/4826/2643
f 1891/4828/1846 4532/4827/4423 4534/4831/4425
f 4533/4829/4424 2726/4830/2655 4535/4832/4426
f 4534/4831/4425 4536/4833/4427 1891/4828/1846
f 1886/4834/1841 1891/4828/1846 4536/4833/4427
f 2726/4830/2655 4537/4835/4428 4535/4832/4426
f 2726/4830/2655 2772/4836/2701 4537/4835/4428
f 4536/4833/4427 4538/4837/4429 1886/4834/1841
f 1883/4838/1838 1886/4834/1841 4538/4837/4429
f 2772/4836/2701 4539/4839/4430 4537/4835/4428
f 2772/4836/2701 2777/4840/569 4539/4839/4430
f 4540/4841/4431 1883/4838/1838 4538/4837/4429
f 1875/4842/1830 1883/4838/1838 4540/4841/4431
f 4541/4843/4432 4539/4839/4430 2777/4840/569
f 2777/4840/569 2780/4844/2708 4541/4843/4432
f 4542/4845/4433 1875/4842/1830 4540/4841/4431
f 1872/4846/1827 1875/4842/1830 4542/4845/4433
f 4543/4847/4434 4541/4843/4432 2780/4844/2708
f 2780/4844/2708 2788/4848/2716 4543/4847/4434
f 4544/4849/4435 1872/4846/1827 4542/4845/4433
f 1872/4846/1827 4544/4849/4435 1870/4850/1825
f 4545/4851/4436 4543/4847/4434 2788/4848/2716
f 4545/4851/4436 2788/4848/2716 2791/4852/2719
f 4546/4853/4437 1870/4850/1825 4544/4849/4435
f 1870/4850/1825 4546/4853/4437 1869/4854/1824
f 4547/4855/4438 4545/4851/4436 2791/4852/2719
f 4547/4855/4438 2791/4852/2719 2794/4856/2722
f 4546/4853/4437 4548/4857/4439 1869/4854/1824
f 1867/4858/1822 1869/4854/1824 4548/4857/4439
f 4548/4857/4439 1866/4859/1821 1867/4858/1822
f 4549/4860/4440 4547/4855/4438 2794/4856/2722
f 2794/4856/2722 2795/4861/2723 4549/4860/4440
f 2798/4862/2726 4549/4860/4440 2795/4861/2723
f 1866/4859/1821 4548/4857/4439 4550/4863/4441
f 3400/4864/3312 1866/4859/1821 4550/4863/4441
f 4549/4860/4440 2798/4862/2726 4551/4865/4442
f 2798/4862/2726 3520/4866/3431 4551/4865/4442
f 3400/4864/3312 4550/4863/4441 4552/4867/4443
f 4552/4867/4443 3395/4868/3307 3400/4864/3312
f 4553/4869/4444 4551/4865/4442 3520/4866/3431
f 3523/4870/3434 4553/4869/4444 3520/4866/3431
f 3395/4868/3307 4552/4867/4443 4554/4871/4445
f 4554/4871/4445 3396/4872/3308 3395/4868/3307
f 4553/4869/4444 3523/4870/3434 4555/4873/4446
f 3523/4870/3434 3526/4874/3437 4555/4873/4446
f 3396/4872/3308 4554/4871/4445 4556/4875/4447
f 4556/4875/4447 3398/4876/3310 3396/4872/3308
f 4557/4877/4448 4555/4873/4446 3526/4874/3437
f 3526/4874/3437 3527/4878/3438 4557/4877/4448
f 3398/4876/3310 4556/4875/4447 4558/4879/4449
f 4559/4880/4450 4557/4877/4448 3527/4878/3438
f 4558/4879/4449 4560/4881/4451 3398/4876/3310
f 3895/4882/3798 3398/4876/3310 4560/4881/4451
f 3527/4878/3438 4561/4883/4452 4559/4880/4450
f 3527/4878/3438 3791/4884/3695 4561/4883/4452
f 4560/4881/4451 4562/4885/4453 3895/4882/3798
f 3895/4882/3798 4562/4885/4453 3892/4886/3795
f 3791/4884/3695 4563/4887/4454 4561/4883/4452
f 4563/4887/4454 3791/4884/3695 3792/4888/3696
f 4562/4885/4453 4564/4889/4455 3892/4886/3795
f 3892/4886/3795 4564/4889/4455 3889/4890/3792
f 3792/4888/3696 4565/4891/4456 4563/4887/4454
f 4565/4891/4456 3792/4888/3696 3794/4892/3698
f 4564/4889/4455 4566/4893/4457 3889/4890/3792
f 3889/4890/3792 4566/4893/4457 3886/4894/3789
f 3794/4892/3698 4567/4895/4458 4565/4891/4456
f 4567/4895/4458 3794/4892/3698 3797/4896/2396
f 4566/4893/4457 4568/4897/4459 3886/4894/3789
f 3822/4898/3725 3886/4894/3789 4568/4897/4459
f 3797/4896/2396 4569/4899/4460 4567/4895/4458
f 3797/4896/2396 3801/4900/3704 4569/4899/4460
f 4568/4897/4459 4570/4901/4461 3822/4898/3725
f 3818/4902/3721 3822/4898/3725 4570/4901/4461
f 3801/4900/3704 4571/4903/4462 4569/4899/4460
f 3801/4900/3704 3809/4904/3712 4571/4903/4462
f 4570/4901/4461 4572/4905/4463 3818/4902/3721
f 3809/4904/3712 4572/4905/4463 4571/4903/4462
f 3813/4906/3716 3818/4902/3721 4572/4905/4463
f 3809/4904/3712 3813/4906/3716 4572/4905/4463
f 4569/4899/4460 4571/4903/4462 4573/4907/4464
f 4572/4905/4463 4573/4907/4464 4571/4903/4462
f 4573/4907/4464 4567/4895/4458 4569/4899/4460
f 4572/4905/4463 4570/4901/4461 4573/4907/4464
f 4573/4907/4464 4565/4891/4456 4567/4895/4458
f 4568/4897/4459 4573/4907/4464 4570/4901/4461
f 4565/4891/4456 4573/4907/4464 4563/4887/4454
f 4573/4907/4464 4568/4897/4459 4566/4893/4457
f 4563/4887/4454 4573/4907/4464 4561/4883/4452
f 4573/4907/4464 4566/4893/4457 4564/4889/4455
f 4561/4883/4452 4573/4907/4464 4559/4880/4450
f 4564/4889/4455 4562/4885/4453 4573/4907/4464
f 4559/4880/4450 4573/4907/4464 4557/4877/4448
f 4562/4885/4453 4560/4881/4451 4573/4907/4464
f 4557/4877/4448 4573/4907/4464 4555/4873/4446
f 4560/4881/4451 4558/4879/4449 4573/4907/4464
f 4555/4873/4446 4573/4907/4464 4553/4869/4444
f 4558/4879/4449 4556/4875/4447 4573/4907/4464
f 4553/4869/4444 4573/4907/4464 4551/4865/4442
f 4556/4875/4447 4554/4871/4445 4573/4907/4464
f 4573/4907/4464 4549/4860/4440 4551/4865/4442
f 4554/4871/4445 4552/4867/4443 4573/4907/4464
f 4573/4907/4464 4547/4855/4438 4549/4860/4440
f 4552/4867/4443 4550/4863/4441 4573/4907/4464
f 4547/4855/4438 4573/4907/4464 4545/4851/4436
f 4573/4907/4464 4550/4863/4441 4548/4857/4439
f 4573/4907/4464 4543/4847/4434 4545/4851/4436
f 4573/4907/4464 4548/4857/4439 4546/4853/4437
f 4573/4907/4464 4541/4843/4432 4543/4847/4434
f 4546/4853/4437 4544/4849/4435 4573/4907/4464
f 4573/4907/4464 4539/4839/4430 4541/4843/4432
f 4573/4907/4464 4544/4849/4435 4542/4845/4433
f 4573/4907/4464 4537/4835/4428 4539/4839/4430
f 4573/4907/4464 4542/4845/4433 4540/4841/4431
f 4573/4907/4464 4535/4832/4426 4537/4835/4428
f 4573/4907/4464 4540/4841/4431 4538/4837/4429
f 4573/4907/4464 4533/4829/4424 4535/4832/4426
f 4573/4907/4464 4538/4837/4429 4536/4833/4427
f 4531/4825/4422 4533/4829/4424 4573/4907/4464
f 4573/4907/4464 4536/4833/4427 4534/4831/4425
f 4531/4825/4422 4573/4907/4464 4529/4821/4420
f 4573/4907/4464 4534/4831/4425 4532/4827/4423
f 4573/4907/4464 4527/4817/4418 4529/4821/4420
f 4530/4823/4421 4573/4907/4464 4532/4827/4423
f 4573/4907/4464 4525/4813/4416 4527/4817/4418
f 4530/4823/4421 4528/4819/4419 4573/4907/4464
f 4573/4907/4464 4523/4809/4414 4525/4813/4416
f 4573/4907/4464 4528/4819/4419 4526/4815/4417
f 4573/4907/4464 4521/4805/4412 4523/4809/4414
f 4573/4907/4464 4526/4815/4417 4524/4811/4415
f 4573/4907/4464 4519/4801/4410 4521/4805/4412
f 4573/4907/4464 4524/4811/4415 4522/4807/4413
f 4573/4907/4464 4517/4797/4408 4519/4801/4410
f 4573/4907/4464 4522/4807/4413 4520/4803/4411
f 4573/4907/4464 4515/4793/4406 4517/4797/4408
f 4573/4907/4464 4520/4803/4411 4518/4799/4409
f 4573/4907/4464 4513/4789/4404 4515/4793/4406
f 4573/4907/4464 4518/4799/4409 4516/4795/4407
f 4511/4785/4402 4513/4789/4404 4573/4907/4464
f 4573/4907/4464 4516/4795/4407 4514/4791/4405
f 4511/4785/4402 4573/4907/4464 4509/4781/4400
f 4573/4907/4464 4514/4791/4405 4512/4787/4403
f 4507/4777/4398 4509/4781/4400 4573/4907/4464
f 4510/4783/4401 4573/4907/4464 4512/4787/4403
f 4505/4773/4396 4507/4777/4398 4573/4907/4464
f 4510/4783/4401 4508/4779/4399 4573/4907/4464
f 4503/4767/4394 4505/4773/4396 4573/4907/4464
f 4506/4775/4397 4573/4907/4464 4508/4779/4399
f 4503/4767/4394 4573/4907/4464 4504/4771/4395
f 4504/4771/4395 4573/4907/4464 4506/4775/4397
f 4574/4908/2019 645/4909/625 650/4910/630
f 650/4910/630 651/4911/631 4574/4908/2019
f 645/4909/625 4574/4908/2019 4575/4912/4465
f 644/4913/624 645/4909/625 4575/4912/4465
f 4575/4912/4465 639/4914/619 644/4913/624
f 651/4911/631 4576/4915/4466 4574/4908/2019
f 4576/4915/4466 651/4911/631 656/4916/636
f 656/4916/636 659/4917/639 4576/4915/4466
f 4577/4918/4467 4575/4912/4465 4574/4908/2019
f 4576/4915/4466 4577/4918/4467 4574/4908/2019
f 639/4914/619 4575/4912/4465 4578/4919/4468
f 637/4920/617 639/4914/619 4578/4919/4468
f 4578/4919/4468 636/4921/616 637/4920/617
f 4575/4912/4465 4577/4918/4467 4579/4922/4469
f 4579/4922/4469 4578/4919/4468 4575/4912/4465
f 636/4921/616 4578/4919/4468 4580/4923/4470
f 633/4924/613 636/4921/616 4580/4923/4470
f 4580/4923/4470 629/4925/609 633/4924/613
f 4578/4919/4468 4579/4922/4469 4581/4926/4471
f 629/4925/609 4580/4923/4470 4582/4927/4472
f 628/4928/608 629/4925/609 4582/4927/4472
f 4582/4927/4472 602/4929/582 628/4928/608
f 4578/4919/4468 4583/4930/4473 4580/4923/4470
f 4583/4930/4473 4578/4919/4468 4581/4926/4471
f 4580/4923/4470 4584/4931/4474 4582/4927/4472
f 4584/4931/4474 4580/4923/4470 4583/4930/4473
f 602/4929/582 4582/4927/4472 4585/4932/4475
f 4585/4932/4475 4582/4927/4472 4584/4931/4474
f 598/4933/578 602/4929/582 4585/4932/4475
f 595/4934/575 598/4933/578 4585/4932/4475
f 595/4934/575 4585/4932/4475 4586/4935/4476
f 593/4936/573 595/4934/575 4586/4935/4476
f 4587/4937/4477 4585/4932/4475 4584/4931/4474
f 4587/4937/4477 4586/4935/4476 4585/4932/4475
f 4586/4935/4476 4588/4938/4478 593/4936/573
f 4588/4938/4478 591/4939/571 593/4936/573
f 4586/4935/4476 4587/4937/4477 4589/4940/4479
f 591/4939/571 4588/4938/4478 4590/4941/4480
f 4590/4941/4480 684/4942/664 591/4939/571
f 4588/4938/4478 4586/4935/4476 4591/4943/4481
f 4591/4943/4481 4586/4935/4476 4589/4940/4479
f 4588/4938/4478 4592/4944/4482 4590/4941/4480
f 4592/4944/4482 4588/4938/4478 4591/4943/4481
f 684/4942/664 4590/4941/4480 4593/4945/4483
f 4592/4944/4482 4593/4945/4483 4590/4941/4480
f 4593/4945/4483 681/4946/661 684/4942/664
f 4591/4943/4481 4594/4947/4484 4592/4944/4482
f 681/4946/661 4593/4945/4483 4595/4948/4485
f 680/4949/660 681/4946/661 4595/4948/4485
f 4593/4945/4483 4592/4944/4482 4596/4950/4486
f 4596/4950/4486 4595/4948/4485 4593/4945/4483
f 4592/4944/4482 4594/4947/4484 4597/4951/4487
f 4592/4944/4482 4597/4951/4487 4596/4950/4486
f 4594/4947/4484 4591/4943/4481 4598/4952/4488
f 4589/4940/4479 4598/4952/4488 4591/4943/4481
f 4594/4947/4484 4599/4953/4489 4597/4951/4487
f 4598/4952/4488 4599/4953/4489 4594/4947/4484
f 4598/4952/4488 4589/4940/4479 4600/4954/4490
f 4599/4953/4489 4598/4952/4488 4601/4955/4491
f 4589/4940/4479 4602/4956/4492 4600/4954/4490
f 4589/4940/4479 4587/4937/4477 4602/4956/4492
f 4603/4957/4493 4598/4952/4488 4600/4954/4490
f 4598/4952/4488 4603/4957/4493 4601/4955/4491
f 4603/4957/4493 4600/4954/4490 4602/4956/4492
f 4587/4937/4477 4604/4958/4494 4602/4956/4492
f 4604/4958/4494 4587/4937/4477 4584/4931/4474
f 4602/4956/4492 4605/4959/4495 4603/4957/4493
f 4584/4931/4474 4606/4960/4496 4604/4958/4494
f 4606/4960/4496 4584/4931/4474 4583/4930/4473
f 4607/4961/4497 4602/4956/4492 4604/4958/4494
f 4602/4956/4492 4607/4961/4497 4605/4959/4495
f 4606/4960/4496 4607/4961/4497 4604/4958/4494
f 4608/4962/2359 4603/4957/4493 4605/4959/4495
f 4608/4962/2359 4605/4959/4495 4607/4961/4497
f 4608/4962/2359 4601/4955/4491 4603/4957/4493
f 4608/4962/2359 4599/4953/4489 4601/4955/4491
f 4607/4961/4497 4606/4960/4496 4609/4963/4498
f 4609/4963/4498 4608/4962/2359 4607/4961/4497
f 4583/4930/4473 4610/4964/4499 4606/4960/4496
f 4610/4964/4499 4609/4963/4498 4606/4960/4496
f 4610/4964/4499 4583/4930/4473 4581/4926/4471
f 4579/4922/4469 4610/4964/4499 4581/4926/4471
f 4609/4963/4498 4610/4964/4499 4611/4965/4500
f 4609/4963/4498 4611/4965/4500 4608/4962/2359
f 4610/4964/4499 4579/4922/4469 4612/4966/4501
f 4610/4964/4499 4613/4967/4502 4611/4965/4500
f 4613/4967/4502 4610/4964/4499 4612/4966/4501
f 4611/4965/4500 4613/4967/4502 4608/4962/2359
f 4612/4966/4501 4579/4922/4469 4577/4918/4467
f 4612/4966/4501 4614/4968/4503 4613/4967/4502
f 4608/4962/2359 4613/4967/4502 4614/4968/4503
f 4612/4966/4501 4577/4918/4467 4615/4969/4504
f 4614/4968/4503 4612/4966/4501 4615/4969/4504
f 4577/4918/4467 4616/4970/4505 4615/4969/4504
f 4577/4918/4467 4576/4915/4466 4616/4970/4505
f 4615/4969/4504 4617/4971/4506 4614/4968/4503
f 4616/4970/4505 4617/4971/4506 4615/4969/4504
f 4617/4971/4506 4618/4972/4507 4614/4968/4503
f 4608/4962/2359 4614/4968/4503 4618/4972/4507
f 4616/4970/4505 4619/4973/4508 4617/4971/4506
f 4620/4974/4509 4616/4970/4505 4576/4915/4466
f 4616/4970/4505 4620/4974/4509 4619/4973/4508
f 659/4917/639 4620/4974/4509 4576/4915/4466
f 4620/4974/4509 659/4917/639 661/4975/641
f 661/4975/641 663/4976/643 4620/4974/4509
f 4617/4971/4506 4619/4973/4508 4621/4977/4510
f 4621/4977/4510 4618/4972/4507 4617/4971/4506
f 663/4976/643 4622/4978/4511 4620/4974/4509
f 4622/4978/4511 663/4976/643 668/4979/648
f 668/4979/648 669/4980/649 4622/4978/4511
f 4618/4972/4507 4621/4977/4510 4623/4981/4512
f 4608/4962/2359 4618/4972/4507 4623/4981/4512
f 4621/4977/4510 4624/4982/4513 4623/4981/4512
f 4608/4962/2359 4623/4981/4512 4624/4982/4513
f 4624/4982/4513 4621/4977/4510 4625/4983/4514
f 4619/4973/4508 4625/4983/4514 4621/4977/4510
f 4608/4962/2359 4624/4982/4513 4626/4984/4515
f 4625/4983/4514 4626/4984/4515 4624/4982/4513
f 4620/4974/4509 4627/4985/4516 4619/4973/4508
f 4625/4983/4514 4619/4973/4508 4627/4985/4516
f 4627/4985/4516 4620/4974/4509 4622/4978/4511
f 4627/4985/4516 4628/4986/4517 4625/4983/4514
f 4626/4984/4515 4625/4983/4514 4628/4986/4517
f 4622/4978/4511 4629/4987/4518 4627/4985/4516
f 4628/4986/4517 4627/4985/4516 4629/4987/4518
f 669/4980/649 4630/4988/4519 4622/4978/4511
f 4629/4987/4518 4622/4978/4511 4630/4988/4519
f 4630/4988/4519 669/4980/649 674/4989/654
f 674/4989/654 675/4990/655 4630/4988/4519
f 675/4990/655 4631/4991/4520 4630/4988/4519
f 4631/4991/4520 4629/4987/4518 4630/4988/4519
f 4631/4991/4520 675/4990/655 680/4949/660
f 680/4949/660 4595/4948/4485 4631/4991/4520
f 4631/4991/4520 4632/4992/4521 4629/4987/4518
f 4595/4948/4485 4632/4992/4521 4631/4991/4520
f 4629/4987/4518 4633/4993/4522 4628/4986/4517
f 4633/4993/4522 4629/4987/4518 4632/4992/4521
f 4628/4986/4517 4633/4993/4522 4626/4984/4515
f 4632/4992/4521 4595/4948/4485 4634/4994/4523
f 4634/4994/4523 4633/4993/4522 4632/4992/4521
f 4595/4948/4485 4596/4950/4486 4634/4994/4523
f 4626/4984/4515 4633/4993/4522 4635/4995/4524
f 4608/4962/2359 4626/4984/4515 4635/4995/4524
f 4596/4950/4486 4636/4996/4525 4634/4994/4523
f 4633/4993/4522 4634/4994/4523 4636/4996/4525
f 4636/4996/4525 4596/4950/4486 4597/4951/4487
f 4633/4993/4522 4637/4997/4526 4635/4995/4524
f 4637/4997/4526 4633/4993/4522 4636/4996/4525
f 4608/4962/2359 4635/4995/4524 4637/4997/4526
f 4636/4996/4525 4597/4951/4487 4637/4997/4526
f 4608/4962/2359 4637/4997/4526 4638/4998/4527
f 4597/4951/4487 4638/4998/4527 4637/4997/4526
f 4608/4962/2359 4638/4998/4527 4599/4953/4489
f 4599/4953/4489 4638/4998/4527 4597/4951/4487
f 4639/4999/4528 709/5000/689 714/5001/694
f 715/5002/695 4639/4999/4528 714/5001/694
f 4640/5003/4529 709/5000/689 4639/4999/4528
f 709/5000/689 4640/5003/4529 706/5004/686
f 4639/4999/4528 715/5002/695 4641/5005/4530
f 4641/5005/4530 715/5002/695 719/5006/699
f 720/5007/700 4641/5005/4530 719/5006/699
f 4642/5008/4531 4640/5003/4529 4639/4999/4528
f 4642/5008/4531 4639/4999/4528 4641/5005/4530
f 4643/5009/4532 706/5004/686 4640/5003/4529
f 706/5004/686 4643/5009/4532 704/5010/684
f 4640/5003/4529 4642/5008/4531 4644/5011/4533
f 4644/5011/4533 4643/5009/4532 4640/5003/4529
f 4645/5012/4534 704/5010/684 4643/5009/4532
f 704/5010/684 4645/5012/4534 702/5013/682
f 4643/5009/4532 4644/5011/4533 4646/5014/4535
f 4647/5015/4536 702/5013/682 4645/5012/4534
f 702/5013/682 4647/5015/4536 701/5016/681
f 4645/5012/4534 4643/5009/4532 4648/5017/4537
f 4648/5017/4537 4643/5009/4532 4646/5014/4535
f 4649/5018/4538 4647/5015/4536 4645/5012/4534
f 4649/5018/4538 4645/5012/4534 4648/5017/4537
f 4650/5019/4539 701/5016/681 4647/5015/4536
f 4649/5018/4538 4650/5019/4539 4647/5015/4536
f 701/5016/681 4650/5019/4539 771/5020/751
f 4651/5021/4540 771/5020/751 4650/5019/4539
f 771/5020/751 4651/5021/4540 768/5022/748
f 4650/5019/4539 4649/5018/4538 4652/5023/4541
f 4651/5021/4540 4650/5019/4539 4652/5023/4541
f 4653/5024/4542 768/5022/748 4651/5021/4540
f 768/5022/748 4653/5024/4542 767/5025/747
f 4653/5024/4542 762/5026/742 767/5025/747
f 4652/5023/4541 4654/5027/4543 4651/5021/4540
f 4655/5028/4544 762/5026/742 4653/5024/4542
f 762/5026/742 4655/5028/4544 761/5029/741
f 4655/5028/4544 756/5030/736 761/5029/741
f 4651/5021/4540 4656/5031/4545 4653/5024/4542
f 4656/5031/4545 4651/5021/4540 4654/5027/4543
f 4653/5024/4542 4657/5032/4546 4655/5028/4544
f 4653/5024/4542 4656/5031/4545 4657/5032/4546
f 4658/5033/4547 756/5030/736 4655/5028/4544
f 4657/5032/4546 4658/5033/4547 4655/5028/4544
f 756/5030/736 4658/5033/4547 754/5034/734
f 4658/5033/4547 752/5035/732 754/5034/734
f 4656/5031/4545 4659/5036/4548 4657/5032/4546
f 4660/5037/4549 752/5035/732 4658/5033/4547
f 752/5035/732 4660/5037/4549 749/5038/729
f 4660/5037/4549 744/5039/724 749/5038/729
f 4658/5033/4547 4657/5032/4546 4661/5040/4550
f 4661/5040/4550 4660/5037/4549 4658/5033/4547
f 4662/5041/4551 4657/5032/4546 4659/5036/4548
f 4661/5040/4550 4657/5032/4546 4662/5041/4551
f 4659/5036/4548 4656/5031/4545 4663/5042/4552
f 4656/5031/4545 4654/5027/4543 4663/5042/4552
f 4664/5043/4553 4662/5041/4551 4659/5036/4548
f 4663/5042/4552 4664/5043/4553 4659/5036/4548
f 4665/5044/4554 4661/5040/4550 4662/5041/4551
f 4662/5041/4551 4664/5043/4553 4666/5045/4555
f 4666/5045/4555 4665/5044/4554 4662/5041/4551
f 4664/5043/4553 4663/5042/4552 4667/5046/4556
f 4668/5047/4557 4661/5040/4550 4665/5044/4554
f 4660/5037/4549 4661/5040/4550 4668/5047/4557
f 4669/5048/4558 4660/5037/4549 4668/5047/4557
f 4665/5044/4554 4669/5048/4558 4668/5047/4557
f 4670/5049/4559 744/5039/724 4660/5037/4549
f 4670/5049/4559 4660/5037/4549 4669/5048/4558
f 744/5039/724 4670/5049/4559 743/5050/723
f 4670/5049/4559 738/5051/718 743/5050/723
f 4671/5052/4560 738/5051/718 4670/5049/4559
f 738/5051/718 4671/5052/4560 737/5053/717
f 4671/5052/4560 732/5054/712 737/5053/717
f 4672/5055/4561 4670/5049/4559 4669/5048/4558
f 4671/5052/4560 4670/5049/4559 4672/5055/4561
f 4673/5056/4562 732/5054/712 4671/5052/4560
f 4672/5055/4561 4673/5056/4562 4671/5052/4560
f 732/5054/712 4673/5056/4562 730/5057/710
f 4673/5056/4562 728/5058/708 730/5057/710
f 4674/5059/4563 4672/5055/4561 4669/5048/4558
f 4669/5048/4558 4665/5044/4554 4674/5059/4563
f 4675/5060/4564 728/5058/708 4673/5056/4562
f 728/5058/708 4675/5060/4564 725/5061/705
f 4675/5060/4564 720/5007/700 725/5061/705
f 4641/5005/4530 720/5007/700 4675/5060/4564
f 4673/5056/4562 4672/5055/4561 4676/5062/4565
f 4676/5062/4565 4675/5060/4564 4673/5056/4562
f 4641/5005/4530 4675/5060/4564 4677/5063/4566
f 4642/5008/4531 4641/5005/4530 4677/5063/4566
f 4675/5060/4564 4676/5062/4565 4678/5064/4567
f 4677/5063/4566 4675/5060/4564 4678/5064/4567
f 4679/5065/4568 4676/5062/4565 4672/5055/4561
f 4672/5055/4561 4674/5059/4563 4679/5065/4568
f 4676/5062/4565 4679/5065/4568 4680/5066/4569
f 4680/5066/4569 4678/5064/4567 4676/5062/4565
f 4674/5059/4563 4681/5067/4570 4679/5065/4568
f 4680/5066/4569 4679/5065/4568 4681/5067/4570
f 4681/5067/4570 4674/5059/4563 4682/5068/4571
f 4665/5044/4554 4682/5068/4571 4674/5059/4563
f 4680/5066/4569 4681/5067/4570 4683/5069/4572
f 4682/5068/4571 4665/5044/4554 4684/5070/4573
f 4665/5044/4554 4666/5045/4555 4684/5070/4573
f 4682/5068/4571 4685/5071/4574 4681/5067/4570
f 4682/5068/4571 4684/5070/4573 4685/5071/4574
f 4684/5070/4573 4666/5045/4555 4685/5071/4574
f 4685/5071/4574 4683/5069/4572 4681/5067/4570
f 4685/5071/4574 4666/5045/4555 4664/5043/4553
f 4685/5071/4574 4664/5043/4553 4667/5046/4556
f 4683/5069/4572 4686/5072/4575 4680/5066/4569
f 4678/5064/4567 4680/5066/4569 4686/5072/4575
f 4686/5072/4575 4683/5069/4572 4687/5073/4576
f 4685/5071/4574 4687/5073/4576 4683/5069/4572
f 4688/5074/4577 4678/5064/4567 4686/5072/4575
f 4677/5063/4566 4678/5064/4567 4688/5074/4577
f 4689/5075/4578 4686/5072/4575 4687/5073/4576
f 4686/5072/4575 4689/5075/4578 4688/5074/4577
f 4685/5071/4574 4689/5075/4578 4687/5073/4576
f 4690/5076/4579 4677/5063/4566 4688/5074/4577
f 4677/5063/4566 4690/5076/4579 4642/5008/4531
f 4691/5077/4580 4688/5074/4577 4689/5075/4578
f 4688/5074/4577 4691/5077/4580 4690/5076/4579
f 4685/5071/4574 4691/5077/4580 4689/5075/4578
f 4692/5078/4581 4642/5008/4531 4690/5076/4579
f 4691/5077/4580 4692/5078/4581 4690/5076/4579
f 4642/5008/4531 4692/5078/4581 4644/5011/4533
f 4646/5014/4535 4644/5011/4533 4692/5078/4581
f 4692/5078/4581 4691/5077/4580 4693/5079/4582
f 4685/5071/4574 4693/5079/4582 4691/5077/4580
f 4646/5014/4535 4692/5078/4581 4694/5080/4583
f 4648/5017/4537 4646/5014/4535 4694/5080/4583
f 4695/5081/4584 4692/5078/4581 4693/5079/4582
f 4692/5078/4581 4695/5081/4584 4694/5080/4583
f 4685/5071/4574 4695/5081/4584 4693/5079/4582
f 4648/5017/4537 4694/5080/4583 4696/5082/4585
f 4694/5080/4583 4695/5081/4584 4696/5082/4585
f 4696/5082/4585 4649/5018/4538 4648/5017/4537
f 4685/5071/4574 4697/5083/4586 4695/5081/4584
f 4696/5082/4585 4695/5081/4584 4697/5083/4586
f 4649/5018/4538 4696/5082/4585 4698/5084/4587
f 4698/5084/4587 4652/5023/4541 4649/5018/4538
f 4699/5085/4588 4696/5082/4585 4697/5083/4586
f 4698/5084/4587 4696/5082/4585 4699/5085/4588
f 4685/5071/4574 4699/5085/4588 4697/5083/4586
f 4652/5023/4541 4698/5084/4587 4700/5086/4589
f 4700/5086/4589 4698/5084/4587 4699/5085/4588
f 4700/5086/4589 4654/5027/4543 4652/5023/4541
f 4685/5071/4574 4701/5087/4590 4699/5085/4588
f 4700/5086/4589 4699/5085/4588 4701/5087/4590
f 4685/5071/4574 4702/5088/4591 4701/5087/4590
f 4702/5088/4591 4700/5086/4589 4701/5087/4590
f 4685/5071/4574 4667/5046/4556 4702/5088/4591
f 4663/5042/4552 4702/5088/4591 4667/5046/4556
f 4654/5027/4543 4700/5086/4589 4703/5089/4592
f 4663/5042/4552 4654/5027/4543 4703/5089/4592
f 4700/5086/4589 4702/5088/4591 4703/5089/4592
f 4702/5088/4591 4663/5042/4552 4703/5089/4592
f 71/5090/54 69/5091/15 4704/5092/4593
f 73/5093/55 71/5090/54 4704/5092/4593
f 69/5091/15 68/5094/17 4704/5092/4593
f 43/5095/40 73/5093/55 4704/5092/4593
f 68/5094/17 66/5096/51 4704/5092/4593
f 46/5097/38 43/5095/40 4704/5092/4593
f 66/5096/51 63/5098/50 4704/5092/4593
f 48/5099/36 46/5097/38 4704/5092/4593
f 63/5098/50 61/5100/23 4704/5092/4593
f 50/5101/34 48/5099/36 4704/5092/4593
f 61/5100/23 60/5102/49 4704/5092/4593
f 52/5103/33 50/5101/34 4704/5092/4593
f 60/5102/49 58/5104/48 4704/5092/4593
f 53/5105/43 52/5103/33 4704/5092/4593
f 58/5104/48 55/5106/45 4704/5092/4593
f 55/5106/45 53/5105/43 4704/5092/4593
f 39/5107/36 4705/5108/4593 37/5109/34
f 41/5110/38 4705/5108/4593 39/5107/36
f 37/5109/34 4705/5108/4593 36/5111/33
f 11/5112/8 4705/5108/4593 41/5110/38
f 36/5111/33 4705/5108/4593 34/5113/31
f 14/5114/11 4705/5108/4593 11/5112/8
f 34/5113/31 4705/5108/4593 31/5115/28
f 16/5116/13 4705/5108/4593 14/5114/11
f 31/5115/28 4705/5108/4593 29/5117/26
f 18/5118/15 4705/5108/4593 16/5116/13
f 29/5117/26 4705/5108/4593 28/5119/25
f 20/5120/17 4705/5108/4593 18/5118/15
f 28/5119/25 4705/5108/4593 26/5121/23
f 21/5122/18 4705/5108/4593 20/5120/17
f 26/5121/23 4705/5108/4593 23/5123/20
f 23/5123/20 4705/5108/4593 21/5122/18
f 4706/5124/4594 4707/5125/4595 4708/5126/4596
f 4707/5125/4595 4709/5127/4597 4708/5126/4596
f 4707/5125/4595 4706/5124/4594 4710/5128/4598
f 4711/5129/4599 4710/5128/4598 4706/5124/4594
f 4709/5127/4597 4707/5125/4595 4712/5130/4600
f 4712/5130/4600 4713/5131/4601 4709/5127/4597
f 4710/5128/4598 4711/5129/4599 4714/5132/4602
f 4715/5133/4603 4714/5132/4602 4711/5129/4599
f 4713/5131/4601 4712/5130/4600 4716/5134/4604
f 4716/5134/4604 4717/5135/4605 4713/5131/4601
f 4714/5132/4602 4715/5133/4603 4718/5136/4606
f 4719/5137/4607 4718/5136/4606 4715/5133/4603
f 4717/5135/4605 4716/5134/4604 4720/5138/4608
f 4720/5138/4608 4721/5139/4609 4717/5135/4605
f 4718/5136/4606 4719/5137/4607 4722/5140/4610
f 4723/5141/4611 4722/5140/4610 4719/5137/4607
f 4724/5142/4612 4714/5132/4602 4718/5136/4606
f 4724/5142/4612 4718/5136/4606 4722/5140/4610
f 4722/5140/4610 4723/5141/4611 4725/5143/4613
f 4726/5144/4614 4725/5143/4613 4723/5141/4611
f 4724/5142/4612 4722/5140/4610 4727/5145/4615
f 4727/5145/4615 4722/5140/4610 4725/5143/4613
f 4725/5143/4613 4726/5144/4614 4728/5146/4616
f 4729/5147/4617 4728/5146/4616 4726/5144/4614
f 4727/5145/4615 4725/5143/4613 4730/5148/4618
f 4730/5148/4618 4725/5143/4613 4728/5146/4616
f 4728/5146/4616 4729/5147/4617 4731/5149/4619
f 4732/5150/4620 4731/5149/4619 4729/5147/4617
f 4728/5146/4616 4733/5151/4621 4730/5148/4618
f 4728/5146/4616 4731/5149/4619 4733/5151/4621
f 4734/5152/4622 4727/5145/4615 4730/5148/4618
f 4731/5149/4619 4732/5150/4620 4735/5153/4623
f 4730/5148/4618 4736/5154/4624 4734/5152/4622
f 4736/5154/4624 4730/5148/4618 4733/5151/4621
f 4731/5149/4619 4737/5155/4625 4733/5151/4621
f 4731/5149/4619 4735/5153/4623 4737/5155/4625
f 4733/5151/4621 4738/5156/4626 4736/5154/4624
f 4738/5156/4626 4733/5151/4621 4737/5155/4625
f 4732/5150/4620 4739/5157/4627 4735/5153/4623
f 4739/5157/4627 4732/5150/4620 4740/5158/4628
f 4735/5153/4623 4741/5159/4629 4737/5155/4625
f 4735/5153/4623 4739/5157/4627 4741/5159/4629
f 4737/5155/4625 4742/5160/4630 4738/5156/4626
f 4742/5160/4630 4737/5155/4625 4741/5159/4629
f 4740/5158/4628 4743/5161/4631 4739/5157/4627
f 4743/5161/4631 4740/5158/4628 4744/5162/4632
f 4745/5163/4633 4741/5159/4629 4739/5157/4627
f 4739/5157/4627 4743/5161/4631 4745/5163/4633
f 4741/5159/4629 4746/5164/4634 4742/5160/4630
f 4746/5164/4634 4741/5159/4629 4745/5163/4633
f 4744/5162/4632 4747/5165/4635 4743/5161/4631
f 4747/5165/4635 4744/5162/4632 4748/5166/4636
f 4749/5167/4637 4745/5163/4633 4743/5161/4631
f 4747/5165/4635 4749/5167/4637 4743/5161/4631
f 4745/5163/4633 4750/5168/4638 4746/5164/4634
f 4750/5168/4638 4745/5163/4633 4749/5167/4637
f 4748/5166/4636 4751/5169/4639 4747/5165/4635
f 4751/5169/4639 4748/5166/4636 4752/5170/4640
f 4753/5171/4641 4751/5169/4639 4752/5170/4640
f 4754/5172/4642 4749/5167/4637 4747/5165/4635
f 4751/5169/4639 4754/5172/4642 4747/5165/4635
f 4749/5167/4637 4755/5173/4643 4750/5168/4638
f 4755/5173/4643 4749/5167/4637 4754/5172/4642
f 4751/5169/4639 4753/5171/4641 4756/5174/4644
f 4757/5175/4645 4756/5174/4644 4753/5171/4641
f 4754/5172/4642 4751/5169/4639 4758/5176/4646
f 4756/5174/4644 4757/5175/4645 4759/5177/4647
f 4760/5178/4648 4759/5177/4647 4757/5175/4645
f 4761/5179/4649 4751/5169/4639 4756/5174/4644
f 4751/5169/4639 4761/5179/4649 4758/5176/4646
f 4762/5180/4650 4754/5172/4642 4758/5176/4646
f 4761/5179/4649 4762/5180/4650 4758/5176/4646
f 4754/5172/4642 4762/5180/4650 4755/5173/4643
f 4756/5174/4644 4763/5181/4651 4761/5179/4649
f 4763/5181/4651 4756/5174/4644 4759/5177/4647
f 4762/5180/4650 4761/5179/4649 4764/5182/4652
f 4763/5181/4651 4764/5182/4652 4761/5179/4649
f 4765/5183/4653 4755/5173/4643 4762/5180/4650
f 4764/5182/4652 4765/5183/4653 4762/5180/4650
f 4759/5177/4647 4766/5184/4654 4763/5181/4651
f 4764/5182/4652 4763/5181/4651 4767/5185/4655
f 4766/5184/4654 4767/5185/4655 4763/5181/4651
f 4759/5177/4647 4760/5178/4648 4768/5186/4656
f 4766/5184/4654 4759/5177/4647 4768/5186/4656
f 4769/5187/4657 4768/5186/4656 4760/5178/4648
f 4767/5185/4655 4770/5188/4658 4764/5182/4652
f 4765/5183/4653 4764/5182/4652 4770/5188/4658
f 4768/5186/4656 4769/5187/4657 4771/5189/4659
f 4768/5186/4656 4772/5190/4660 4766/5184/4654
f 4772/5190/4660 4768/5186/4656 4771/5189/4659
f 4767/5185/4655 4766/5184/4654 4773/5191/4661
f 4773/5191/4661 4766/5184/4654 4772/5190/4660
f 4769/5187/4657 4774/5192/4662 4771/5189/4659
f 4774/5192/4662 4769/5187/4657 4775/5193/4663
f 4771/5189/4659 4776/5194/4664 4772/5190/4660
f 4776/5194/4664 4771/5189/4659 4774/5192/4662
f 4773/5191/4661 4772/5190/4660 4777/5195/4665
f 4776/5194/4664 4777/5195/4665 4772/5190/4660
f 4773/5191/4661 4778/5196/4666 4767/5185/4655
f 4770/5188/4658 4767/5185/4655 4778/5196/4666
f 4777/5195/4665 4779/5197/4667 4773/5191/4661
f 4778/5196/4666 4773/5191/4661 4779/5197/4667
f 4777/5195/4665 4776/5194/4664 4780/5198/4668
f 4781/5199/4669 4770/5188/4658 4778/5196/4666
f 4779/5197/4667 4777/5195/4665 4782/5200/4670
f 4780/5198/4668 4782/5200/4670 4777/5195/4665
f 4783/5201/4671 4778/5196/4666 4779/5197/4667
f 4778/5196/4666 4783/5201/4671 4781/5199/4669
f 4784/5202/4672 4779/5197/4667 4782/5200/4670
f 4779/5197/4667 4784/5202/4672 4783/5201/4671
f 4770/5188/4658 4781/5199/4669 4785/5203/4673
f 4785/5203/4673 4765/5183/4653 4770/5188/4658
f 4786/5204/3572 4781/5199/4669 4783/5201/4671
f 4787/5205/4674 4785/5203/4673 4781/5199/4669
f 4781/5199/4669 4786/5204/3572 4787/5205/4674
f 4788/5206/4675 4783/5201/4671 4784/5202/4672
f 4783/5201/4671 4788/5206/4675 4786/5204/3572
f 4785/5203/4673 4787/5205/4674 4789/5207/4676
f 4788/5206/4675 4790/5208/4677 4786/5204/3572
f 4789/5207/4676 4791/5209/4678 4785/5203/4673
f 4765/5183/4653 4785/5203/4673 4791/5209/4678
f 4787/5205/4674 4786/5204/3572 4792/5210/4679
f 4792/5210/4679 4786/5204/3572 4790/5208/4677
f 4787/5205/4674 4793/5211/4680 4789/5207/4676
f 4793/5211/4680 4787/5205/4674 4792/5210/4679
f 4791/5209/4678 4789/5207/4676 4794/5212/4681
f 4793/5211/4680 4794/5212/4681 4789/5207/4676
f 4795/5213/4682 4765/5183/4653 4791/5209/4678
f 4796/5214/4683 4791/5209/4678 4794/5212/4681
f 4791/5209/4678 4796/5214/4683 4795/5213/4682
f 4794/5212/4681 4793/5211/4680 4797/5215/4684
f 4797/5215/4684 4796/5214/4683 4794/5212/4681
f 4765/5183/4653 4795/5213/4682 4798/5216/4685
f 4798/5216/4685 4755/5173/4643 4765/5183/4653
f 4798/5216/4685 4750/5168/4638 4755/5173/4643
f 4750/5168/4638 4798/5216/4685 4799/5217/4686
f 4799/5217/4686 4746/5164/4634 4750/5168/4638
f 4800/5218/4687 4798/5216/4685 4795/5213/4682
f 4798/5216/4685 4800/5218/4687 4799/5217/4686
f 4801/5219/4688 4746/5164/4634 4799/5217/4686
f 4801/5219/4688 4742/5160/4630 4746/5164/4634
f 4802/5220/4689 4799/5217/4686 4800/5218/4687
f 4799/5217/4686 4802/5220/4689 4801/5219/4688
f 4795/5213/4682 4803/5221/4690 4800/5218/4687
f 4803/5221/4690 4795/5213/4682 4796/5214/4683
f 4800/5218/4687 4804/5222/4691 4802/5220/4689
f 4804/5222/4691 4800/5218/4687 4803/5221/4690
f 4742/5160/4630 4801/5219/4688 4805/5223/4692
f 4805/5223/4692 4738/5156/4626 4742/5160/4630
f 4806/5224/4693 4801/5219/4688 4802/5220/4689
f 4801/5219/4688 4806/5224/4693 4805/5223/4692
f 4804/5222/4691 4807/5225/4694 4802/5220/4689
f 4802/5220/4689 4807/5225/4694 4806/5224/4693
f 4738/5156/4626 4805/5223/4692 4808/5226/4695
f 4808/5226/4695 4736/5154/4624 4738/5156/4626
f 4809/5227/4696 4805/5223/4692 4806/5224/4693
f 4805/5223/4692 4809/5227/4696 4808/5226/4695
f 4736/5154/4624 4808/5226/4695 4810/5228/4697
f 4810/5228/4697 4734/5152/4622 4736/5154/4624
f 4809/5227/4696 4811/5229/4698 4808/5226/4695
f 4810/5228/4697 4808/5226/4695 4811/5229/4698
f 4806/5224/4693 4812/5230/4699 4809/5227/4696
f 4812/5230/4699 4806/5224/4693 4807/5225/4694
f 4811/5229/4698 4809/5227/4696 4813/5231/4700
f 4809/5227/4696 4812/5230/4699 4813/5231/4700
f 4814/5232/4701 4810/5228/4697 4811/5229/4698
f 4812/5230/4699 4807/5225/4694 4815/5233/4702
f 4810/5228/4697 4814/5232/4701 4816/5234/4703
f 4734/5152/4622 4810/5228/4697 4816/5234/4703
f 4811/5229/4698 4817/5235/4704 4814/5232/4701
f 4817/5235/4704 4811/5229/4698 4813/5231/4700
f 4816/5234/4703 4814/5232/4701 4818/5236/4705
f 4817/5235/4704 4818/5236/4705 4814/5232/4701
f 4816/5234/4703 4819/5237/4706 4734/5152/4622
f 4727/5145/4615 4734/5152/4622 4819/5237/4706
f 4819/5237/4706 4724/5142/4612 4727/5145/4615
f 4820/5238/4707 4816/5234/4703 4818/5236/4705
f 4819/5237/4706 4816/5234/4703 4820/5238/4707
f 4821/5239/4708 4820/5238/4707 4818/5236/4705
f 4822/5240/2159 4819/5237/4706 4820/5238/4707
f 4820/5238/4707 4821/5239/4708 4822/5240/2159
f 4724/5142/4612 4819/5237/4706 4823/5241/4709
f 4819/5237/4706 4822/5240/2159 4823/5241/4709
f 4824/5242/4710 4821/5239/4708 4818/5236/4705
f 4818/5236/4705 4817/5235/4704 4824/5242/4710
f 4825/5243/4711 4822/5240/2159 4821/5239/4708
f 4821/5239/4708 4824/5242/4710 4826/5244/4712
f 4826/5244/4712 4825/5243/4711 4821/5239/4708
f 4827/5245/4713 4824/5242/4710 4817/5235/4704
f 4822/5240/2159 4825/5243/4711 4828/5246/4714
f 4828/5246/4714 4823/5241/4709 4822/5240/2159
f 4817/5235/4704 4829/5247/4715 4827/5245/4713
f 4817/5235/4704 4813/5231/4700 4829/5247/4715
f 4824/5242/4710 4827/5245/4713 4830/5248/4716
f 4830/5248/4716 4826/5244/4712 4824/5242/4710
f 4813/5231/4700 4831/5249/4717 4829/5247/4715
f 4831/5249/4717 4813/5231/4700 4812/5230/4699
f 4815/5233/4702 4831/5249/4717 4812/5230/4699
f 4832/5250/4718 4827/5245/4713 4829/5247/4715
f 4829/5247/4715 4831/5249/4717 4833/5251/4719
f 4829/5247/4715 4833/5251/4719 4832/5250/4718
f 4834/5252/4720 4831/5249/4717 4815/5233/4702
f 4831/5249/4717 4834/5252/4720 4833/5251/4719
f 4827/5245/4713 4832/5250/4718 4835/5253/4721
f 4830/5248/4716 4827/5245/4713 4835/5253/4721
f 4832/5250/4718 4833/5251/4719 4836/5254/4722
f 4836/5254/4722 4835/5253/4721 4832/5250/4718
f 4837/5255/4723 4833/5251/4719 4834/5252/4720
f 4837/5255/4723 4836/5254/4722 4833/5251/4719
f 4815/5233/4702 4838/5256/4724 4834/5252/4720
f 4837/5255/4723 4834/5252/4720 4838/5256/4724
f 4815/5233/4702 4839/5257/4725 4838/5256/4724
f 4807/5225/4694 4839/5257/4725 4815/5233/4702
f 4839/5257/4725 4807/5225/4694 4804/5222/4691
f 4803/5221/4690 4839/5257/4725 4804/5222/4691
f 4839/5257/4725 4803/5221/4690 4840/5258/4726
f 4839/5257/4725 4840/5258/4726 4838/5256/4724
f 4803/5221/4690 4841/5259/4727 4840/5258/4726
f 4841/5259/4727 4803/5221/4690 4796/5214/4683
f 4797/5215/4684 4841/5259/4727 4796/5214/4683
f 4842/5260/4728 4838/5256/4724 4840/5258/4726
f 4841/5259/4727 4842/5260/4728 4840/5258/4726
f 4843/5261/4729 4838/5256/4724 4842/5260/4728
f 4843/5261/4729 4837/5255/4723 4838/5256/4724
f 4842/5260/4728 4841/5259/4727 4844/5262/4730
f 4843/5261/4729 4842/5260/4728 4844/5262/4730
f 4841/5259/4727 4797/5215/4684 4844/5262/4730
f 4843/5261/4729 4845/5263/4731 4837/5255/4723
f 4846/5264/4732 4844/5262/4730 4797/5215/4684
f 4847/5265/4733 4843/5261/4729 4844/5262/4730
f 4847/5265/4733 4844/5262/4730 4846/5264/4732
f 4848/5266/4734 4846/5264/4732 4797/5215/4684
f 4846/5264/4732 4848/5266/4734 4847/5265/4733
f 4848/5266/4734 4797/5215/4684 4793/5211/4680
f 4793/5211/4680 4849/5267/4735 4848/5266/4734
f 4849/5267/4735 4793/5211/4680 4792/5210/4679
f 4850/5268/4736 4848/5266/4734 4849/5267/4735
f 4850/5268/4736 4847/5265/4733 4848/5266/4734
f 4851/5269/4737 4849/5267/4735 4792/5210/4679
f 4849/5267/4735 4851/5269/4737 4850/5268/4736
f 4851/5269/4737 4792/5210/4679 4790/5208/4677
f 4852/5270/4738 4843/5261/4729 4847/5265/4733
f 4843/5261/4729 4852/5270/4738 4845/5263/4731
f 4853/5271/4739 4851/5269/4737 4790/5208/4677
f 4790/5208/4677 4788/5206/4675 4853/5271/4739
f 4851/5269/4737 4853/5271/4739 4854/5272/4740
f 4788/5206/4675 4855/5273/4741 4853/5271/4739
f 4784/5202/4672 4855/5273/4741 4788/5206/4675
f 4856/5274/4742 4854/5272/4740 4853/5271/4739
f 4855/5273/4741 4856/5274/4742 4853/5271/4739
f 4857/5275/4743 4851/5269/4737 4854/5272/4740
f 4857/5275/4743 4850/5268/4736 4851/5269/4737
f 4855/5273/4741 4784/5202/4672 4858/5276/4744
f 4782/5200/4670 4858/5276/4744 4784/5202/4672
f 4859/5277/4745 4856/5274/4742 4855/5273/4741
f 4858/5276/4744 4859/5277/4745 4855/5273/4741
f 4854/5272/4740 4856/5274/4742 4860/5278/4746
f 4860/5278/4746 4857/5275/4743 4854/5272/4740
f 4858/5276/4744 4782/5200/4670 4861/5279/4747
f 4782/5200/4670 4780/5198/4668 4861/5279/4747
f 4858/5276/4744 4862/5280/4748 4859/5277/4745
f 4862/5280/4748 4858/5276/4744 4861/5279/4747
f 4856/5274/4742 4859/5277/4745 4863/5281/4749
f 4863/5281/4749 4860/5278/4746 4856/5274/4742
f 4862/5280/4748 4864/5282/4750 4859/5277/4745
f 4859/5277/4745 4864/5282/4750 4863/5281/4749
f 4861/5279/4747 4865/5283/4751 4862/5280/4748
f 4860/5278/4746 4863/5281/4749 4866/5284/4752
f 4861/5279/4747 4867/5285/4753 4865/5283/4751
f 4867/5285/4753 4861/5279/4747 4780/5198/4668
f 4865/5283/4751 4868/5286/4754 4862/5280/4748
f 4864/5282/4750 4862/5280/4748 4868/5286/4754
f 4780/5198/4668 4869/5287/4755 4867/5285/4753
f 4869/5287/4755 4780/5198/4668 4776/5194/4664
f 4774/5192/4662 4869/5287/4755 4776/5194/4664
f 4870/5288/4756 4863/5281/4749 4864/5282/4750
f 4870/5288/4756 4866/5284/4752 4863/5281/4749
f 4869/5287/4755 4774/5192/4662 4871/5289/3917
f 4775/5193/4663 4871/5289/3917 4774/5192/4662
f 4871/5289/3917 4775/5193/4663 4872/5290/4757
f 4871/5289/3917 4873/5291/4758 4869/5287/4755
f 4873/5291/4758 4867/5285/4753 4869/5287/4755
f 4872/5290/4757 4874/5292/4759 4871/5289/3917
f 4873/5291/4758 4871/5289/3917 4874/5292/4759
f 4874/5292/4759 4872/5290/4757 4875/5293/4760
f 4867/5285/4753 4873/5291/4758 4876/5294/4761
f 4876/5294/4761 4865/5283/4751 4867/5285/4753
f 4875/5293/4760 4877/5295/4762 4874/5292/4759
f 4877/5295/4762 4875/5293/4760 4878/5296/4763
f 4874/5292/4759 4879/5297/4764 4873/5291/4758
f 4879/5297/4764 4874/5292/4759 4877/5295/4762
f 4879/5297/4764 4876/5294/4761 4873/5291/4758
f 4878/5296/4763 4880/5298/4765 4877/5295/4762
f 4880/5298/4765 4879/5297/4764 4877/5295/4762
f 4880/5298/4765 4878/5296/4763 4881/5299/4766
f 4865/5283/4751 4876/5294/4761 4882/5300/4767
f 4868/5286/4754 4865/5283/4751 4882/5300/4767
f 4881/5299/4766 4883/5301/4768 4880/5298/4765
f 4883/5301/4768 4881/5299/4766 4884/5302/4769
f 4883/5301/4768 4885/5303/4770 4880/5298/4765
f 4879/5297/4764 4880/5298/4765 4885/5303/4770
f 4884/5302/4769 4886/5304/4771 4883/5301/4768
f 4886/5304/4771 4884/5302/4769 4887/5305/4772
f 4885/5303/4770 4883/5301/4768 4888/5306/4773
f 4886/5304/4771 4888/5306/4773 4883/5301/4768
f 4889/5307/4774 4879/5297/4764 4885/5303/4770
f 4887/5305/4772 4890/5308/4775 4886/5304/4771
f 4890/5308/4775 4887/5305/4772 4891/5309/4776
f 4891/5309/4776 4892/5310/4777 4890/5308/4775
f 4888/5306/4773 4886/5304/4771 4893/5311/4778
f 4890/5308/4775 4893/5311/4778 4886/5304/4771
f 4894/5312/4779 4885/5303/4770 4888/5306/4773
f 4885/5303/4770 4894/5312/4779 4889/5307/4774
f 4895/5313/4780 4888/5306/4773 4893/5311/4778
f 4888/5306/4773 4895/5313/4780 4894/5312/4779
f 4893/5311/4778 4890/5308/4775 4896/5314/4781
f 4892/5310/4777 4897/5315/4782 4890/5308/4775
f 4896/5314/4781 4890/5308/4775 4897/5315/4782
f 4892/5310/4777 4898/5316/4783 4897/5315/4782
f 4899/5317/4784 4893/5311/4778 4896/5314/4781
f 4893/5311/4778 4899/5317/4784 4895/5313/4780
f 4898/5316/4783 4900/5318/4785 4897/5315/4782
f 4898/5316/4783 4901/5319/4786 4900/5318/4785
f 4896/5314/4781 4897/5315/4782 4902/5320/4787
f 4897/5315/4782 4900/5318/4785 4902/5320/4787
f 4903/5321/4788 4896/5314/4781 4902/5320/4787
f 4896/5314/4781 4903/5321/4788 4899/5317/4784
f 4902/5320/4787 4900/5318/4785 4904/5322/4789
f 4902/5320/4787 4904/5322/4789 4903/5321/4788
f 4901/5319/4786 4905/5323/4790 4900/5318/4785
f 4900/5318/4785 4905/5323/4790 4904/5322/4789
f 4901/5319/4786 4721/5139/4609 4905/5323/4790
f 4721/5139/4609 4906/5324/4347 4905/5323/4790
f 4721/5139/4609 4720/5138/4608 4906/5324/4347
f 4905/5323/4790 4907/5325/4791 4904/5322/4789
f 4905/5323/4790 4906/5324/4347 4907/5325/4791
f 4904/5322/4789 4907/5325/4791 4908/5326/4792
f 4904/5322/4789 4908/5326/4792 4903/5321/4788
f 4909/5327/4793 4907/5325/4791 4906/5324/4347
f 4907/5325/4791 4910/5328/4794 4908/5326/4792
f 4907/5325/4791 4909/5327/4793 4910/5328/4794
f 4911/5329/4795 4903/5321/4788 4908/5326/4792
f 4911/5329/4795 4908/5326/4792 4910/5328/4794
f 4906/5324/4347 4912/5330/4796 4909/5327/4793
f 4912/5330/4796 4906/5324/4347 4720/5138/4608
f 4909/5327/4793 4913/5331/4797 4910/5328/4794
f 4720/5138/4608 4914/5332/4798 4912/5330/4796
f 4914/5332/4798 4720/5138/4608 4716/5134/4604
f 4915/5333/4799 4909/5327/4793 4912/5330/4796
f 4909/5327/4793 4915/5333/4799 4913/5331/4797
f 4916/5334/4800 4912/5330/4796 4914/5332/4798
f 4912/5330/4796 4916/5334/4800 4915/5333/4799
f 4716/5134/4604 4917/5335/4801 4914/5332/4798
f 4917/5335/4801 4716/5134/4604 4712/5130/4600
f 4914/5332/4798 4918/5336/4802 4916/5334/4800
f 4918/5336/4802 4914/5332/4798 4917/5335/4801
f 4712/5130/4600 4919/5337/4803 4917/5335/4801
f 4919/5337/4803 4918/5336/4802 4917/5335/4801
f 4919/5337/4803 4712/5130/4600 4707/5125/4595
f 4918/5336/4802 4920/5338/4804 4916/5334/4800
f 4916/5334/4800 4920/5338/4804 4915/5333/4799
f 4707/5125/4595 4921/5339/4805 4919/5337/4803
f 4921/5339/4805 4707/5125/4595 4710/5128/4598
f 4918/5336/4802 4919/5337/4803 4922/5340/4806
f 4921/5339/4805 4922/5340/4806 4919/5337/4803
f 4922/5340/4806 4923/5341/4807 4918/5336/4802
f 4918/5336/4802 4923/5341/4807 4920/5338/4804
f 4922/5340/4806 4921/5339/4805 4924/5342/4808
f 4710/5128/4598 4925/5343/4809 4921/5339/4805
f 4925/5343/4809 4924/5342/4808 4921/5339/4805
f 4925/5343/4809 4710/5128/4598 4714/5132/4602
f 4714/5132/4602 4724/5142/4612 4925/5343/4809
f 4823/5241/4709 4925/5343/4809 4724/5142/4612
f 4925/5343/4809 4823/5241/4709 4926/5344/4810
f 4924/5342/4808 4925/5343/4809 4926/5344/4810
f 4823/5241/4709 4828/5246/4714 4926/5344/4810
f 4926/5344/4810 4927/5345/4811 4924/5342/4808
f 4927/5345/4811 4926/5344/4810 4828/5246/4714
f 4924/5342/4808 4928/5346/4812 4922/5340/4806
f 4928/5346/4812 4924/5342/4808 4927/5345/4811
f 4923/5341/4807 4922/5340/4806 4928/5346/4812
f 4828/5246/4714 4929/5347/4813 4927/5345/4811
f 4929/5347/4813 4828/5246/4714 4825/5243/4711
f 4927/5345/4811 4930/5348/4814 4928/5346/4812
f 4930/5348/4814 4927/5345/4811 4929/5347/4813
f 4928/5346/4812 4931/5349/4815 4923/5341/4807
f 4931/5349/4815 4928/5346/4812 4930/5348/4814
f 4932/5350/3935 4929/5347/4813 4825/5243/4711
f 4825/5243/4711 4826/5244/4712 4932/5350/3935
f 4933/5351/4816 4930/5348/4814 4929/5347/4813
f 4933/5351/4816 4929/5347/4813 4932/5350/3935
f 4934/5352/4817 4931/5349/4815 4930/5348/4814
f 4930/5348/4814 4933/5351/4816 4934/5352/4817
f 4931/5349/4815 4935/5353/4818 4923/5341/4807
f 4923/5341/4807 4935/5353/4818 4920/5338/4804
f 4934/5352/4817 4936/5354/4819 4931/5349/4815
f 4936/5354/4819 4935/5353/4818 4931/5349/4815
f 4937/5355/4820 4934/5352/4817 4933/5351/4816
f 4936/5354/4819 4934/5352/4817 4938/5356/4821
f 4934/5352/4817 4937/5355/4820 4938/5356/4821
f 4935/5353/4818 4936/5354/4819 4939/5357/4822
f 4940/5358/4823 4937/5355/4820 4933/5351/4816
f 4940/5358/4823 4933/5351/4816 4932/5350/3935
f 4941/5359/4824 4920/5338/4804 4935/5353/4818
f 4941/5359/4824 4935/5353/4818 4939/5357/4822
f 4932/5350/3935 4942/5360/4825 4940/5358/4823
f 4942/5360/4825 4932/5350/3935 4826/5244/4712
f 4826/5244/4712 4830/5248/4716 4942/5360/4825
f 4942/5360/4825 4943/5361/4826 4940/5358/4823
f 4830/5248/4716 4944/5362/4827 4942/5360/4825
f 4943/5361/4826 4942/5360/4825 4944/5362/4827
f 4944/5362/4827 4830/5248/4716 4945/5363/4828
f 4830/5248/4716 4835/5253/4721 4945/5363/4828
f 4946/5364/4829 4940/5358/4823 4943/5361/4826
f 4940/5358/4823 4946/5364/4829 4937/5355/4820
f 4945/5363/4828 4835/5253/4721 4947/5365/4830
f 4947/5365/4830 4944/5362/4827 4945/5363/4828
f 4836/5254/4722 4947/5365/4830 4835/5253/4721
f 4948/5366/4831 4943/5361/4826 4944/5362/4827
f 4948/5366/4831 4944/5362/4827 4947/5365/4830
f 4948/5366/4831 4946/5364/4829 4943/5361/4826
f 4947/5365/4830 4836/5254/4722 4949/5367/4832
f 4950/5368/4833 4937/5355/4820 4946/5364/4829
f 4937/5355/4820 4950/5368/4833 4938/5356/4821
f 4951/5369/4834 4950/5368/4833 4946/5364/4829
f 4951/5369/4834 4946/5364/4829 4948/5366/4831
f 4952/5370/4835 4938/5356/4821 4950/5368/4833
f 4951/5369/4834 4952/5370/4835 4950/5368/4833
f 4948/5366/4831 4947/5365/4830 4953/5371/4836
f 4953/5371/4836 4947/5365/4830 4949/5367/4832
f 4954/5372/4837 4951/5369/4834 4948/5366/4831
f 4953/5371/4836 4954/5372/4837 4948/5366/4831
f 4949/5367/4832 4955/5373/4838 4953/5371/4836
f 4955/5373/4838 4954/5372/4837 4953/5371/4836
f 4949/5367/4832 4836/5254/4722 4956/5374/4839
f 4837/5255/4723 4956/5374/4839 4836/5254/4722
f 4956/5374/4839 4837/5255/4723 4845/5263/4731
f 4957/5375/4840 4949/5367/4832 4956/5374/4839
f 4955/5373/4838 4949/5367/4832 4957/5375/4840
f 4956/5374/4839 4845/5263/4731 4958/5376/4841
f 4956/5374/4839 4958/5376/4841 4957/5375/4840
f 4845/5263/4731 4959/5377/4842 4958/5376/4841
f 4852/5270/4738 4959/5377/4842 4845/5263/4731
f 4958/5376/4841 4960/5378/4843 4957/5375/4840
f 4959/5377/4842 4960/5378/4843 4958/5376/4841
f 4957/5375/4840 4960/5378/4843 4955/5373/4838
f 4959/5377/4842 4852/5270/4738 4961/5379/4844
f 4961/5379/4844 4960/5378/4843 4959/5377/4842
f 4962/5380/4845 4961/5379/4844 4852/5270/4738
f 4962/5380/4845 4852/5270/4738 4847/5265/4733
f 4961/5379/4844 4962/5380/4845 4963/5381/4846
f 4963/5381/4846 4960/5378/4843 4961/5379/4844
f 4847/5265/4733 4964/5382/4847 4962/5380/4845
f 4964/5382/4847 4847/5265/4733 4850/5268/4736
f 4962/5380/4845 4965/5383/4848 4963/5381/4846
f 4965/5383/4848 4962/5380/4845 4964/5382/4847
f 4965/5383/4848 4960/5378/4843 4963/5381/4846
f 4850/5268/4736 4966/5384/4849 4964/5382/4847
f 4964/5382/4847 4967/5385/4850 4965/5383/4848
f 4967/5385/4850 4964/5382/4847 4966/5384/4849
f 4967/5385/4850 4960/5378/4843 4965/5383/4848
f 4966/5384/4849 4850/5268/4736 4857/5275/4743
f 4966/5384/4849 4968/5386/4851 4967/5385/4850
f 4968/5386/4851 4960/5378/4843 4967/5385/4850
f 4857/5275/4743 4969/5387/4852 4966/5384/4849
f 4968/5386/4851 4966/5384/4849 4969/5387/4852
f 4969/5387/4852 4857/5275/4743 4970/5388/4853
f 4970/5388/4853 4857/5275/4743 4860/5278/4746
f 4970/5388/4853 4860/5278/4746 4866/5284/4752
f 4969/5387/4852 4971/5389/4854 4968/5386/4851
f 4971/5389/4854 4960/5378/4843 4968/5386/4851
f 4970/5388/4853 4972/5390/4855 4969/5387/4852
f 4971/5389/4854 4969/5387/4852 4972/5390/4855
f 4973/5391/4856 4970/5388/4853 4866/5284/4752
f 4866/5284/4752 4870/5288/4756 4973/5391/4856
f 4972/5390/4855 4974/5392/4857 4971/5389/4854
f 4974/5392/4857 4960/5378/4843 4971/5389/4854
f 4972/5390/4855 4970/5388/4853 4975/5393/4858
f 4970/5388/4853 4973/5391/4856 4975/5393/4858
f 4974/5392/4857 4972/5390/4855 4976/5394/4859
f 4975/5393/4858 4976/5394/4859 4972/5390/4855
f 4977/5395/4860 4974/5392/4857 4976/5394/4859
f 4975/5393/4858 4973/5391/4856 4978/5396/4861
f 4974/5392/4857 4977/5395/4860 4979/5397/4862
f 4979/5397/4862 4960/5378/4843 4974/5392/4857
f 4976/5394/4859 4975/5393/4858 4980/5398/4863
f 4980/5398/4863 4977/5395/4860 4976/5394/4859
f 4975/5393/4858 4978/5396/4861 4981/5399/4864
f 4980/5398/4863 4975/5393/4858 4981/5399/4864
f 4973/5391/4856 4982/5400/4865 4978/5396/4861
f 4982/5400/4865 4981/5399/4864 4978/5396/4861
f 4982/5400/4865 4973/5391/4856 4870/5288/4756
f 4980/5398/4863 4981/5399/4864 4983/5401/4866
f 4870/5288/4756 4984/5402/4867 4982/5400/4865
f 4984/5402/4867 4870/5288/4756 4864/5282/4750
f 4984/5402/4867 4864/5282/4750 4868/5286/4754
f 4981/5399/4864 4982/5400/4865 4985/5403/4868
f 4985/5403/4868 4983/5401/4866 4981/5399/4864
f 4986/5404/4869 4982/5400/4865 4984/5402/4867
f 4985/5403/4868 4982/5400/4865 4986/5404/4869
f 4987/5405/4870 4984/5402/4867 4868/5286/4754
f 4987/5405/4870 4868/5286/4754 4882/5300/4767
f 4988/5406/4871 4984/5402/4867 4987/5405/4870
f 4984/5402/4867 4988/5406/4871 4986/5404/4869
f 4882/5300/4767 4989/5407/4872 4987/5405/4870
f 4989/5407/4872 4988/5406/4871 4987/5405/4870
f 4882/5300/4767 4990/5408/4873 4989/5407/4872
f 4990/5408/4873 4882/5300/4767 4876/5294/4761
f 4876/5294/4761 4879/5297/4764 4990/5408/4873
f 4879/5297/4764 4889/5307/4774 4990/5408/4873
f 4990/5408/4873 4991/5409/3028 4989/5407/4872
f 4991/5409/3028 4990/5408/4873 4889/5307/4774
f 4988/5406/4871 4989/5407/4872 4991/5409/3028
f 4991/5409/3028 4889/5307/4774 4992/5410/4874
f 4992/5410/4874 4889/5307/4774 4894/5312/4779
f 4993/5411/4875 4988/5406/4871 4991/5409/3028
f 4993/5411/4875 4991/5409/3028 4992/5410/4874
f 4993/5411/4875 4986/5404/4869 4988/5406/4871
f 4894/5312/4779 4994/5412/4876 4992/5410/4874
f 4994/5412/4876 4894/5312/4779 4895/5313/4780
f 4992/5410/4874 4995/5413/4877 4993/5411/4875
f 4995/5413/4877 4992/5410/4874 4994/5412/4876
f 4986/5404/4869 4993/5411/4875 4996/5414/4878
f 4995/5413/4877 4996/5414/4878 4993/5411/4875
f 4996/5414/4878 4985/5403/4868 4986/5404/4869
f 4994/5412/4876 4895/5313/4780 4997/5415/4879
f 4997/5415/4879 4895/5313/4780 4899/5317/4784
f 4985/5403/4868 4996/5414/4878 4998/5416/4880
f 4983/5401/4866 4985/5403/4868 4998/5416/4880
f 4996/5414/4878 4995/5413/4877 4999/5417/4881
f 4999/5417/4881 4998/5416/4880 4996/5414/4878
f 4994/5412/4876 5000/5418/4882 4995/5413/4877
f 5000/5418/4882 4999/5417/4881 4995/5413/4877
f 5000/5418/4882 4994/5412/4876 4997/5415/4879
f 4998/5416/4880 5001/5419/4883 4983/5401/4866
f 4983/5401/4866 5001/5419/4883 4980/5398/4863
f 4998/5416/4880 4999/5417/4881 5002/5420/4884
f 5001/5419/4883 4998/5416/4880 5002/5420/4884
f 4999/5417/4881 5000/5418/4882 5003/5421/4885
f 5003/5421/4885 5002/5420/4884 4999/5417/4881
f 4997/5415/4879 5004/5422/4886 5000/5418/4882
f 5004/5422/4886 5003/5421/4885 5000/5418/4882
f 4899/5317/4784 5005/5423/4887 4997/5415/4879
f 5004/5422/4886 4997/5415/4879 5005/5423/4887
f 5005/5423/4887 4899/5317/4784 4903/5321/4788
f 4903/5321/4788 4911/5329/4795 5005/5423/4887
f 5005/5423/4887 5006/5424/4888 5004/5422/4886
f 5006/5424/4888 5005/5423/4887 4911/5329/4795
f 5003/5421/4885 5004/5422/4886 5007/5425/4889
f 5006/5424/4888 5007/5425/4889 5004/5422/4886
f 5002/5420/4884 5003/5421/4885 5008/5426/4890
f 5003/5421/4885 5007/5425/4889 5008/5426/4890
f 5009/5427/4891 5002/5420/4884 5008/5426/4890
f 5002/5420/4884 5009/5427/4891 5001/5419/4883
f 5007/5425/4889 5010/5428/4892 5008/5426/4890
f 5011/5429/4893 5001/5419/4883 5009/5427/4891
f 5011/5429/4893 4980/5398/4863 5001/5419/4883
f 4977/5395/4860 4980/5398/4863 5011/5429/4893
f 5008/5426/4890 5012/5430/4894 5009/5427/4891
f 5009/5427/4891 5012/5430/4894 5011/5429/4893
f 5008/5426/4890 5010/5428/4892 5012/5430/4894
f 5011/5429/4893 5013/5431/4895 4977/5395/4860
f 4979/5397/4862 4977/5395/4860 5013/5431/4895
f 5014/5432/4896 5011/5429/4893 5012/5430/4894
f 5013/5431/4895 5011/5429/4893 5014/5432/4896
f 5010/5428/4892 5015/5433/4897 5012/5430/4894
f 5014/5432/4896 5012/5430/4894 5015/5433/4897
f 4979/5397/4862 5013/5431/4895 5016/5434/4898
f 5016/5434/4898 4960/5378/4843 4979/5397/4862
f 5017/5435/4899 5013/5431/4895 5014/5432/4896
f 5013/5431/4895 5018/5436/4056 5016/5434/4898
f 5013/5431/4895 5017/5435/4899 5018/5436/4056
f 5019/5437/4900 4960/5378/4843 5016/5434/4898
f 5018/5436/4056 5019/5437/4900 5016/5434/4898
f 5020/5438/4901 4960/5378/4843 5019/5437/4900
f 5018/5436/4056 5020/5438/4901 5019/5437/4900
f 5021/5439/4902 4960/5378/4843 5020/5438/4901
f 4955/5373/4838 4960/5378/4843 5021/5439/4902
f 4954/5372/4837 4955/5373/4838 5021/5439/4902
f 5020/5438/4901 5018/5436/4056 5022/5440/4903
f 5021/5439/4902 5020/5438/4901 5022/5440/4903
f 4954/5372/4837 5021/5439/4902 5022/5440/4903
f 5017/5435/4899 5022/5440/4903 5018/5436/4056
f 4951/5369/4834 4954/5372/4837 5022/5440/4903
f 4951/5369/4834 5022/5440/4903 5023/5441/4904
f 5022/5440/4903 5017/5435/4899 5023/5441/4904
f 5023/5441/4904 4952/5370/4835 4951/5369/4834
f 5023/5441/4904 5024/5442/2656 4952/5370/4835
f 5017/5435/4899 5025/5443/4905 5023/5441/4904
f 5023/5441/4904 5025/5443/4905 5024/5442/2656
f 5024/5442/2656 5026/5444/4906 4952/5370/4835
f 4938/5356/4821 4952/5370/4835 5026/5444/4906
f 4938/5356/4821 5026/5444/4906 4936/5354/4819
f 5026/5444/4906 4939/5357/4822 4936/5354/4819
f 5026/5444/4906 5024/5442/2656 5027/5445/4907
f 4939/5357/4822 5026/5444/4906 5027/5445/4907
f 5025/5443/4905 5027/5445/4907 5024/5442/2656
f 5028/5446/4908 4939/5357/4822 5027/5445/4907
f 4939/5357/4822 5028/5446/4908 4941/5359/4824
f 5027/5445/4907 5025/5443/4905 5029/5447/4909
f 5028/5446/4908 5027/5445/4907 5029/5447/4909
f 5030/5448/4910 5029/5447/4909 5025/5443/4905
f 5017/5435/4899 5030/5448/4910 5025/5443/4905
f 5029/5447/4909 5031/5449/4911 5028/5446/4908
f 5017/5435/4899 5032/5450/4912 5030/5448/4910
f 5017/5435/4899 5014/5432/4896 5032/5450/4912
f 5032/5450/4912 5014/5432/4896 5015/5433/4897
f 5029/5447/4909 5030/5448/4910 5033/5451/4913
f 5031/5449/4911 5029/5447/4909 5033/5451/4913
f 5030/5448/4910 5034/5452/4914 5033/5451/4913
f 5034/5452/4914 5030/5448/4910 5032/5450/4912
f 5034/5452/4914 5031/5449/4911 5033/5451/4913
f 5035/5453/4915 5032/5450/4912 5015/5433/4897
f 5035/5453/4915 5034/5452/4914 5032/5450/4912
f 5015/5433/4897 5010/5428/4892 5035/5453/4915
f 5031/5449/4911 5034/5452/4914 5036/5454/4916
f 5034/5452/4914 5035/5453/4915 5036/5454/4916
f 5010/5428/4892 5037/5455/4917 5035/5453/4915
f 5037/5455/4917 5036/5454/4916 5035/5453/4915
f 5037/5455/4917 5010/5428/4892 5007/5425/4889
f 5007/5425/4889 5006/5424/4888 5037/5455/4917
f 5036/5454/4916 5038/5456/4918 5031/5449/4911
f 5038/5456/4918 5028/5446/4908 5031/5449/4911
f 5028/5446/4908 5038/5456/4918 4941/5359/4824
f 5039/5457/4919 5036/5454/4916 5037/5455/4917
f 5006/5424/4888 5039/5457/4919 5037/5455/4917
f 5038/5456/4918 5036/5454/4916 5039/5457/4919
f 4911/5329/4795 5039/5457/4919 5006/5424/4888
f 5040/5458/4920 4941/5359/4824 5038/5456/4918
f 5039/5457/4919 5040/5458/4920 5038/5456/4918
f 5039/5457/4919 4911/5329/4795 5041/5459/4921
f 5040/5458/4920 5039/5457/4919 5041/5459/4921
f 4910/5328/4794 5041/5459/4921 4911/5329/4795
f 4913/5331/4797 5041/5459/4921 4910/5328/4794
f 5041/5459/4921 4913/5331/4797 5040/5458/4920
f 4941/5359/4824 5040/5458/4920 5042/5460/4922
f 4913/5331/4797 5042/5460/4922 5040/5458/4920
f 4920/5338/4804 4941/5359/4824 5042/5460/4922
f 5042/5460/4922 4913/5331/4797 4915/5333/4799
f 4915/5333/4799 4920/5338/4804 5042/5460/4922
f 5043/5461/4923 5044/5462/4924 5045/5463/4925
f 5046/5464/4926 5043/5461/4923 5045/5463/4925
f 5043/5461/4923 5047/5465/4927 5044/5462/4924
f 5047/5465/4927 5048/5466/4928 5044/5462/4924
f 5043/5461/4923 5046/5464/4926 5049/5467/4929
f 5050/5468/4930 5049/5467/4929 5046/5464/4926
f 5047/5465/4927 5051/5469/4931 5048/5466/4928
f 5051/5469/4931 5052/5470/4932 5048/5466/4928
f 5049/5467/4929 5050/5468/4930 5053/5471/4933
f 5054/5472/4786 5053/5471/4933 5050/5468/4930
f 5051/5469/4931 5055/5473/4934 5052/5470/4932
f 5055/5473/4934 5056/5474/4763 5052/5470/4932
f 5053/5471/4933 5054/5472/4786 5057/5475/4935
f 5058/5476/4609 5057/5475/4935 5054/5472/4786
f 5055/5473/4934 5059/5477/4936 5056/5474/4763
f 5059/5477/4936 5060/5478/4760 5056/5474/4763
f 5051/5469/4931 5061/5479/4937 5055/5473/4934
f 5061/5479/4937 5059/5477/4936 5055/5473/4934
f 5059/5477/4936 5062/5480/4938 5060/5478/4760
f 5062/5480/4938 5063/5481/4939 5060/5478/4760
f 5059/5477/4936 5061/5479/4937 5064/5482/4940
f 5064/5482/4940 5062/5480/4938 5059/5477/4936
f 5062/5480/4938 5065/5483/4941 5063/5481/4939
f 5065/5483/4941 5066/5484/4942 5063/5481/4939
f 5062/5480/4938 5064/5482/4940 5067/5485/4943
f 5067/5485/4943 5065/5483/4941 5062/5480/4938
f 5065/5483/4941 5068/5486/4944 5066/5484/4942
f 5068/5486/4944 5069/5487/4945 5066/5484/4942
f 5065/5483/4941 5067/5485/4943 5070/5488/4946
f 5065/5483/4941 5070/5488/4946 5068/5486/4944
f 5064/5482/4940 5071/5489/4947 5067/5485/4943
f 5068/5486/4944 5072/5490/4948 5069/5487/4945
f 5071/5489/4947 5064/5482/4940 5073/5491/4949
f 5061/5479/4937 5073/5491/4949 5064/5482/4940
f 5068/5486/4944 5074/5492/4950 5072/5490/4948
f 5068/5486/4944 5070/5488/4946 5074/5492/4950
f 5075/5493/4656 5069/5487/4945 5072/5490/4948
f 5069/5487/4945 5075/5493/4656 5076/5494/4951
f 5072/5490/4948 5074/5492/4950 5077/5495/4952
f 5075/5493/4656 5072/5490/4948 5077/5495/4952
f 5078/5496/4953 5076/5494/4951 5075/5493/4656
f 5076/5494/4951 5078/5496/4953 5079/5497/4954
f 5075/5493/4656 5077/5495/4952 5080/5498/4654
f 5078/5496/4953 5075/5493/4656 5080/5498/4654
f 5081/5499/4955 5079/5497/4954 5078/5496/4953
f 5079/5497/4954 5081/5499/4955 5082/5500/4956
f 5080/5498/4654 5083/5501/4957 5078/5496/4953
f 5081/5499/4955 5078/5496/4953 5083/5501/4957
f 5077/5495/4952 5084/5502/4661 5080/5498/4654
f 5085/5503/4958 5082/5500/4956 5081/5499/4955
f 5082/5500/4956 5085/5503/4958 5086/5504/4959
f 5085/5503/4958 5087/5505/4960 5086/5504/4959
f 5083/5501/4957 5088/5506/4961 5081/5499/4955
f 5085/5503/4958 5081/5499/4955 5088/5506/4961
f 5080/5498/4654 5089/5507/4962 5083/5501/4957
f 5089/5507/4962 5080/5498/4654 5084/5502/4661
f 5083/5501/4957 5090/5508/4963 5088/5506/4961
f 5090/5508/4963 5083/5501/4957 5089/5507/4962
f 5088/5506/4961 5091/5509/4964 5085/5503/4958
f 5092/5510/4965 5088/5506/4961 5090/5508/4963
f 5088/5506/4961 5092/5510/4965 5091/5509/4964
f 5093/5511/4966 5085/5503/4958 5091/5509/4964
f 5092/5510/4965 5093/5511/4966 5091/5509/4964
f 5085/5503/4958 5094/5512/4967 5087/5505/4960
f 5085/5503/4958 5093/5511/4966 5094/5512/4967
f 5094/5512/4967 5095/5513/4968 5087/5505/4960
f 5092/5510/4965 5096/5514/4969 5093/5511/4966
f 5094/5512/4967 5097/5515/4970 5095/5513/4968
f 5097/5515/4970 5098/5516/4971 5095/5513/4968
f 5099/5517/4972 5094/5512/4967 5093/5511/4966
f 5094/5512/4967 5099/5517/4972 5097/5515/4970
f 5096/5514/4969 5099/5517/4972 5093/5511/4966
f 5097/5515/4970 5100/5518/4627 5098/5516/4971
f 5100/5518/4627 5101/5519/4973 5098/5516/4971
f 5102/5520/4633 5097/5515/4970 5099/5517/4972
f 5097/5515/4970 5102/5520/4633 5100/5518/4627
f 5096/5514/4969 5103/5521/4974 5099/5517/4972
f 5103/5521/4974 5102/5520/4633 5099/5517/4972
f 5100/5518/4627 5104/5522/4975 5101/5519/4973
f 5105/5523/4976 5100/5518/4627 5102/5520/4633
f 5100/5518/4627 5105/5523/4976 5104/5522/4975
f 5102/5520/4633 5103/5521/4974 5106/5524/4977
f 5106/5524/4977 5105/5523/4976 5102/5520/4633
f 5107/5525/4978 5101/5519/4973 5104/5522/4975
f 5101/5519/4973 5107/5525/4978 5108/5526/4979
f 5109/5527/4980 5104/5522/4975 5105/5523/4976
f 5104/5522/4975 5109/5527/4980 5107/5525/4978
f 5105/5523/4976 5106/5524/4977 5110/5528/4981
f 5109/5527/4980 5105/5523/4976 5110/5528/4981
f 5111/5529/3523 5108/5526/4979 5107/5525/4978
f 5108/5526/4979 5111/5529/3523 5112/5530/4982
f 5113/5531/4983 5107/5525/4978 5109/5527/4980
f 5107/5525/4978 5113/5531/4983 5111/5529/3523
f 5114/5532/4984 5112/5530/4982 5111/5529/3523
f 5112/5530/4982 5114/5532/4984 5115/5533/4985
f 5116/5534/4986 5111/5529/3523 5113/5531/4983
f 5111/5529/3523 5116/5534/4986 5114/5532/4984
f 5113/5531/4983 5109/5527/4980 5117/5535/4987
f 5117/5535/4987 5109/5527/4980 5110/5528/4981
f 5116/5534/4986 5113/5531/4983 5118/5536/4988
f 5118/5536/4988 5113/5531/4983 5117/5535/4987
f 5119/5537/4989 5115/5533/4985 5114/5532/4984
f 5115/5533/4985 5119/5537/4989 5120/5538/4607
f 5121/5539/4990 5114/5532/4984 5116/5534/4986
f 5114/5532/4984 5121/5539/4990 5119/5537/4989
f 5122/5540/4991 5120/5538/4607 5119/5537/4989
f 5122/5540/4991 5119/5537/4989 5121/5539/4990
f 5120/5538/4607 5122/5540/4991 5123/5541/4603
f 5121/5539/4990 5116/5534/4986 5124/5542/4992
f 5124/5542/4992 5116/5534/4986 5118/5536/4988
f 5125/5543/4993 5123/5541/4603 5122/5540/4991
f 5123/5541/4603 5125/5543/4993 5126/5544/4994
f 5127/5545/4995 5122/5540/4991 5121/5539/4990
f 5125/5543/4993 5122/5540/4991 5127/5545/4995
f 5128/5546/4996 5126/5544/4994 5125/5543/4993
f 5126/5544/4994 5128/5546/4996 5129/5547/4997
f 5130/5548/4998 5125/5543/4993 5127/5545/4995
f 5128/5546/4996 5125/5543/4993 5130/5548/4998
f 5131/5549/4999 5129/5547/4997 5128/5546/4996
f 5129/5547/4997 5131/5549/4999 5132/5550/5000
f 5132/5550/5000 5131/5549/4999 5133/5551/5001
f 5130/5548/4998 5134/5552/5002 5128/5546/4996
f 5131/5549/4999 5128/5546/4996 5134/5552/5002
f 5133/5551/5001 5131/5549/4999 5135/5553/3614
f 5133/5551/5001 5135/5553/3614 5136/5554/5003
f 5134/5552/5002 5137/5555/5004 5131/5549/4999
f 5137/5555/5004 5135/5553/3614 5131/5549/4999
f 5136/5554/5003 5135/5553/3614 5138/5556/5005
f 5136/5554/5003 5138/5556/5005 5139/5557/4605
f 5137/5555/5004 5140/5558/5006 5135/5553/3614
f 5140/5558/5006 5138/5556/5005 5135/5553/3614
f 5139/5557/4605 5138/5556/5005 5141/5559/5007
f 5139/5557/4605 5141/5559/5007 5058/5476/4609
f 5138/5556/5005 5140/5558/5006 5142/5560/5008
f 5142/5560/5008 5141/5559/5007 5138/5556/5005
f 5137/5555/5004 5143/5561/5009 5140/5558/5006
f 5140/5558/5006 5143/5561/5009 5142/5560/5008
f 5058/5476/4609 5141/5559/5007 5144/5562/5010
f 5057/5475/4935 5058/5476/4609 5144/5562/5010
f 5141/5559/5007 5142/5560/5008 5145/5563/5011
f 5145/5563/5011 5144/5562/5010 5141/5559/5007
f 5142/5560/5008 5146/5564/5012 5145/5563/5011
f 5142/5560/5008 5143/5561/5009 5146/5564/5012
f 5144/5562/5010 5145/5563/5011 5147/5565/4793
f 5145/5563/5011 5146/5564/5012 5148/5566/5013
f 5145/5563/5011 5148/5566/5013 5147/5565/4793
f 5144/5562/5010 5149/5567/5014 5057/5475/4935
f 5149/5567/5014 5144/5562/5010 5147/5565/4793
f 5150/5568/5015 5057/5475/4935 5149/5567/5014
f 5057/5475/4935 5150/5568/5015 5053/5471/4933
f 5147/5565/4793 5151/5569/5016 5149/5567/5014
f 5152/5570/5017 5053/5471/4933 5150/5568/5015
f 5053/5471/4933 5152/5570/5017 5049/5467/4929
f 5149/5567/5014 5153/5571/5018 5150/5568/5015
f 5153/5571/5018 5149/5567/5014 5151/5569/5016
f 5150/5568/5015 5154/5572/5019 5152/5570/5017
f 5154/5572/5019 5150/5568/5015 5153/5571/5018
f 5155/5573/5020 5049/5467/4929 5152/5570/5017
f 5154/5572/5019 5155/5573/5020 5152/5570/5017
f 5049/5467/4929 5155/5573/5020 5043/5461/4923
f 5153/5571/5018 5156/5574/5021 5154/5572/5019
f 5151/5569/5016 5156/5574/5021 5153/5571/5018
f 5157/5575/5022 5043/5461/4923 5155/5573/5020
f 5043/5461/4923 5157/5575/5022 5047/5465/4927
f 5158/5576/5023 5155/5573/5020 5154/5572/5019
f 5158/5576/5023 5157/5575/5022 5155/5573/5020
f 5159/5577/5024 5158/5576/5023 5154/5572/5019
f 5159/5577/5024 5154/5572/5019 5156/5574/5021
f 5160/5578/5025 5157/5575/5022 5158/5576/5023
f 5161/5579/5026 5047/5465/4927 5157/5575/5022
f 5160/5578/5025 5161/5579/5026 5157/5575/5022
f 5047/5465/4927 5161/5579/5026 5051/5469/4931
f 5061/5479/4937 5051/5469/4931 5161/5579/5026
f 5160/5578/5025 5158/5576/5023 5162/5580/5027
f 5158/5576/5023 5159/5577/5024 5162/5580/5027
f 5161/5579/5026 5163/5581/5028 5061/5479/4937
f 5073/5491/4949 5061/5479/4937 5163/5581/5028
f 5160/5578/5025 5164/5582/5029 5161/5579/5026
f 5163/5581/5028 5161/5579/5026 5164/5582/5029
f 5165/5583/4876 5164/5582/5029 5160/5578/5025
f 5165/5583/4876 5160/5578/5025 5162/5580/5027
f 5166/5584/5030 5163/5581/5028 5164/5582/5029
f 5164/5582/5029 5165/5583/4876 5166/5584/5030
f 5167/5585/3028 5073/5491/4949 5163/5581/5028
f 5167/5585/3028 5163/5581/5028 5166/5584/5030
f 5165/5583/4876 5162/5580/5027 5168/5586/5031
f 5169/5587/5032 5166/5584/5030 5165/5583/4876
f 5168/5586/5031 5169/5587/5032 5165/5583/4876
f 5170/5588/5033 5167/5585/3028 5166/5584/5030
f 5166/5584/5030 5169/5587/5032 5170/5588/5033
f 5162/5580/5027 5171/5589/5034 5168/5586/5031
f 5171/5589/5034 5162/5580/5027 5159/5577/5024
f 5168/5586/5031 5172/5590/5035 5169/5587/5032
f 5173/5591/5036 5171/5589/5034 5159/5577/5024
f 5159/5577/5024 5156/5574/5021 5173/5591/5036
f 5168/5586/5031 5171/5589/5034 5174/5592/5037
f 5172/5590/5035 5168/5586/5031 5174/5592/5037
f 5173/5591/5036 5175/5593/5038 5171/5589/5034
f 5174/5592/5037 5171/5589/5034 5175/5593/5038
f 5172/5590/5035 5176/5594/3585 5169/5587/5032
f 5176/5594/3585 5170/5588/5033 5169/5587/5032
f 5174/5592/5037 5177/5595/5039 5172/5590/5035
f 5176/5594/3585 5172/5590/5035 5178/5596/5040
f 5177/5595/5039 5178/5596/5040 5172/5590/5035
f 5179/5597/5041 5170/5588/5033 5176/5594/3585
f 5177/5595/5039 5174/5592/5037 5180/5598/5042
f 5174/5592/5037 5175/5593/5038 5180/5598/5042
f 5170/5588/5033 5179/5597/5041 5181/5599/4871
f 5170/5588/5033 5181/5599/4871 5167/5585/3028
f 5176/5594/3585 5182/5600/5043 5179/5597/5041
f 5182/5600/5043 5176/5594/3585 5178/5596/5040
f 5181/5599/4871 5183/5601/5044 5167/5585/3028
f 5073/5491/4949 5167/5585/3028 5183/5601/5044
f 5181/5599/4871 5179/5597/5041 5184/5602/5045
f 5185/5603/5046 5073/5491/4949 5183/5601/5044
f 5183/5601/5044 5181/5599/4871 5186/5604/5047
f 5186/5604/5047 5185/5603/5046 5183/5601/5044
f 5181/5599/4871 5184/5602/5045 5186/5604/5047
f 5073/5491/4949 5185/5603/5046 5071/5489/4947
f 5187/5605/4865 5184/5602/5045 5179/5597/5041
f 5182/5600/5043 5187/5605/4865 5179/5597/5041
f 5071/5489/4947 5185/5603/5046 5188/5606/5048
f 5185/5603/5046 5186/5604/5047 5189/5607/5049
f 5189/5607/5049 5188/5606/5048 5185/5603/5046
f 5190/5608/5050 5186/5604/5047 5184/5602/5045
f 5186/5604/5047 5190/5608/5050 5189/5607/5049
f 5188/5606/5048 5191/5609/5051 5071/5489/4947
f 5191/5609/5051 5067/5485/4943 5071/5489/4947
f 5067/5485/4943 5191/5609/5051 5070/5488/4946
f 5188/5606/5048 5189/5607/5049 5192/5610/5052
f 5190/5608/5050 5192/5610/5052 5189/5607/5049
f 5193/5611/5053 5191/5609/5051 5188/5606/5048
f 5193/5611/5053 5188/5606/5048 5192/5610/5052
f 5194/5612/5054 5070/5488/4946 5191/5609/5051
f 5191/5609/5051 5193/5611/5053 5194/5612/5054
f 5070/5488/4946 5194/5612/5054 5074/5492/4950
f 5193/5611/5053 5192/5610/5052 5195/5613/4744
f 5196/5614/5055 5074/5492/4950 5194/5612/5054
f 5074/5492/4950 5196/5614/5055 5077/5495/4952
f 5194/5612/5054 5193/5611/5053 5197/5615/5056
f 5197/5615/5056 5196/5614/5055 5194/5612/5054
f 5195/5613/4744 5197/5615/5056 5193/5611/5053
f 5084/5502/4661 5077/5495/4952 5196/5614/5055
f 5198/5616/5057 5196/5614/5055 5197/5615/5056
f 5196/5614/5055 5198/5616/5057 5084/5502/4661
f 5197/5615/5056 5195/5613/4744 5199/5617/4672
f 5198/5616/5057 5197/5615/5056 5199/5617/4672
f 5192/5610/5052 5200/5618/4745 5195/5613/4744
f 5192/5610/5052 5190/5608/5050 5200/5618/4745
f 5201/5619/5058 5084/5502/4661 5198/5616/5057
f 5201/5619/5058 5089/5507/4962 5084/5502/4661
f 5202/5620/5059 5201/5619/5058 5198/5616/5057
f 5199/5617/4672 5202/5620/5059 5198/5616/5057
f 5203/5621/5060 5089/5507/4962 5201/5619/5058
f 5089/5507/4962 5203/5621/5060 5090/5508/4963
f 5201/5619/5058 5202/5620/5059 5204/5622/5061
f 5203/5621/5060 5201/5619/5058 5204/5622/5061
f 5202/5620/5059 5199/5617/4672 5205/5623/5062
f 5090/5508/4963 5203/5621/5060 5206/5624/5063
f 5206/5624/5063 5092/5510/4965 5090/5508/4963
f 5206/5624/5063 5096/5514/4969 5092/5510/4965
f 5207/5625/5064 5204/5622/5061 5202/5620/5059
f 5202/5620/5059 5205/5623/5062 5207/5625/5064
f 5204/5622/5061 5208/5626/5065 5203/5621/5060
f 5208/5626/5065 5206/5624/5063 5203/5621/5060
f 5204/5622/5061 5207/5625/5064 5209/5627/5066
f 5208/5626/5065 5204/5622/5061 5209/5627/5066
f 5205/5623/5062 5210/5628/5067 5207/5625/5064
f 5210/5628/5067 5209/5627/5066 5207/5625/5064
f 5199/5617/4672 5211/5629/5068 5205/5623/5062
f 5211/5629/5068 5199/5617/4672 5195/5613/4744
f 5195/5613/4744 5200/5618/4745 5211/5629/5068
f 5211/5629/5068 5212/5630/5069 5205/5623/5062
f 5210/5628/5067 5205/5623/5062 5212/5630/5069
f 5200/5618/4745 5213/5631/4742 5211/5629/5068
f 5212/5630/5069 5211/5629/5068 5213/5631/4742
f 5213/5631/4742 5200/5618/4745 5214/5632/5070
f 5190/5608/5050 5214/5632/5070 5200/5618/4745
f 5213/5631/4742 5215/5633/5071 5212/5630/5069
f 5214/5632/5070 5190/5608/5050 5216/5634/4756
f 5184/5602/5045 5216/5634/4756 5190/5608/5050
f 5216/5634/4756 5184/5602/5045 5187/5605/4865
f 5213/5631/4742 5214/5632/5070 5217/5635/5072
f 5215/5633/5071 5213/5631/4742 5217/5635/5072
f 5216/5634/4756 5218/5636/4752 5214/5632/5070
f 5218/5636/4752 5217/5635/5072 5214/5632/5070
f 5218/5636/4752 5216/5634/4756 5219/5637/5073
f 5216/5634/4756 5187/5605/4865 5219/5637/5073
f 5217/5635/5072 5218/5636/4752 5220/5638/4853
f 5220/5638/4853 5218/5636/4752 5219/5637/5073
f 5221/5639/5074 5215/5633/5071 5217/5635/5072
f 5220/5638/4853 5221/5639/5074 5217/5635/5072
f 5215/5633/5071 5222/5640/5075 5212/5630/5069
f 5221/5639/5074 5222/5640/5075 5215/5633/5071
f 5210/5628/5067 5212/5630/5069 5222/5640/5075
f 5222/5640/5075 5223/5641/5076 5210/5628/5067
f 5209/5627/5066 5210/5628/5067 5223/5641/5076
f 5222/5640/5075 5224/5642/5077 5223/5641/5076
f 5225/5643/5078 5209/5627/5066 5223/5641/5076
f 5224/5642/5077 5225/5643/5078 5223/5641/5076
f 5226/5644/4736 5224/5642/5077 5222/5640/5075
f 5221/5639/5074 5226/5644/4736 5222/5640/5075
f 5225/5643/5078 5224/5642/5077 5227/5645/5079
f 5226/5644/4736 5227/5645/5079 5224/5642/5077
f 5209/5627/5066 5225/5643/5078 5228/5646/5080
f 5209/5627/5066 5228/5646/5080 5208/5626/5065
f 5227/5645/5079 5229/5647/5081 5225/5643/5078
f 5225/5643/5078 5229/5647/5081 5228/5646/5080
f 5228/5646/5080 5230/5648/5082 5208/5626/5065
f 5206/5624/5063 5208/5626/5065 5230/5648/5082
f 5231/5649/5083 5228/5646/5080 5229/5647/5081
f 5230/5648/5082 5228/5646/5080 5231/5649/5083
f 5227/5645/5079 5232/5650/5084 5229/5647/5081
f 5233/5651/5085 5230/5648/5082 5231/5649/5083
f 5234/5652/4733 5232/5650/5084 5227/5645/5079
f 5226/5644/4736 5234/5652/4733 5227/5645/5079
f 5235/5653/5086 5229/5647/5081 5232/5650/5084
f 5234/5652/4733 5235/5653/5086 5232/5650/5084
f 5236/5654/5087 5231/5649/5083 5229/5647/5081
f 5229/5647/5081 5235/5653/5086 5236/5654/5087
f 5231/5649/5083 5236/5654/5087 5233/5651/5085
f 5230/5648/5082 5233/5651/5085 5237/5655/5088
f 5237/5655/5088 5206/5624/5063 5230/5648/5082
f 5236/5654/5087 5238/5656/5089 5233/5651/5085
f 5233/5651/5085 5238/5656/5089 5237/5655/5088
f 5206/5624/5063 5237/5655/5088 5239/5657/5090
f 5239/5657/5090 5096/5514/4969 5206/5624/5063
f 5239/5657/5090 5103/5521/4974 5096/5514/4969
f 5237/5655/5088 5240/5658/5091 5239/5657/5090
f 5238/5656/5089 5240/5658/5091 5237/5655/5088
f 5103/5521/4974 5239/5657/5090 5241/5659/5092
f 5241/5659/5092 5239/5657/5090 5240/5658/5091
f 5241/5659/5092 5106/5524/4977 5103/5521/4974
f 5242/5660/4161 5240/5658/5091 5238/5656/5089
f 5106/5524/4977 5241/5659/5092 5243/5661/1812
f 5243/5661/1812 5110/5528/4981 5106/5524/4977
f 5244/5662/5093 5241/5659/5092 5240/5658/5091
f 5241/5659/5092 5244/5662/5093 5243/5661/1812
f 5240/5658/5091 5242/5660/4161 5244/5662/5093
f 5110/5528/4981 5243/5661/1812 5245/5663/5094
f 5117/5535/4987 5110/5528/4981 5245/5663/5094
f 5244/5662/5093 5246/5664/4693 5243/5661/1812
f 5246/5664/4693 5245/5663/5094 5243/5661/1812
f 5247/5665/5095 5117/5535/4987 5245/5663/5094
f 5247/5665/5095 5118/5536/4988 5117/5535/4987
f 5248/5666/5096 5245/5663/5094 5246/5664/4693
f 5245/5663/5094 5248/5666/5096 5247/5665/5095
f 5244/5662/5093 5249/5667/5097 5246/5664/4693
f 5249/5667/5097 5244/5662/5093 5242/5660/4161
f 5246/5664/4693 5250/5668/4699 5248/5666/5096
f 5250/5668/4699 5246/5664/4693 5249/5667/5097
f 5118/5536/4988 5247/5665/5095 5251/5669/5098
f 5124/5542/4992 5118/5536/4988 5251/5669/5098
f 5252/5670/5099 5247/5665/5095 5248/5666/5096
f 5251/5669/5098 5247/5665/5095 5252/5670/5099
f 5253/5671/4700 5248/5666/5096 5250/5668/4699
f 5248/5666/5096 5253/5671/4700 5252/5670/5099
f 5254/5672/5100 5124/5542/4992 5251/5669/5098
f 5255/5673/5101 5251/5669/5098 5252/5670/5099
f 5251/5669/5098 5255/5673/5101 5254/5672/5100
f 5256/5674/5102 5252/5670/5099 5253/5671/4700
f 5252/5670/5099 5256/5674/5102 5255/5673/5101
f 5254/5672/5100 5257/5675/5103 5124/5542/4992
f 5257/5675/5103 5121/5539/4990 5124/5542/4992
f 5258/5676/5104 5254/5672/5100 5255/5673/5101
f 5259/5677/5105 5121/5539/4990 5257/5675/5103
f 5121/5539/4990 5259/5677/5105 5127/5545/4995
f 5257/5675/5103 5254/5672/5100 5260/5678/4707
f 5260/5678/4707 5254/5672/5100 5258/5676/5104
f 5261/5679/2159 5257/5675/5103 5260/5678/4707
f 5257/5675/5103 5261/5679/2159 5259/5677/5105
f 5262/5680/5106 5260/5678/4707 5258/5676/5104
f 5260/5678/4707 5262/5680/5106 5261/5679/2159
f 5258/5676/5104 5255/5673/5101 5263/5681/5107
f 5262/5680/5106 5258/5676/5104 5263/5681/5107
f 5263/5681/5107 5255/5673/5101 5256/5674/5102
f 5262/5680/5106 5264/5682/5108 5261/5679/2159
f 5265/5683/5109 5262/5680/5106 5263/5681/5107
f 5265/5683/5109 5264/5682/5108 5262/5680/5106
f 5259/5677/5105 5261/5679/2159 5266/5684/5110
f 5266/5684/5110 5261/5679/2159 5264/5682/5108
f 5267/5685/5111 5127/5545/4995 5259/5677/5105
f 5266/5684/5110 5267/5685/5111 5259/5677/5105
f 5127/5545/4995 5267/5685/5111 5130/5548/4998
f 5268/5686/5112 5266/5684/5110 5264/5682/5108
f 5269/5687/5113 5130/5548/4998 5267/5685/5111
f 5130/5548/4998 5269/5687/5113 5134/5552/5002
f 5270/5688/4811 5267/5685/5111 5266/5684/5110
f 5267/5685/5111 5270/5688/4811 5269/5687/5113
f 5266/5684/5110 5268/5686/5112 5270/5688/4811
f 5271/5689/5114 5134/5552/5002 5269/5687/5113
f 5134/5552/5002 5271/5689/5114 5137/5555/5004
f 5143/5561/5009 5137/5555/5004 5271/5689/5114
f 5269/5687/5113 5270/5688/4811 5272/5690/5115
f 5272/5690/5115 5271/5689/5114 5269/5687/5113
f 5271/5689/5114 5273/5691/5116 5143/5561/5009
f 5273/5691/5116 5271/5689/5114 5272/5690/5115
f 5274/5692/5117 5272/5690/5115 5270/5688/4811
f 5268/5686/5112 5274/5692/5117 5270/5688/4811
f 5272/5690/5115 5275/5693/5118 5273/5691/5116
f 5275/5693/5118 5272/5690/5115 5274/5692/5117
f 5143/5561/5009 5273/5691/5116 5276/5694/5119
f 5143/5561/5009 5276/5694/5119 5146/5564/5012
f 5146/5564/5012 5276/5694/5119 5148/5566/5013
f 5275/5693/5118 5277/5695/5120 5273/5691/5116
f 5273/5691/5116 5277/5695/5120 5276/5694/5119
f 5278/5696/5121 5275/5693/5118 5274/5692/5117
f 5279/5697/5122 5277/5695/5120 5275/5693/5118
f 5275/5693/5118 5278/5696/5121 5279/5697/5122
f 5280/5698/5123 5274/5692/5117 5268/5686/5112
f 5274/5692/5117 5280/5698/5123 5278/5696/5121
f 5281/5699/5124 5280/5698/5123 5268/5686/5112
f 5268/5686/5112 5264/5682/5108 5281/5699/5124
f 5264/5682/5108 5265/5683/5109 5281/5699/5124
f 5282/5700/5125 5278/5696/5121 5280/5698/5123
f 5280/5698/5123 5281/5699/5124 5283/5701/5126
f 5283/5701/5126 5282/5700/5125 5280/5698/5123
f 5284/5702/5127 5281/5699/5124 5265/5683/5109
f 5281/5699/5124 5284/5702/5127 5283/5701/5126
f 5278/5696/5121 5282/5700/5125 5285/5703/5128
f 5285/5703/5128 5279/5697/5122 5278/5696/5121
f 5282/5700/5125 5283/5701/5126 5286/5704/5129
f 5282/5700/5125 5287/5705/5130 5285/5703/5128
f 5287/5705/5130 5282/5700/5125 5286/5704/5129
f 5279/5697/5122 5285/5703/5128 5288/5706/5131
f 5287/5705/5130 5289/5707/5132 5285/5703/5128
f 5288/5706/5131 5285/5703/5128 5289/5707/5132
f 5290/5708/5133 5287/5705/5130 5286/5704/5129
f 5290/5708/5133 5289/5707/5132 5287/5705/5130
f 5283/5701/5126 5291/5709/5134 5286/5704/5129
f 5284/5702/5127 5291/5709/5134 5283/5701/5126
f 5292/5710/5135 5286/5704/5129 5291/5709/5134
f 5292/5710/5135 5290/5708/5133 5286/5704/5129
f 5291/5709/5134 5284/5702/5127 5293/5711/5136
f 5292/5710/5135 5291/5709/5134 5293/5711/5136
f 5294/5712/5137 5284/5702/5127 5265/5683/5109
f 5284/5702/5127 5294/5712/5137 5293/5711/5136
f 5265/5683/5109 5263/5681/5107 5294/5712/5137
f 5295/5713/4828 5293/5711/5136 5294/5712/5137
f 5263/5681/5107 5296/5714/5138 5294/5712/5137
f 5296/5714/5138 5263/5681/5107 5256/5674/5102
f 5294/5712/5137 5297/5715/5139 5295/5713/4828
f 5294/5712/5137 5296/5714/5138 5297/5715/5139
f 5298/5716/4830 5293/5711/5136 5295/5713/4828
f 5298/5716/4830 5295/5713/4828 5297/5715/5139
f 5298/5716/4830 5292/5710/5135 5293/5711/5136
f 5296/5714/5138 5299/5717/5140 5297/5715/5139
f 5256/5674/5102 5300/5718/5141 5296/5714/5138
f 5299/5717/5140 5296/5714/5138 5300/5718/5141
f 5256/5674/5102 5253/5671/4700 5300/5718/5141
f 5301/5719/4722 5297/5715/5139 5299/5717/5140
f 5301/5719/4722 5298/5716/4830 5297/5715/5139
f 5300/5718/5141 5302/5720/5142 5299/5717/5140
f 5301/5719/4722 5299/5717/5140 5302/5720/5142
f 5253/5671/4700 5303/5721/5143 5300/5718/5141
f 5300/5718/5141 5303/5721/5143 5302/5720/5142
f 5303/5721/5143 5253/5671/4700 5250/5668/4699
f 5303/5721/5143 5304/5722/5144 5302/5720/5142
f 5250/5668/4699 5305/5723/5145 5303/5721/5143
f 5304/5722/5144 5303/5721/5143 5305/5723/5145
f 5305/5723/5145 5250/5668/4699 5249/5667/5097
f 5302/5720/5142 5304/5722/5144 5306/5724/5146
f 5306/5724/5146 5301/5719/4722 5302/5720/5142
f 5305/5723/5145 5307/5725/5147 5304/5722/5144
f 5306/5724/5146 5304/5722/5144 5307/5725/5147
f 5249/5667/5097 5308/5726/5148 5305/5723/5145
f 5305/5723/5145 5308/5726/5148 5307/5725/5147
f 5308/5726/5148 5249/5667/5097 5242/5660/4161
f 5242/5660/4161 5309/5727/5149 5308/5726/5148
f 5309/5727/5149 5307/5725/5147 5308/5726/5148
f 5309/5727/5149 5242/5660/4161 5238/5656/5089
f 5238/5656/5089 5236/5654/5087 5309/5727/5149
f 5236/5654/5087 5310/5728/5150 5309/5727/5149
f 5307/5725/5147 5309/5727/5149 5310/5728/5150
f 5310/5728/5150 5236/5654/5087 5235/5653/5086
f 5311/5729/5151 5307/5725/5147 5310/5728/5150
f 5311/5729/5151 5310/5728/5150 5235/5653/5086
f 5311/5729/5151 5306/5724/5146 5307/5725/5147
f 5234/5652/4733 5311/5729/5151 5235/5653/5086
f 5311/5729/5151 5312/5730/4731 5306/5724/5146
f 5234/5652/4733 5313/5731/5152 5311/5729/5151
f 5312/5730/4731 5311/5729/5151 5313/5731/5152
f 5314/5732/5153 5306/5724/5146 5312/5730/4731
f 5306/5724/5146 5314/5732/5153 5301/5719/4722
f 5313/5731/5152 5315/5733/5154 5312/5730/4731
f 5316/5734/4832 5301/5719/4722 5314/5732/5153
f 5301/5719/4722 5316/5734/4832 5298/5716/4830
f 5312/5730/4731 5317/5735/4841 5314/5732/5153
f 5317/5735/4841 5312/5730/4731 5315/5733/5154
f 5318/5736/5155 5314/5732/5153 5317/5735/4841
f 5314/5732/5153 5318/5736/5155 5316/5734/4832
f 5319/5737/5156 5298/5716/4830 5316/5734/4832
f 5298/5716/4830 5319/5737/5156 5292/5710/5135
f 5320/5738/5157 5316/5734/4832 5318/5736/5155
f 5316/5734/4832 5320/5738/5157 5319/5737/5156
f 5321/5739/5158 5292/5710/5135 5319/5737/5156
f 5320/5738/5157 5321/5739/5158 5319/5737/5156
f 5292/5710/5135 5321/5739/5158 5290/5708/5133
f 5321/5739/5158 5320/5738/5157 5322/5740/5159
f 5323/5741/5160 5290/5708/5133 5321/5739/5158
f 5322/5740/5159 5323/5741/5160 5321/5739/5158
f 5320/5738/5157 5318/5736/5155 5324/5742/4843
f 5322/5740/5159 5320/5738/5157 5324/5742/4843
f 5318/5736/5155 5317/5735/4841 5324/5742/4843
f 5317/5735/4841 5315/5733/5154 5324/5742/4843
f 5323/5741/5160 5322/5740/5159 5325/5743/5161
f 5325/5743/5161 5322/5740/5159 5324/5742/4843
f 5290/5708/5133 5323/5741/5160 5326/5744/5162
f 5290/5708/5133 5326/5744/5162 5289/5707/5132
f 5325/5743/5161 5327/5745/4056 5323/5741/5160
f 5326/5744/5162 5328/5746/5163 5289/5707/5132
f 5328/5746/5163 5288/5706/5131 5289/5707/5132
f 5327/5745/4056 5325/5743/5161 5329/5747/4900
f 5329/5747/4900 5325/5743/5161 5324/5742/4843
f 5330/5748/4898 5327/5745/4056 5329/5747/4900
f 5330/5748/4898 5329/5747/4900 5324/5742/4843
f 5331/5749/4899 5323/5741/5160 5327/5745/4056
f 5331/5749/4899 5326/5744/5162 5323/5741/5160
f 5327/5745/4056 5330/5748/4898 5332/5750/5164
f 5332/5750/5164 5331/5749/4899 5327/5745/4056
f 5333/5751/5165 5328/5746/5163 5326/5744/5162
f 5326/5744/5162 5331/5749/4899 5333/5751/5165
f 5288/5706/5131 5328/5746/5163 5334/5752/5166
f 5328/5746/5163 5333/5751/5165 5334/5752/5166
f 5335/5753/5167 5288/5706/5131 5334/5752/5166
f 5288/5706/5131 5335/5753/5167 5279/5697/5122
f 5277/5695/5120 5279/5697/5122 5335/5753/5167
f 5336/5754/5168 5334/5752/5166 5333/5751/5165
f 5335/5753/5167 5337/5755/5169 5277/5695/5120
f 5337/5755/5169 5276/5694/5119 5277/5695/5120
f 5334/5752/5166 5338/5756/4908 5335/5753/5167
f 5337/5755/5169 5335/5753/5167 5338/5756/4908
f 5338/5756/4908 5334/5752/5166 5336/5754/5168
f 5276/5694/5119 5337/5755/5169 5339/5757/5170
f 5148/5566/5013 5276/5694/5119 5339/5757/5170
f 5338/5756/4908 5340/5758/4918 5337/5755/5169
f 5339/5757/5170 5341/5759/5171 5148/5566/5013
f 5147/5565/4793 5148/5566/5013 5341/5759/5171
f 5151/5569/5016 5147/5565/4793 5341/5759/5171
f 5337/5755/5169 5342/5760/4920 5339/5757/5170
f 5341/5759/5171 5339/5757/5170 5342/5760/4920
f 5342/5760/4920 5337/5755/5169 5340/5758/4918
f 5341/5759/5171 5343/5761/4921 5151/5569/5016
f 5343/5761/4921 5341/5759/5171 5342/5760/4920
f 5156/5574/5021 5151/5569/5016 5343/5761/4921
f 5342/5760/4920 5344/5762/4919 5343/5761/4921
f 5344/5762/4919 5156/5574/5021 5343/5761/4921
f 5344/5762/4919 5342/5760/4920 5340/5758/4918
f 5156/5574/5021 5344/5762/4919 5173/5591/5036
f 5340/5758/4918 5338/5756/4908 5345/5763/5172
f 5336/5754/5168 5345/5763/5172 5338/5756/4908
f 5340/5758/4918 5346/5764/4916 5344/5762/4919
f 5346/5764/4916 5340/5758/4918 5345/5763/5172
f 5344/5762/4919 5347/5765/5173 5173/5591/5036
f 5347/5765/5173 5344/5762/4919 5346/5764/4916
f 5175/5593/5038 5173/5591/5036 5347/5765/5173
f 5345/5763/5172 5336/5754/5168 5348/5766/4913
f 5347/5765/5173 5349/5767/5174 5175/5593/5038
f 5180/5598/5042 5175/5593/5038 5349/5767/5174
f 5350/5768/5175 5345/5763/5172 5348/5766/4913
f 5345/5763/5172 5350/5768/5175 5346/5764/4916
f 5336/5754/5168 5351/5769/5176 5348/5766/4913
f 5351/5769/5176 5350/5768/5175 5348/5766/4913
f 5351/5769/5176 5336/5754/5168 5333/5751/5165
f 5331/5749/4899 5351/5769/5176 5333/5751/5165
f 5352/5770/5177 5346/5764/4916 5350/5768/5175
f 5346/5764/4916 5352/5770/5177 5347/5765/5173
f 5349/5767/5174 5347/5765/5173 5352/5770/5177
f 5350/5768/5175 5351/5769/5176 5353/5771/5178
f 5352/5770/5177 5350/5768/5175 5353/5771/5178
f 5331/5749/4899 5353/5771/5178 5351/5769/5176
f 5354/5772/5179 5349/5767/5174 5352/5770/5177
f 5352/5770/5177 5353/5771/5178 5354/5772/5179
f 5331/5749/4899 5355/5773/5180 5353/5771/5178
f 5355/5773/5180 5354/5772/5179 5353/5771/5178
f 5331/5749/4899 5332/5750/5164 5355/5773/5180
f 5349/5767/5174 5354/5772/5179 5356/5774/5181
f 5355/5773/5180 5356/5774/5181 5354/5772/5179
f 5180/5598/5042 5349/5767/5174 5356/5774/5181
f 5355/5773/5180 5357/5775/5182 5356/5774/5181
f 5332/5750/5164 5357/5775/5182 5355/5773/5180
f 5180/5598/5042 5356/5774/5181 5358/5776/5183
f 5357/5775/5182 5358/5776/5183 5356/5774/5181
f 5358/5776/5183 5177/5595/5039 5180/5598/5042
f 5177/5595/5039 5358/5776/5183 5359/5777/5184
f 5357/5775/5182 5359/5777/5184 5358/5776/5183
f 5178/5596/5040 5177/5595/5039 5359/5777/5184
f 5178/5596/5040 5359/5777/5184 5360/5778/4866
f 5360/5778/4866 5182/5600/5043 5178/5596/5040
f 5357/5775/5182 5361/5779/5185 5359/5777/5184
f 5361/5779/5185 5360/5778/4866 5359/5777/5184
f 5182/5600/5043 5360/5778/4866 5362/5780/5186
f 5361/5779/5185 5362/5780/5186 5360/5778/4866
f 5187/5605/4865 5182/5600/5043 5362/5780/5186
f 5363/5781/5187 5361/5779/5185 5357/5775/5182
f 5357/5775/5182 5332/5750/5164 5363/5781/5187
f 5187/5605/4865 5362/5780/5186 5364/5782/4861
f 5364/5782/4861 5219/5637/5073 5187/5605/4865
f 5365/5783/4858 5364/5782/4861 5362/5780/5186
f 5219/5637/5073 5364/5782/4861 5365/5783/4858
f 5361/5779/5185 5365/5783/4858 5362/5780/5186
f 5365/5783/4858 5220/5638/4853 5219/5637/5073
f 5366/5784/5188 5365/5783/4858 5361/5779/5185
f 5361/5779/5185 5363/5781/5187 5366/5784/5188
f 5365/5783/4858 5367/5785/4855 5220/5638/4853
f 5366/5784/5188 5367/5785/4855 5365/5783/4858
f 5363/5781/5187 5368/5786/5189 5366/5784/5188
f 5368/5786/5189 5367/5785/4855 5366/5784/5188
f 5363/5781/5187 5332/5750/5164 5369/5787/5190
f 5368/5786/5189 5363/5781/5187 5369/5787/5190
f 5369/5787/5190 5332/5750/5164 5330/5748/4898
f 5369/5787/5190 5330/5748/4898 5324/5742/4843
f 5368/5786/5189 5369/5787/5190 5324/5742/4843
f 5367/5785/4855 5368/5786/5189 5370/5788/5191
f 5370/5788/5191 5368/5786/5189 5324/5742/4843
f 5367/5785/4855 5371/5789/4852 5220/5638/4853
f 5370/5788/5191 5371/5789/4852 5367/5785/4855
f 5221/5639/5074 5220/5638/4853 5371/5789/4852
f 5371/5789/4852 5370/5788/5191 5372/5790/5192
f 5372/5790/5192 5370/5788/5191 5324/5742/4843
f 5221/5639/5074 5371/5789/4852 5373/5791/4849
f 5371/5789/4852 5372/5790/5192 5373/5791/4849
f 5226/5644/4736 5221/5639/5074 5373/5791/4849
f 5373/5791/4849 5372/5790/5192 5374/5792/4850
f 5374/5792/4850 5372/5790/5192 5324/5742/4843
f 5226/5644/4736 5373/5791/4849 5375/5793/4847
f 5374/5792/4850 5375/5793/4847 5373/5791/4849
f 5375/5793/4847 5234/5652/4733 5226/5644/4736
f 5375/5793/4847 5374/5792/4850 5376/5794/5193
f 5376/5794/5193 5374/5792/4850 5324/5742/4843
f 5234/5652/4733 5375/5793/4847 5377/5795/5194
f 5377/5795/5194 5375/5793/4847 5376/5794/5193
f 5313/5731/5152 5234/5652/4733 5377/5795/5194
f 5378/5796/4846 5376/5794/5193 5324/5742/4843
f 5376/5794/5193 5378/5796/4846 5377/5795/5194
f 5379/5797/5195 5378/5796/4846 5324/5742/4843
f 5379/5797/5195 5377/5795/5194 5378/5796/4846
f 5377/5795/5194 5379/5797/5195 5313/5731/5152
f 5315/5733/5154 5379/5797/5195 5324/5742/4843
f 5315/5733/5154 5313/5731/5152 5379/5797/5195
f 5380/5798/5196 5381/5799/5197 5382/5800/5198
f 5381/5799/5197 5383/5801/5199 5382/5800/5198
f 5381/5799/5197 5380/5798/5196 5384/5802/5200
f 5385/5803/5201 5384/5802/5200 5380/5798/5196
f 5383/5801/5199 5381/5799/5197 5386/5804/5202
f 5384/5802/5200 5385/5803/5201 5387/5805/5203
f 5388/5806/5204 5387/5805/5203 5385/5803/5201
f 5384/5802/5200 70/5807/53 5381/5799/5197
f 70/5807/53 5384/5802/5200 67/5808/52
f 72/5809/12 5381/5799/5197 70/5807/53
f 67/5808/52 5384/5802/5200 65/5810/19
f 5381/5799/5197 72/5809/12 5386/5804/5202
f 5384/5802/5200 5387/5805/5203 65/5810/19
f 65/5810/19 5387/5805/5203 64/5811/21
f 5386/5804/5202 72/5809/12 5389/5812/5205
f 5389/5812/5205 5383/5801/5199 5386/5804/5202
f 74/5813/56 5389/5812/5205 72/5809/12
f 5383/5801/5199 5389/5812/5205 5390/5814/5206
f 5391/5815/5207 5389/5812/5205 74/5813/56
f 5391/5815/5207 5390/5814/5206 5389/5812/5205
f 45/5816/9 5391/5815/5207 74/5813/56
f 5390/5814/5206 5391/5815/5207 5392/5817/5208
f 44/5818/41 5391/5815/5207 45/5816/9
f 5391/5815/5207 5393/5819/5209 5392/5817/5208
f 5391/5815/5207 44/5818/41 5394/5820/5210
f 5391/5815/5207 5394/5820/5210 5393/5819/5209
f 47/5821/37 5394/5820/5210 44/5818/41
f 5395/5822/5211 5393/5819/5209 5394/5820/5210
f 5394/5820/5210 47/5821/37 5396/5823/5212
f 5394/5820/5210 5396/5823/5212 5395/5822/5211
f 47/5821/37 5397/5824/5213 5396/5823/5212
f 5397/5824/5213 5395/5822/5211 5396/5823/5212
f 5395/5822/5211 5397/5824/5213 5398/5825/5214
f 5397/5824/5213 47/5821/37 49/5826/35
f 5397/5824/5213 5399/5827/5215 5398/5825/5214
f 5400/5828/5216 5397/5824/5213 49/5826/35
f 5397/5824/5213 5400/5828/5216 5399/5827/5215
f 5400/5828/5216 49/5826/35 51/5829/42
f 5400/5828/5216 5401/5830/5217 5399/5827/5215
f 54/5831/44 5400/5828/5216 51/5829/42
f 5400/5828/5216 5402/5832/5218 5401/5830/5217
f 5400/5828/5216 54/5831/44 5402/5832/5218
f 5402/5832/5218 5403/5833/5219 5401/5830/5217
f 56/5834/46 5402/5832/5218 54/5831/44
f 5402/5832/5218 5404/5835/5220 5403/5833/5219
f 5402/5832/5218 56/5834/46 5404/5835/5220
f 5405/5836/5221 5403/5833/5219 5404/5835/5220
f 57/5837/47 5404/5835/5220 56/5834/46
f 5405/5836/5221 5404/5835/5220 5406/5838/5222
f 5404/5835/5220 57/5837/47 5406/5838/5222
f 5407/5839/5223 5405/5836/5221 5406/5838/5222
f 57/5837/47 5408/5840/5224 5406/5838/5222
f 5407/5839/5223 5406/5838/5222 5408/5840/5224
f 5408/5840/5224 57/5837/47 59/5841/24
f 62/5842/22 5408/5840/5224 59/5841/24
f 5409/5843/5225 5407/5839/5223 5408/5840/5224
f 5408/5840/5224 62/5842/22 5409/5843/5225
f 5407/5839/5223 5409/5843/5225 5410/5844/5226
f 5409/5843/5225 62/5842/22 5411/5845/5227
f 5411/5845/5227 5410/5844/5226 5409/5843/5225
f 64/5811/21 5411/5845/5227 62/5842/22
f 5410/5844/5226 5411/5845/5227 5388/5806/5204
f 5411/5845/5227 64/5811/21 5387/5805/5203
f 5387/5805/5203 5388/5806/5204 5411/5845/5227
f 5412/5846/5228 5413/5847/5229 5414/5848/5230
f 5412/5846/5228 5414/5848/5230 5415/5849/5231
f 5413/5847/5229 5412/5846/5228 5416/5850/5216
f 5416/5850/5216 5417/5851/5232 5413/5847/5229
f 5418/5852/5212 5412/5846/5228 5415/5849/5231
f 5417/5851/5232 5416/5850/5216 5419/5853/5218
f 5419/5853/5218 5420/5854/5219 5417/5851/5232
f 38/5855/35 5416/5850/5216 5412/5846/5228
f 5416/5850/5216 38/5855/35 35/5856/32
f 5412/5846/5228 40/5857/37 38/5855/35
f 40/5857/37 5412/5846/5228 5418/5852/5212
f 33/5858/30 5416/5850/5216 35/5856/32
f 5416/5850/5216 33/5858/30 5419/5853/5218
f 32/5859/29 5419/5853/5218 33/5858/30
f 5421/5860/5233 40/5857/37 5418/5852/5212
f 5415/5849/5231 5421/5860/5233 5418/5852/5212
f 40/5857/37 5421/5860/5233 42/5861/39
f 5421/5860/5233 5415/5849/5231 5422/5862/5234
f 5419/5853/5218 32/5859/29 5423/5863/5235
f 5420/5854/5219 5419/5853/5218 5423/5863/5235
f 30/5864/27 5423/5863/5235 32/5859/29
f 5423/5863/5235 5424/5865/5221 5420/5854/5219
f 5424/5865/5221 5423/5863/5235 5425/5866/5236
f 5423/5863/5235 30/5864/27 5425/5866/5236
f 5425/5866/5236 5426/5867/5237 5424/5865/5221
f 30/5864/27 5427/5868/5238 5425/5866/5236
f 5426/5867/5237 5425/5866/5236 5427/5868/5238
f 5427/5868/5238 30/5864/27 27/5869/24
f 5427/5868/5238 27/5869/24 25/5870/22
f 5428/5871/5239 5426/5867/5237 5427/5868/5238
f 25/5870/22 5428/5871/5239 5427/5868/5238
f 5426/5867/5237 5428/5871/5239 5429/5872/5226
f 25/5870/22 5430/5873/5227 5428/5871/5239
f 5428/5871/5239 5430/5873/5227 5429/5872/5226
f 5430/5873/5227 25/5870/22 24/5874/21
f 5429/5872/5226 5430/5873/5227 5431/5875/5204
f 24/5874/21 5432/5876/5240 5430/5873/5227
f 5432/5876/5240 5431/5875/5204 5430/5873/5227
f 5432/5876/5240 24/5874/21 22/5877/19
f 5433/5878/5201 5431/5875/5204 5432/5876/5240
f 22/5877/19 5434/5879/5200 5432/5876/5240
f 5434/5879/5200 5433/5878/5201 5432/5876/5240
f 5434/5879/5200 22/5877/19 19/5880/16
f 5435/5881/5196 5433/5878/5201 5434/5879/5200
f 17/5882/14 5434/5879/5200 19/5880/16
f 5436/5883/5197 5435/5881/5196 5434/5879/5200
f 5434/5879/5200 17/5882/14 5436/5883/5197
f 5437/5884/5241 5435/5881/5196 5436/5883/5197
f 5436/5883/5197 17/5882/14 15/5885/12
f 5436/5883/5197 5438/5886/5242 5437/5884/5241
f 15/5885/12 5439/5887/5202 5436/5883/5197
f 5438/5886/5242 5436/5883/5197 5439/5887/5202
f 15/5885/12 5440/5888/5243 5439/5887/5202
f 5439/5887/5202 5440/5888/5243 5438/5886/5242
f 5440/5888/5243 15/5885/12 13/5889/10
f 5441/5890/5244 5438/5886/5242 5440/5888/5243
f 13/5889/10 5442/5891/5207 5440/5888/5243
f 5440/5888/5243 5442/5891/5207 5441/5890/5244
f 5442/5891/5207 13/5889/10 12/5892/9
f 5443/5893/5208 5441/5890/5244 5442/5891/5207
f 42/5861/39 5442/5891/5207 12/5892/9
f 5442/5891/5207 5422/5862/5234 5443/5893/5208
f 5442/5891/5207 42/5861/39 5421/5860/5233
f 5422/5862/5234 5442/5891/5207 5421/5860/5233
f 5444/5894/5245 5445/5895/5246 5446/5896/5247
f 5444/5894/5245 5447/5897/5248 5445/5895/5246
f 5448/5898/5249 5447/5897/5248 5444/5894/5245
f 5446/5896/5247 5445/5895/5246 5449/5899/5250
f 5446/5896/5247 5449/5899/5250 5450/5900/5251
f 5448/5898/5249 5451/5901/5252 5447/5897/5248
f 5452/5902/5253 5451/5901/5252 5448/5898/5249
f 5447/5897/5248 5453/5903/5254 5445/5895/5246
f 5451/5901/5252 5452/5902/5253 5454/5904/5255
f 5454/5904/5255 5452/5902/5253 5455/5905/5256
f 5456/5906/5257 5447/5897/5248 5451/5901/5252
f 5453/5903/5254 5447/5897/5248 5456/5906/5257
f 5454/5904/5255 5457/5907/5258 5451/5901/5252
f 5451/5901/5252 5457/5907/5258 5456/5906/5257
f 5455/5905/5256 5458/5908/5259 5454/5904/5255
f 5459/5909/5260 5458/5908/5259 5455/5905/5256
f 5454/5904/5255 5460/5910/5261 5457/5907/5258
f 5458/5908/5259 5460/5910/5261 5454/5904/5255
f 5459/5909/5260 5461/5911/5262 5458/5908/5259
f 5462/5912/5263 5461/5911/5262 5459/5909/5260
f 5458/5908/5259 5463/5913/5264 5460/5910/5261
f 5461/5911/5262 5463/5913/5264 5458/5908/5259
f 5462/5912/5263 5464/5914/5265 5461/5911/5262
f 5465/5915/5266 5464/5914/5265 5462/5912/5263
f 5461/5911/5262 5466/5916/5267 5463/5913/5264
f 5464/5914/5265 5466/5916/5267 5461/5911/5262
f 5465/5915/5266 5467/5917/5268 5464/5914/5265
f 5468/5918/5269 5467/5917/5268 5465/5915/5266
f 5464/5914/5265 5469/5919/5270 5466/5916/5267
f 5467/5917/5268 5469/5919/5270 5464/5914/5265
f 5468/5918/5269 5470/5920/5271 5467/5917/5268
f 5471/5921/5272 5470/5920/5271 5468/5918/5269
f 5467/5917/5268 5472/5922/5273 5469/5919/5270
f 5470/5920/5271 5472/5922/5273 5467/5917/5268
f 5471/5921/5272 5473/5923/5274 5470/5920/5271
f 5474/5924/5275 5473/5923/5274 5471/5921/5272
f 5470/5920/5271 5475/5925/5276 5472/5922/5273
f 5473/5923/5274 5475/5925/5276 5470/5920/5271
f 5474/5924/5275 5476/5926/5277 5473/5923/5274
f 5477/5927/5278 5476/5926/5277 5474/5924/5275
f 5473/5923/5274 5478/5928/5279 5475/5925/5276
f 5476/5926/5277 5478/5928/5279 5473/5923/5274
f 5477/5927/5278 5479/5929/5280 5476/5926/5277
f 5480/5930/5281 5479/5929/5280 5477/5927/5278
f 5476/5926/5277 5481/5931/5282 5478/5928/5279
f 5479/5929/5280 5481/5931/5282 5476/5926/5277
f 5480/5930/5281 5482/5932/5283 5479/5929/5280
f 5483/5933/2631 5482/5932/5283 5480/5930/5281
f 5479/5929/5280 5484/5934/5284 5481/5931/5282
f 5482/5932/5283 5484/5934/5284 5479/5929/5280
f 5483/5933/2631 5485/5935/5285 5482/5932/5283
f 5486/5936/1332 5485/5935/5285 5483/5933/2631
f 5482/5932/5283 5487/5937/5286 5484/5934/5284
f 5485/5935/5285 5487/5937/5286 5482/5932/5283
f 5486/5936/1332 5488/5938/5287 5485/5935/5285
f 5489/5939/5288 5488/5938/5287 5486/5936/1332
f 5485/5935/5285 5490/5940/5289 5487/5937/5286
f 5488/5938/5287 5490/5940/5289 5485/5935/5285
f 5489/5939/5288 5491/5941/5290 5488/5938/5287
f 5492/5942/5291 5491/5941/5290 5489/5939/5288
f 5488/5938/5287 5493/5943/5292 5490/5940/5289
f 5491/5941/5290 5493/5943/5292 5488/5938/5287
f 5492/5942/5291 5494/5944/5293 5491/5941/5290
f 5495/5945/5294 5494/5944/5293 5492/5942/5291
f 5491/5941/5290 5496/5946/5295 5493/5943/5292
f 5494/5944/5293 5496/5946/5295 5491/5941/5290
f 5495/5945/5294 5497/5947/5296 5494/5944/5293
f 5498/5948/5297 5497/5947/5296 5495/5945/5294
f 5494/5944/5293 5499/5949/5298 5496/5946/5295
f 5497/5947/5296 5499/5949/5298 5494/5944/5293
f 5498/5948/5297 5500/5950/5299 5497/5947/5296
f 5501/5951/5300 5500/5950/5299 5498/5948/5297
f 5497/5947/5296 5502/5952/5301 5499/5949/5298
f 5500/5950/5299 5502/5952/5301 5497/5947/5296
f 5501/5951/5300 5503/5953/5302 5500/5950/5299
f 5504/5954/5303 5503/5953/5302 5501/5951/5300
f 5500/5950/5299 5505/5955/5304 5502/5952/5301
f 5503/5953/5302 5505/5955/5304 5500/5950/5299
f 5504/5954/5303 5506/5956/5305 5503/5953/5302
f 5507/5957/5306 5506/5956/5305 5504/5954/5303
f 5503/5953/5302 5508/5958/5307 5505/5955/5304
f 5506/5956/5305 5508/5958/5307 5503/5953/5302
f 5507/5957/5306 5509/5959/5308 5506/5956/5305
f 5510/5960/5309 5509/5959/5308 5507/5957/5306
f 5506/5956/5305 5511/5961/5310 5508/5958/5307
f 5509/5959/5308 5511/5961/5310 5506/5956/5305
f 5510/5960/5309 5512/5962/5311 5509/5959/5308
f 5513/5963/5312 5512/5962/5311 5510/5960/5309
f 5509/5959/5308 5514/5964/5313 5511/5961/5310
f 5512/5962/5311 5514/5964/5313 5509/5959/5308
f 5513/5963/5312 5515/5965/5314 5512/5962/5311
f 5516/5966/5315 5515/5965/5314 5513/5963/5312
f 5512/5962/5311 5517/5967/5316 5514/5964/5313
f 5515/5965/5314 5517/5967/5316 5512/5962/5311
f 5516/5966/5315 5518/5968/5317 5515/5965/5314
f 5519/5969/5318 5518/5968/5317 5516/5966/5315
f 5515/5965/5314 5520/5970/5319 5517/5967/5316
f 5518/5968/5317 5520/5970/5319 5515/5965/5314
f 5519/5969/5318 5521/5971/5320 5518/5968/5317
f 5522/5972/5321 5521/5971/5320 5519/5969/5318
f 5518/5968/5317 5523/5973/5322 5520/5970/5319
f 5521/5971/5320 5523/5973/5322 5518/5968/5317
f 5522/5972/5321 5524/5974/5323 5521/5971/5320
f 5525/5975/5324 5524/5974/5323 5522/5972/5321
f 5521/5971/5320 5526/5976/5325 5523/5973/5322
f 5524/5974/5323 5526/5976/5325 5521/5971/5320
f 5525/5975/5324 5527/5977/5326 5524/5974/5323
f 5528/5978/5327 5527/5977/5326 5525/5975/5324
f 5524/5974/5323 5529/5979/5328 5526/5976/5325
f 5527/5977/5326 5529/5979/5328 5524/5974/5323
f 5528/5978/5327 5530/5980/5329 5527/5977/5326
f 5531/5981/5330 5530/5980/5329 5528/5978/5327
f 5527/5977/5326 5532/5982/5331 5529/5979/5328
f 5530/5980/5329 5532/5982/5331 5527/5977/5326
f 5531/5981/5330 5533/5983/5332 5530/5980/5329
f 5534/5984/5333 5533/5983/5332 5531/5981/5330
f 5530/5980/5329 5535/5985/266 5532/5982/5331
f 5533/5983/5332 5535/5985/266 5530/5980/5329
f 5534/5984/5333 5536/5986/5334 5533/5983/5332
f 5537/5987/5335 5536/5986/5334 5534/5984/5333
f 5533/5983/5332 5538/5988/5336 5535/5985/266
f 5536/5986/5334 5538/5988/5336 5533/5983/5332
f 5537/5987/5335 5539/5989/5337 5536/5986/5334
f 5540/5990/5338 5539/5989/5337 5537/5987/5335
f 5536/5986/5334 5541/5991/5339 5538/5988/5336
f 5539/5989/5337 5541/5991/5339 5536/5986/5334
f 5540/5990/5338 5542/5992/5340 5539/5989/5337
f 5543/5993/5341 5542/5992/5340 5540/5990/5338
f 5539/5989/5337 5544/5994/5342 5541/5991/5339
f 5542/5992/5340 5544/5994/5342 5539/5989/5337
f 5543/5993/5341 5545/5995/5343 5542/5992/5340
f 5546/5996/5344 5545/5995/5343 5543/5993/5341
f 5542/5992/5340 5547/5997/5345 5544/5994/5342
f 5545/5995/5343 5547/5997/5345 5542/5992/5340
f 5546/5996/5344 5548/5998/5346 5545/5995/5343
f 5549/5999/5347 5548/5998/5346 5546/5996/5344
f 5545/5995/5343 5550/6000/5348 5547/5997/5345
f 5548/5998/5346 5550/6000/5348 5545/5995/5343
f 5549/5999/5347 5551/6001/5349 5548/5998/5346
f 5552/6002/5350 5551/6001/5349 5549/5999/5347
f 5548/5998/5346 5553/6003/5351 5550/6000/5348
f 5551/6001/5349 5553/6003/5351 5548/5998/5346
f 5552/6002/5350 5554/6004/5352 5551/6001/5349
f 5555/6005/5353 5554/6004/5352 5552/6002/5350
f 5551/6001/5349 5556/6006/5354 5553/6003/5351
f 5554/6004/5352 5556/6006/5354 5551/6001/5349
f 5555/6005/5353 5557/6007/5355 5554/6004/5352
f 5558/6008/5356 5557/6007/5355 5555/6005/5353
f 5554/6004/5352 5559/6009/5357 5556/6006/5354
f 5557/6007/5355 5559/6009/5357 5554/6004/5352
f 5558/6008/5356 5560/6010/5358 5557/6007/5355
f 5561/6011/5359 5560/6010/5358 5558/6008/5356
f 5557/6007/5355 5562/6012/5360 5559/6009/5357
f 5560/6010/5358 5562/6012/5360 5557/6007/5355
f 5561/6011/5359 5563/6013/5361 5560/6010/5358
f 5564/6014/5362 5563/6013/5361 5561/6011/5359
f 5560/6010/5358 5565/6015/5363 5562/6012/5360
f 5563/6013/5361 5565/6015/5363 5560/6010/5358
f 5564/6014/5362 5566/6016/5364 5563/6013/5361
f 5567/6017/5365 5566/6016/5364 5564/6014/5362
f 5563/6013/5361 5568/6018/5366 5565/6015/5363
f 5566/6016/5364 5568/6018/5366 5563/6013/5361
f 5567/6017/5365 5569/6019/5367 5566/6016/5364
f 5570/6020/5368 5569/6019/5367 5567/6017/5365
f 5566/6016/5364 5571/6021/5369 5568/6018/5366
f 5569/6019/5367 5571/6021/5369 5566/6016/5364
f 5570/6020/5368 5572/6022/5370 5569/6019/5367
f 5573/6023/5371 5572/6022/5370 5570/6020/5368
f 5569/6019/5367 5574/6024/5372 5571/6021/5369
f 5572/6022/5370 5574/6024/5372 5569/6019/5367
f 5573/6023/5371 5575/6025/5373 5572/6022/5370
f 5576/6026/5374 5575/6025/5373 5573/6023/5371
f 5572/6022/5370 5577/6027/5375 5574/6024/5372
f 5575/6025/5373 5577/6027/5375 5572/6022/5370
f 5576/6026/5374 5578/6028/5376 5575/6025/5373
f 5579/6029/5377 5578/6028/5376 5576/6026/5374
f 5575/6025/5373 5580/6030/5378 5577/6027/5375
f 5578/6028/5376 5580/6030/5378 5575/6025/5373
f 5579/6029/5377 5581/6031/5379 5578/6028/5376
f 5582/6032/5380 5581/6031/5379 5579/6029/5377
f 5578/6028/5376 5583/6033/5381 5580/6030/5378
f 5581/6031/5379 5583/6033/5381 5578/6028/5376
f 5582/6032/5380 5584/6034/5382 5581/6031/5379
f 5450/5900/5251 5584/6034/5382 5582/6032/5380
f 5450/5900/5251 5449/5899/5250 5584/6034/5382
f 5581/6031/5379 5585/6035/5383 5583/6033/5381
f 5584/6034/5382 5585/6035/5383 5581/6031/5379
f 5449/5899/5250 5586/6036/5384 5584/6034/5382
f 5584/6034/5382 5586/6036/5384 5585/6035/5383
f 5449/5899/5250 5587/6037/5385 5586/6036/5384
f 5445/5895/5246 5587/6037/5385 5449/5899/5250
f 5445/5895/5246 5453/5903/5254 5587/6037/5385
f 5586/6036/5384 5588/6038/5386 5585/6035/5383
f 5586/6036/5384 5587/6037/5385 5588/6038/5386
f 5583/6033/5381 5585/6035/5383 5588/6038/5386
f 5453/5903/5254 5588/6038/5386 5587/6037/5385
f 5583/6033/5381 5588/6038/5386 5580/6030/5378
f 5577/6027/5375 5580/6030/5378 5588/6038/5386
f 5577/6027/5375 5588/6038/5386 5574/6024/5372
f 5571/6021/5369 5574/6024/5372 5588/6038/5386
f 5571/6021/5369 5588/6038/5386 5568/6018/5366
f 5565/6015/5363 5568/6018/5366 5588/6038/5386
f 5565/6015/5363 5588/6038/5386 5562/6012/5360
f 5559/6009/5357 5562/6012/5360 5588/6038/5386
f 5559/6009/5357 5588/6038/5386 5556/6006/5354
f 5553/6003/5351 5556/6006/5354 5588/6038/5386
f 5553/6003/5351 5588/6038/5386 5550/6000/5348
f 5547/5997/5345 5550/6000/5348 5588/6038/5386
f 5547/5997/5345 5588/6038/5386 5544/5994/5342
f 5541/5991/5339 5544/5994/5342 5588/6038/5386
f 5541/5991/5339 5588/6038/5386 5538/5988/5336
f 5535/5985/266 5538/5988/5336 5588/6038/5386
f 5535/5985/266 5588/6038/5386 5532/5982/5331
f 5529/5979/5328 5532/5982/5331 5588/6038/5386
f 5529/5979/5328 5588/6038/5386 5526/5976/5325
f 5523/5973/5322 5526/5976/5325 5588/6038/5386
f 5523/5973/5322 5588/6038/5386 5520/5970/5319
f 5517/5967/5316 5520/5970/5319 5588/6038/5386
f 5517/5967/5316 5588/6038/5386 5514/5964/5313
f 5511/5961/5310 5514/5964/5313 5588/6038/5386
f 5511/5961/5310 5588/6038/5386 5508/5958/5307
f 5505/5955/5304 5508/5958/5307 5588/6038/5386
f 5505/5955/5304 5588/6038/5386 5502/5952/5301
f 5499/5949/5298 5502/5952/5301 5588/6038/5386
f 5499/5949/5298 5588/6038/5386 5496/5946/5295
f 5493/5943/5292 5496/5946/5295 5588/6038/5386
f 5493/5943/5292 5588/6038/5386 5490/5940/5289
f 5487/5937/5286 5490/5940/5289 5588/6038/5386
f 5487/5937/5286 5588/6038/5386 5484/5934/5284
f 5481/5931/5282 5484/5934/5284 5588/6038/5386
f 5481/5931/5282 5588/6038/5386 5478/5928/5279
f 5475/5925/5276 5478/5928/5279 5588/6038/5386
f 5475/5925/5276 5588/6038/5386 5472/5922/5273
f 5469/5919/5270 5472/5922/5273 5588/6038/5386
f 5469/5919/5270 5588/6038/5386 5466/5916/5267
f 5463/5913/5264 5466/5916/5267 5588/6038/5386
f 5463/5913/5264 5588/6038/5386 5460/5910/5261
f 5457/5907/5258 5460/5910/5261 5588/6038/5386
f 5457/5907/5258 5588/6038/5386 5456/5906/5257
f 5453/5903/5254 5456/5906/5257 5588/6038/5386
